branch	pseudotime	cell_id
backbone 1,3,4,5	0	TAGGGTTCAATGGCAG-1
backbone 1,3,4,5	1	CAAGGGAGTAACGGTG-1
backbone 1,3,4,5	2	TCCTGCAAGACTCAAA-1
backbone 1,3,4,5	3	TTACGTTCACCAAAGG-1
backbone 1,3,4,5	4	TTTCACACATTCGATG-1
backbone 1,3,4,5	5	CACGTGGGTACTAAGA-1
backbone 1,3,4,5	6	ACATTTCGTGATAGAT-1
backbone 1,3,4,5	7	GTGAGGAAGCTAAACA-1
backbone 1,3,4,5	8	GAGGCAAAGCACGGAT-1
backbone 1,3,4,5	9	TATTCCAAGAGTGAAG-1
backbone 1,3,4,5	10	TCGAAGTAGCTCTTCC-1
backbone 1,3,4,5	11	TACGCTCAGGCCCGTT-1
backbone 1,3,4,5	12	CGTGAATCACACCTTC-1
backbone 1,3,4,5	13	CCGATCTGTGAGATCG-1
backbone 1,3,4,5	14	AGGAAATCAATGCAGG-1
backbone 1,3,4,5	15	CACCGTTTCTCGGTCT-1
backbone 1,3,4,5	16	GTGCGTGGTCAAGCCC-1
backbone 1,3,4,5	17	CCGGTGACAAGTGGTG-1
backbone 1,3,4,5	18	GTCATTTTCTCATTAC-1
backbone 1,3,4,5	19	GGTGTCGGTGCAATAA-1
backbone 1,3,4,5	20	TCGTCCAGTCGCTGCA-1
backbone 1,3,4,5	21	AACGGGAAGACATCCT-1
backbone 1,3,4,5	22	GTAGAGGTCTCCAATT-1
backbone 1,3,4,5	23	CCTCACAAGCAGCAGT-1
backbone 1,3,4,5	24	AAGTTCGCATCCTATT-1
backbone 1,3,4,5	25	CTCTCGACAGTGTGGA-1
backbone 1,3,4,5	26	AAGACAATCAGCGGAA-1
backbone 1,3,4,5	27	AAGATAGCATGGGATG-1
backbone 1,3,4,5	28	GCTGCAGTCAGTCACA-1
backbone 1,3,4,5	29	GTGAGTTCAATAACGA-1
backbone 1,3,4,5	30	TCATACTCAGGATTCT-1
backbone 1,3,4,5	31	TAATTCCCATTGCAAC-1
backbone 1,3,4,5	32	ATCACGATCATGCATG-1
backbone 1,3,4,5	33	GGAAGTGAGATTTGCC-1
backbone 1,3,4,5	34	GATCAGTAGTAAGAGG-1
backbone 1,3,4,5	35	GCGTTTCCATGAAGCG-1
backbone 1,3,4,5	36	TGGGCTGTCCACATAG-1
backbone 1,3,4,5	37	CTCAGGGCAAGAGAGA-1
backbone 1,3,4,5	38	GCCGATGGTCCTCCTA-1
backbone 1,3,4,5	39	GTCGTTCTCGAGCACC-1
backbone 1,3,4,5	40	TCACTCGCACCAGTTA-1
backbone 1,3,4,5	41	TCATCCGCAGGACATG-1
backbone 1,3,4,5	42	TGGTGATGTACACGTT-1
backbone 1,3,4,5	43	CACGTGGGTGACTATC-1
backbone 1,3,4,5	44	ATTGTTCAGGTGCGAT-1
backbone 1,3,4,5	45	AACAAAGAGAAGGTAG-1
backbone 1,3,4,5	46	GGTTCTCTCAAACGTC-1
backbone 1,3,4,5	47	AGATGCTGTGACGCCT-1
backbone 1,3,4,5	48	GCTTGGGCAAGAAATC-1
backbone 1,3,4,5	49	TTACCATTCACATCAG-1
backbone 1,3,4,5	50	ACTATCTCAATCGCGC-1
backbone 1,3,4,5	51	AGAGAGCGTCCAGGTC-1
backbone 1,3,4,5	52	GGGCTCAAGTGGTGAC-1
backbone 1,3,4,5	53	GAAGCCCGTAGCACAG-1
backbone 1,3,4,5	54	CAATGACGTGTAACGG-1
backbone 1,3,4,5	55	TGGTGATGTGCAATGG-1
backbone 1,3,4,5	56	CGTAAGTAGCTTCGTA-1
backbone 1,3,4,5	57	GCAGTTAAGAGGATCC-1
backbone 1,3,4,5	58	ACCCAAAGTCCAAAGG-1
backbone 1,3,4,5	59	CTTCCGACATGGGATG-1
backbone 1,3,4,5	60	CTGCCTACACTTACAG-1
backbone 1,3,4,5	61	CTCCTCCGTCGGTGTC-1
backbone 1,3,4,5	62	GACTTCCCAGTGGTGA-1
backbone 1,3,4,5	63	CCACTTGTCCGCAAAT-1
backbone 1,3,4,5	64	CGTAGTATCACCATGA-1
backbone 1,3,4,5	65	CATGAGTGTGGGTATG-1
backbone 1,3,4,5	66	GCCCGAACAGACGATG-1
backbone 1,3,4,5	67	GACTATGTCACGAACT-1
backbone 1,3,4,5	68	TTTACCAAGCGGTAAC-1
backbone 1,3,4,5	69	GGGTATTGTAAGGCCA-1
backbone 1,3,4,5	70	GGGACCTAGGTTCCAT-1
backbone 1,3,4,5	71	GTGAGGATCATCACTT-1
backbone 1,3,4,5	72	TACGGGCCACTGATTG-1
backbone 1,3,4,5	73	CTCAATTTCGGAAGGT-1
backbone 1,3,4,5	74	CTCTGGTTCTGAGAAA-1
backbone 1,3,4,5	75	CCACCATGTTACCGTA-1
backbone 1,3,4,5	76	GATTCGAGTCACTAGT-1
backbone 1,3,4,5	77	CATCCCACAGCACCCA-1
backbone 1,3,4,5	78	TGTTTGTGTCGAGCAA-1
backbone 1,3,4,5	79	TCAGGTAAGCAGCACA-1
backbone 1,3,4,5	80	ACACAGTCAACTCGTA-1
backbone 1,3,4,5	81	CATTCCGTCGAAACAA-1
backbone 1,3,4,5	82	GTCATCCGTAACGTTC-1
backbone 1,3,4,5	83	AGGAAATTCGTTCATT-1
backbone 1,3,4,5	84	TTTAGTCAGCTCGGCT-1
backbone 1,3,4,5	85	TGAATGCAGCTCTGTA-1
backbone 1,3,4,5	86	CCTGCATAGACGAGCT-1
backbone 1,3,4,5	87	ATTCCTACATTCGATG-1
backbone 1,3,4,5	88	AGCGTCGCAGCACGAA-1
backbone 1,3,4,5	89	CAAGCTATCGTCAAAC-1
backbone 1,3,4,5	90	ATTTACCGTCGATGCC-1
backbone 1,3,4,5	91	TTTGACTCAACGTAAA-1
backbone 1,3,4,5	92	AAGTTCGCAATCCAGT-1
backbone 1,3,4,5	93	CATCCGTCACTACCCT-1
backbone 1,3,4,5	94	GAATAGAGTCACTTAG-1
backbone 1,3,4,5	95	TAGACCAAGTGTACAA-1
backbone 1,3,4,5	96	ACACCAAAGGTCCCGT-1
backbone 1,3,4,5	97	TCTGTCGGTCACCTTC-1
backbone 1,3,4,5	98	TTTCCTCTCAATCAGC-1
backbone 1,3,4,5	99	GAAGGGTCACGGATCC-1
backbone 1,3,4,5	100	TGTTCCGCAGGCGAAT-1
backbone 1,3,4,5	101	AAGCGTTTCCAAGCTA-1
backbone 1,3,4,5	102	TCACGGGTCTCATTTG-1
backbone 1,3,4,5	103	GTAGGTTGTAAGAACT-1
backbone 1,3,4,5	104	CTACGGGAGAAGGTAG-1
backbone 1,3,4,5	105	TCCCACATCTCGTGAA-1
backbone 1,3,4,5	106	AGGAATAGTGTGCCTG-1
backbone 1,3,4,5	107	ATGGTTGCACTTTATC-1
backbone 1,3,4,5	108	TACCCACGTAAGTAGT-1
backbone 1,3,4,5	109	AGGATAATCCCTCTTT-1
backbone 1,3,4,5	110	CTCTGGTCACTATCCC-1
backbone 1,3,4,5	111	GAAGGACCATTGGATC-1
backbone 1,3,4,5	112	CTCAGTCCACTGAATC-1
backbone 1,3,4,5	113	CTGAGGCAGCGTATAA-1
backbone 1,3,4,5	114	AGGAATACATGCCATA-1
backbone 1,3,4,5	115	TAGGTACCAACAGAGC-1
backbone 1,3,4,5	116	ACTACGATCTTCACAT-1
backbone 1,3,4,5	117	CATACTTTCACCATAG-1
backbone 1,3,4,5	118	GCCATTCGTAGAGACC-1
backbone 1,3,4,5	119	AGACTCATCATTTGCT-1
backbone 1,3,4,5	120	GATTGGTTCAGCGCAC-1
backbone 1,3,4,5	121	AAGGAATTCCGGCTTT-1
backbone 1,3,4,5	122	TGTCCACAGAATCGAT-1
backbone 1,3,4,5	123	ACACGCGCAGATCACT-1
backbone 1,3,4,5	124	ACTTCGCGTGAGAGGG-1
backbone 1,3,4,5	125	GATGACTAGCTAAATG-1
backbone 1,3,4,5	126	TCCCATGTCAGACCGC-1
backbone 1,3,4,5	127	TCATATCGTGCCGAAA-1
backbone 1,3,4,5	128	GCTGCAGGTCACATTG-1
backbone 1,3,4,5	129	GTTCATTAGGCACAAC-1
backbone 1,3,4,5	130	TCACAAGTCCAACACA-1
backbone 1,3,4,5	131	TGACAGTGTCCTACGG-1
backbone 1,3,4,5	132	TGCTGAATCTTGCAAG-1
backbone 1,3,4,5	133	CTGTACCCACCACATA-1
backbone 1,3,4,5	134	TCACTCGTCGCCACTT-1
backbone 1,3,4,5	135	ATGAAAGGTCCAAATC-1
backbone 1,3,4,5	136	GTCTCACGTCCTCAGG-1
backbone 1,3,4,5	137	TTGGTTTGTTGTCATG-1
backbone 1,3,4,5	138	CCCAACTCACGCTGCA-1
backbone 1,3,4,5	139	TGGAACTCAGAATCGG-1
backbone 1,3,4,5	140	TGCGGCATCATTCGTT-1
backbone 1,3,4,5	141	ACCTGTCAGGCGTCCT-1
backbone 1,3,4,5	142	GTCCACTTCCGGGACT-1
backbone 1,3,4,5	143	CGACAGCCATTGTCGA-1
backbone 1,3,4,5	144	TCTCTGGCAAACACCT-1
backbone 1,3,4,5	145	GAGGCAAGTGGGTCAA-1
backbone 1,3,4,5	146	CAACCAATCATTGCTT-1
backbone 1,3,4,5	147	GATGCTAAGCTTTCCC-1
backbone 1,3,4,5	148	GGGACTCTCACCTTGC-1
backbone 1,3,4,5	149	ACGATGTAGGGACTGT-1
backbone 1,3,4,5	150	ATCACGATCTTCGGAA-1
backbone 1,3,4,5	151	GAAGCCCTCCTGTAAG-1
backbone 1,3,4,5	152	GTCTCACGTGGTCAAG-1
backbone 1,3,4,5	153	CCAATTTGTCAGATTC-1
backbone 1,3,4,5	154	GTTTACTGTCTCGCGA-1
backbone 1,3,4,5	155	GCCAACGTCCAAGGGA-1
backbone 1,3,4,5	156	ACGGAAGCAAGGTACG-1
backbone 1,3,4,5	157	CAGGGCTCATACAGCT-1
backbone 1,3,4,5	158	TCATTACTCATATGGC-1
backbone 1,3,4,5	159	GTCACGGCACAAGGTG-1
backbone 1,3,4,5	160	GTTCTATTCTCTGAGA-1
backbone 1,3,4,5	161	CCTAAGAAGTAAACGT-1
backbone 1,3,4,5	162	GACCGTGAGTAGGCCA-1
backbone 1,3,4,5	163	TTCCTCTCACGCCACA-1
backbone 1,3,4,5	164	CCAATTTCATTCTTCA-1
backbone 1,3,4,5	165	AAGACTCTCATTTGGG-1
backbone 1,3,4,5	166	GGGCTACGTTGACTGT-1
backbone 1,3,4,5	167	CATACCCAGTAGCATA-1
backbone 1,3,4,5	168	GATCAGTTCCGCAGTG-1
backbone 1,3,4,5	169	ACGGGTCGTGACTGTT-1
backbone 1,3,4,5	170	ATGAGTCAGTAAGCAT-1
backbone 1,3,4,5	171	TGTGTGAAGGACCCAA-1
backbone 1,3,4,5	172	TACCGGGGTTGTGTTG-1
backbone 1,3,4,5	173	GAGACCCAGAACTTCC-1
backbone 1,3,4,5	174	TTCGGTCGTAACGTTC-1
backbone 1,3,4,5	175	CCGAACGTCAGTCAGT-1
backbone 1,3,4,5	176	TATTTCGTCTGTAAGC-1
backbone 1,3,4,5	177	CGTAAGTAGGTAGCAC-1
backbone 1,3,4,5	178	GCCCAGAAGAGCTGAC-1
backbone 1,3,4,5	179	TTCTCTCGTGTTGATC-1
backbone 1,3,4,5	180	AACGAAAAGTGTAGTA-1
backbone 1,3,4,5	181	TAACTTCGTTCACGAT-1
backbone 1,3,4,5	182	CGAAGTTCACATTACG-1
backbone 1,3,4,5	183	CGATCGGAGCATAGGC-1
backbone 1,3,4,5	184	TGCCGAGTCGAGAGAC-1
backbone 1,3,4,5	185	TCCGTGTCAATCTCTT-1
backbone 1,3,4,5	186	TATCTTGAGAGTTCGG-1
backbone 1,3,4,5	187	TGAGCATGTACAGAAT-1
backbone 1,3,4,5	188	TGTGTGAAGGTCGACA-1
backbone 1,3,4,5	189	TCGGTCTGTATCAAGA-1
backbone 1,3,4,5	190	TCTATACCACTCATAG-1
backbone 1,3,4,5	191	TTTGTTGTCTCCGAAA-1
backbone 1,3,4,5	192	GTGGGAATCAGTGGGA-1
backbone 1,3,4,5	193	GAGGGATTCGGTAACT-1
backbone 1,3,4,5	194	GACCCAGCAGAGCTAG-1
backbone 1,3,4,5	195	TTTACGTAGCTGCCAC-1
backbone 1,3,4,5	196	GATCATGAGAAGTCCG-1
backbone 1,3,4,5	197	CCCTAACAGAGTCAAT-1
backbone 1,3,4,5	198	ATGCGATAGTGGAATT-1
backbone 1,3,4,5	199	TCGCACTCAACGAGGT-1
backbone 1,3,4,5	200	TTGGGCGGTATGCGTT-1
backbone 1,3,4,5	201	ACCCTTGTCGGCAGTC-1
backbone 1,3,4,5	202	AGATAGAAGGGATCGT-1
backbone 1,3,4,5	203	CTGGTCTGTCAACATC-1
backbone 1,3,4,5	204	AGACAGGGTTCGGTAT-1
backbone 1,3,4,5	205	CTCCTTTTCCTACCAC-1
backbone 1,3,4,5	206	TGTTGGACACTTCAAG-1
backbone 1,3,4,5	207	GTTGTAGAGCGTGAAC-1
backbone 1,3,4,5	208	CCTATCGTCTAGACAC-1
backbone 1,3,4,5	209	CATTTCAAGCGCCATC-1
backbone 1,3,4,5	210	GCGTTTCCATATGGCT-1
backbone 1,3,4,5	211	TCGACGGAGTATGTAG-1
backbone 1,3,4,5	212	GAAGTAATCCCGATCT-1
backbone 1,3,4,5	213	CGTGTCTCAGCACAGA-1
backbone 1,3,4,5	214	TCATTGTGTTCCAAAC-1
backbone 1,3,4,5	215	AACTTCTTCTCCGCAT-1
backbone 1,3,4,5	216	GCTGGGTTCATTTGTC-1
backbone 1,3,4,5	217	ATCACAGTCGTAGAGG-1
backbone 1,3,4,5	218	TACCTCGTCAGCAGAG-1
backbone 1,3,4,5	219	GTTGAACTCCGTGGGT-1
backbone 1,3,4,5	220	GAGACCCAGACCTCCG-1
backbone 1,3,4,5	221	CTCCTTTTCGCTCTAC-1
backbone 1,3,4,5	222	TTACAGGAGGTTATAG-1
backbone 1,3,4,5	223	CGATGGCTCAGTGGGA-1
backbone 1,3,4,5	224	CACTGGGAGCCGATTT-1
backbone 1,3,4,5	225	TACCGAACAATTCACG-1
backbone 1,3,4,5	226	TTCCTTCGTCCACACG-1
backbone 1,3,4,5	227	TGTAGACTCGTGCAGC-1
backbone 1,3,4,5	228	ACGATGTCATCGTGGC-1
backbone 1,3,4,5	229	ACGTAACCAGCCATTA-1
backbone 1,3,4,5	230	TATTGCTAGTCGTTAC-1
backbone 1,3,4,5	231	TATATCCAGCTTTCCC-1
backbone 1,3,4,5	232	TCGTGCTAGTATGGAT-1
backbone 1,3,4,5	233	GACGTTAAGGCTTAGG-1
backbone 1,3,4,5	234	TCCATGCGTACAAGCG-1
backbone 1,3,4,5	235	TCTACCGAGATTCGAA-1
backbone 1,3,4,5	236	CAAAGAAAGCAGTACG-1
backbone 1,3,4,5	237	GAGCTGCGTCCAGCGT-1
backbone 1,3,4,5	238	AAGATAGCAAGTCATC-1
backbone 1,3,4,5	239	AGTCAACAGAGTACCG-1
backbone 1,3,4,5	240	AACCTGATCAGTAGGG-1
backbone 1,3,4,5	241	TTACTGTGTAACGGTG-1
backbone 1,3,4,5	242	TGAACGTGTGAGCCAA-1
backbone 1,3,4,5	243	CAATCGATCACTGGTA-1
backbone 1,3,4,5	244	GGGTGTCAGGTAAACT-1
backbone 1,3,4,5	245	GAAGTAAGTACTCGAT-1
backbone 1,3,4,5	246	ATGCATGCAACCGTGC-1
backbone 1,3,4,5	247	TCAGCCTAGCTCGAAG-1
backbone 1,3,4,5	248	TCTAACTTCATACGGT-1
backbone 1,3,4,5	249	CAGGCCAAGGAAAGTG-1
backbone 1,3,4,5	250	GGGTATTTCCTCACGT-1
backbone 1,3,4,5	251	ATGGGAGTCCCAGTGG-1
backbone 1,3,4,5	252	GTCTAGAGTGAGTTGG-1
backbone 1,3,4,5	253	TGCTTGCGTTTCACTT-1
backbone 1,3,4,5	254	GTAACCAGTTAGAAGT-1
backbone 1,3,4,5	255	GATCCCTAGGAAACGA-1
backbone 1,3,4,5	256	TGCACGGCATCACCAA-1
backbone 1,3,4,5	257	TTCATTGTCAGAGTTC-1
backbone 1,3,4,5	258	CTCTCAGAGTGACACG-1
backbone 1,3,4,5	259	CTGCTCACAGTCGCAC-1
backbone 1,3,4,5	260	GCTACAATCCCATGGG-1
backbone 1,3,4,5	261	AGGACGAAGCGCCTCA-1
backbone 1,3,4,5	262	TCTACCGCAGGTTTAC-1
backbone 1,3,4,5	263	TGCGGCATCAACCCGG-1
backbone 1,3,4,5	264	TGGGCGTTCTTTGCTA-1
backbone 1,3,4,5	265	AAGAACATCATAGCAC-1
backbone 1,3,4,5	266	CTACAGATCCTGTACC-1
backbone 1,3,4,5	267	CTGCATCAGCGAGGAG-1
backbone 1,3,4,5	268	CGTAATGTCCGATTAG-1
backbone 1,3,4,5	269	TTCCGGTCACTCACTC-1
backbone 1,3,4,5	270	GATCAGTGTTGGTGTT-1
backbone 1,3,4,5	271	GAGTTTGCAAGTGGTG-1
backbone 1,3,4,5	272	TGTGAGTAGTCGCGAA-1
backbone 1,3,4,5	273	GTGATGTAGGGCAGAG-1
backbone 1,3,4,5	274	ATACTTCAGGCCTTGC-1
backbone 1,3,4,5	275	AAACGAACAATTCTCT-1
backbone 1,3,4,5	276	ACCTGTCGTATCCTTT-1
backbone 1,3,4,5	277	CGTAAGTTCCGATGCG-1
backbone 1,3,4,5	278	GATTCGACACTAACCA-1
backbone 1,3,4,5	279	GCCAGGTCACGAGGTA-1
backbone 1,3,4,5	280	CATCAAGAGACGGAAA-1
backbone 1,3,4,5	281	CCTCCAAAGTCTGCGC-1
backbone 1,3,4,5	282	ATCTTCAGTGTTCAGT-1
backbone 1,3,4,5	283	GCTCAAACAGTTGCGC-1
backbone 1,3,4,5	284	TCTGTCGGTACAAACA-1
backbone 1,3,4,5	285	GGAGGTAGTCGCAGTC-1
backbone 1,3,4,5	286	CCCAACTTCGCTTTAT-1
backbone 1,3,4,5	287	AGTAACCGTTGAGGAC-1
backbone 1,3,4,5	288	TGGGTTATCCGAAATC-1
backbone 1,3,4,5	289	AGCCACGCATGGTGGA-1
backbone 1,3,4,5	290	TCTTTGACATGGTGGA-1
backbone 1,3,4,5	291	AGTACTGCAAGCCATT-1
backbone 1,3,4,5	292	CATTGTTCATACCATG-1
backbone 1,3,4,5	293	TCCGTGTTCACTCCGT-1
backbone 1,3,4,5	294	AGTAACCCAAATGAAC-1
backbone 1,3,4,5	295	TCATTACCAAGTCCAT-1
backbone 1,3,4,5	296	GAGTTTGCATCGTTCC-1
backbone 1,3,4,5	297	ATGGAGGAGCCTTTGA-1
backbone 1,3,4,5	298	CAACAGTTCCGAAATC-1
backbone 1,3,4,5	299	TGCAGTAAGTTCCGTA-1
backbone 1,3,4,5	300	AGGAAATCAGAGTTGG-1
backbone 1,3,4,5	301	AAGTGAATCTGGGCCA-1
backbone 1,3,4,5	302	GACCTTCAGAAAGCGA-1
backbone 1,3,4,5	303	CGAGAAGCATAGATCC-1
backbone 1,3,4,5	304	GACCAATAGAAGCCAC-1
backbone 1,3,4,5	305	CGCATGGAGCGATGAC-1
backbone 1,3,4,5	306	AACGGGAGTTCCCAAA-1
backbone 1,3,4,5	307	TAGGTTGTCTACCTTA-1
backbone 1,3,4,5	308	AGATCCAAGGCTAACG-1
backbone 1,3,4,5	309	CATGCAAGTCTCACGG-1
backbone 1,3,4,5	310	CTGTCGTAGGTTGGTG-1
backbone 1,3,4,5	311	TTAGTCTTCAGACCTA-1
backbone 1,3,4,5	312	GAGGCAACAATACGAA-1
backbone 1,3,4,5	313	AATGACCAGGACTTCT-1
backbone 1,3,4,5	314	GCGAGAAAGGCAGGGA-1
backbone 1,3,4,5	315	AGTCACAAGCGGTATG-1
backbone 1,3,4,5	316	TCATCATAGATGCTAA-1
backbone 1,3,4,5	317	ATTCGTTCACATGAAA-1
backbone 1,3,4,5	318	AACCTTTGTAACAGGC-1
backbone 1,3,4,5	319	GGAGATGAGGCCTAAG-1
backbone 1,3,4,5	320	TGAACGTGTTGTCAGT-1
backbone 1,3,4,5	321	GTATTGGAGCCTCTGG-1
backbone 1,3,4,5	322	GCATTAGAGGCACCAA-1
backbone 1,3,4,5	323	GGGATGAGTCCTGGGT-1
backbone 1,3,4,5	324	GAGTTTGAGGCCCGTT-1
backbone 1,3,4,5	325	GAACTGTGTCCACATA-1
backbone 1,3,4,5	326	TGAGCGCCAGCTATTG-1
backbone 1,3,4,5	327	GAATCACGTCATAGTC-1
backbone 1,3,4,5	328	GGCTGTGCACGACTAT-1
backbone 1,3,4,5	329	AGGAAATAGCCTATTG-1
backbone 1,3,4,5	330	GAGACCCAGTGGTGGT-1
backbone 1,3,4,5	331	GTCATTTCACTAACGT-1
backbone 1,3,4,5	332	GTCGTTCCACTGAGGA-1
backbone 1,3,4,5	333	TCGGGCATCCTGTACC-1
backbone 1,3,4,5	334	CACATGACACCAACAT-1
backbone 1,3,4,5	335	TCGGGCACAGCGGTCT-1
backbone 1,3,4,5	336	TACAACGTCCTAGCCT-1
backbone 1,3,4,5	337	TGTTCCGCAGGAACCA-1
backbone 1,3,4,5	338	TGCTTCGAGACGGAAA-1
backbone 1,3,4,5	339	GGTGTTAAGGCGACAT-1
backbone 1,3,4,5	340	TAGGTACTCATTACTC-1
backbone 1,3,4,5	341	ACTCCCATCGCTCCTA-1
backbone 1,3,4,5	342	CACAACACAGCTATAC-1
backbone 1,3,4,5	343	CTACAGACACGTCATA-1
backbone 1,3,4,5	344	TAGGAGGTCGGACAAG-1
backbone 1,3,4,5	345	GGGAAGTGTGGCCACT-1
backbone 1,3,4,5	346	CGTTAGAGTCGTACTA-1
backbone 1,3,4,5	347	GTGCTGGAGCGAGTCA-1
backbone 1,3,4,5	348	CCGTGAGGTCTCCTGT-1
backbone 1,3,4,5	349	TTGGTTTTCTTGAACG-1
backbone 1,3,4,5	350	CGGACACGTGATGAAT-1
backbone 1,3,4,5	351	TCAGTCCCAATACGAA-1
backbone 1,3,4,5	352	GATGTTGAGCACTAAA-1
backbone 1,3,4,5	353	TTGTTGTCAGCAGACA-1
backbone 1,3,4,5	354	TGGTACAGTGCGCTCA-1
backbone 1,3,4,5	355	CAGGCCAAGTGATAAC-1
backbone 1,3,4,5	356	CACCGTTAGTAGACCG-1
backbone 1,3,4,5	357	GAGGGATCAAATCAAG-1
backbone 1,3,4,5	358	ATCGGATAGCTGACTT-1
backbone 1,3,4,5	359	CTTACCGAGGCCACTC-1
backbone 1,3,4,5	360	GAGCTGCAGAACGTGC-1
backbone 1,3,4,5	361	GGGTATTCAAATAAGC-1
backbone 1,3,4,5	362	GCTACAAAGAGCAAGA-1
backbone 1,3,4,5	363	CTGTCGTAGTTTGGCT-1
backbone 1,3,4,5	364	ATCGGCGAGGACAGTC-1
backbone 1,3,4,5	365	TATTCCACATCCTCAC-1
backbone 1,3,4,5	366	TGCGGGTCATCTCGTC-1
backbone 1,3,4,5	367	TCAGGGCGTTCGGTTA-1
backbone 1,3,4,5	368	TATGTTCTCTGACGCG-1
backbone 1,3,4,5	369	AGCTCAAAGGGTATAT-1
backbone 1,3,4,5	370	CATGCCTAGTACTGTC-1
backbone 1,3,4,5	371	CACGTTCCAGCACCCA-1
backbone 1,3,4,5	372	CCACGAGTCGGAGTAG-1
backbone 1,3,4,5	373	GTAGTACAGCGTTCCG-1
backbone 1,3,4,5	374	CAGCAATTCTTCTGTA-1
backbone 1,3,4,5	375	AGAGAATCAGACACCC-1
backbone 1,3,4,5	376	GTTACGATCTGAACGT-1
backbone 1,3,4,5	377	CTATAGGCACCTCTAC-1
backbone 1,3,4,5	378	AACGTCATCACCTTAT-1
backbone 1,3,4,5	379	ACTGCAAAGACGAAGA-1
backbone 1,3,4,5	380	TGAACGTAGTTGGCTT-1
backbone 1,3,4,5	381	CTTAGGAGTTGTGGCC-1
backbone 1,3,4,5	382	ACATTTCCACACTGGC-1
backbone 1,3,4,5	383	TTCATGTTCGCTATTT-1
backbone 1,3,4,5	384	CAGCCAGAGATTACCC-1
backbone 1,3,4,5	385	AGTAGTCCACTCCTGT-1
backbone 1,3,4,5	386	AGATCGTCACTGGCGT-1
backbone 1,3,4,5	387	GATGAGGCAAACTCGT-1
backbone 1,3,4,5	388	TGAGGTTGTTAGAAAC-1
backbone 1,3,4,5	389	CGTGCTTCACAGACGA-1
backbone 1,3,4,5	390	TTCTAGTAGAGGATGA-1
backbone 1,3,4,5	391	ACCAAACGTCAAATCC-1
backbone 1,3,4,5	392	CAACCAACACTAACGT-1
backbone 1,3,4,5	393	AGAACAACAGATCACT-1
backbone 1,3,4,5	394	GTTACGACATACGCAT-1
backbone 1,3,4,5	395	TCCTGCATCGACCAAT-1
backbone 1,3,4,5	396	TTTCGATAGCAAGTGC-1
backbone 1,3,4,5	397	GATGAGGTCCATTTCA-1
backbone 1,3,4,5	398	TCCCATGGTTCTCCTG-1
backbone 1,3,4,5	399	TCATTCACAGTTGTTG-1
backbone 1,3,4,5	400	TACTTGTAGCATCAGG-1
backbone 1,3,4,5	401	TCTCTGGTCCCGAACG-1
backbone 1,3,4,5	402	GGCGTCATCGTCGCTT-1
backbone 1,3,4,5	403	CCCTCAATCACACCCT-1
backbone 1,3,4,5	404	TTGGGTAAGCTGAAGC-1
backbone 1,3,4,5	405	CTGTAGAGTGACATCT-1
backbone 1,3,4,5	406	AAACCCAGTATTAAGG-1
backbone 1,3,4,5	407	GATCATGCAAGACTGG-1
backbone 1,3,4,5	408	AGATCGTTCGGATAAA-1
backbone 1,3,4,5	409	AACGTCATCTGGTGCG-1
backbone 1,3,4,5	410	ATCCTATGTGTTAGCT-1
backbone 1,3,4,5	411	AAGCCATTCCACCTGT-1
backbone 1,3,4,5	412	GGAATCTAGATGCGAC-1
backbone 1,3,4,5	413	CTATCTATCTTTCGAT-1
backbone 1,3,4,5	414	TGATCAGCAGGGTCTC-1
backbone 1,3,4,5	415	TCATCATAGGCAGTCA-1
backbone 1,3,4,5	416	GTAATCGTCGGCGATC-1
backbone 1,3,4,5	417	AGAGAGCAGACATGCG-1
backbone 1,3,4,5	418	ATTCCTATCAACCGAT-1
backbone 1,3,4,5	419	CATGCCTTCAGCGGAA-1
backbone 1,3,4,5	420	GGAGGTAAGAATTTGG-1
backbone 1,3,4,5	421	ACCATTTTCATCTCTA-1
backbone 1,3,4,5	422	GCGTTTCAGAGCAGCT-1
backbone 1,3,4,5	423	GGTTCTCTCATCAGTG-1
backbone 1,3,4,5	424	AGCGTATGTTGAAGTA-1
backbone 1,3,4,5	425	TCGCACTTCCAACACA-1
backbone 1,3,4,5	426	GACATCATCCCTTGGT-1
backbone 1,3,4,5	427	CTTTCGGTCGCGTGCA-1
backbone 1,3,4,5	428	CGTTGGGGTACAGAAT-1
backbone 1,3,4,5	429	TTCCTCTGTGTGTCCG-1
backbone 1,3,4,5	430	TCGTAGAAGATGTAGT-1
backbone 1,3,4,5	431	TCGGTCTCATGGTGGA-1
backbone 1,3,4,5	432	AATGAAGAGTTGGGAC-1
backbone 1,3,4,5	433	AACGTCAGTCTGTAGT-1
backbone 1,3,4,5	434	CATACTTAGCGTCAAG-1
backbone 1,3,4,5	435	TCAATTCCACTGAATC-1
backbone 1,3,4,5	436	AAGACAAAGACGGATC-1
backbone 1,3,4,5	437	TTTGGAGGTCATGACT-1
backbone 1,3,4,5	438	CTACCCAAGAACTGAT-1
backbone 1,3,4,5	439	TCACTCGGTTGTTGAC-1
backbone 1,3,4,5	440	AGCTACAAGGATATAC-1
backbone 1,3,4,5	441	CGAATTGTCATTGCTT-1
backbone 1,3,4,5	442	ATAGAGAGTATGTCCA-1
backbone 1,3,4,5	443	CCTGCATTCTGCTAGA-1
backbone 1,3,4,5	444	CTAGACACACGGCTAC-1
backbone 1,3,4,5	445	ATCTCTATCTAGGAAA-1
backbone 1,3,4,5	446	GTTGTCCAGGGTTAAT-1
backbone 1,3,4,5	447	GTAGAAAAGAGCTTTC-1
backbone 1,3,4,5	448	TCCTCGAAGAGGCGTT-1
backbone 1,3,4,5	449	GCATGATGTGTTAGCT-1
backbone 1,3,4,5	450	TGGATCAAGCATAGGC-1
backbone 1,3,4,5	451	GTCGCGAGTCTTCAAG-1
backbone 1,3,4,5	452	GTATTTCGTCGCTTGG-1
backbone 1,3,4,5	453	GTTATGGAGGTGCAGT-1
backbone 1,3,4,5	454	TCCAGAAGTCGTGGTC-1
backbone 1,3,4,5	455	TCATGAGCATTGTCGA-1
backbone 1,3,4,5	456	AAAGAACAGACGCATG-1
backbone 1,3,4,5	457	TGTAACGGTACGATGG-1
backbone 1,3,4,5	458	TCGTAGACAATTGCTG-1
backbone 1,3,4,5	459	AGTAACCGTTAGAAGT-1
backbone 1,3,4,5	460	CATAGACTCTGAGGCC-1
backbone 1,3,4,5	461	CGGAACCTCTATCGGA-1
backbone 1,3,4,5	462	GTCGAATGTTGTGGAG-1
backbone 1,3,4,5	463	GGAGGATCAGATTCGT-1
backbone 1,3,4,5	464	ACCCAAAGTGTCCGGT-1
backbone 1,3,4,5	465	ATTTCTGCAAACGGCA-1
backbone 1,3,4,5	466	TCCACGTCATGTTCGA-1
backbone 1,3,4,5	467	CAATTTCTCTTCTGTA-1
backbone 1,3,4,5	468	CACAGGCTCTCTATGT-1
backbone 1,3,4,5	469	TATGTTCTCGAACACT-1
backbone 1,3,4,5	470	TGCATCCGTTCGTAAC-1
backbone 1,3,4,5	471	TGCTTCGTCATCTCTA-1
backbone 1,3,4,5	472	CATTCATCAACCAACT-1
backbone 1,3,4,5	473	GGGAAGTAGGGAGTGG-1
backbone 1,3,4,5	474	GTATTGGGTACGACAG-1
backbone 1,3,4,5	475	CGAGAAGGTCAGTCGC-1
backbone 1,3,4,5	476	CATCGGGTCCCGAAAT-1
backbone 1,3,4,5	477	GTCTCACCAACAGATA-1
backbone 1,3,4,5	478	ACTGATGGTAGACAAT-1
backbone 1,3,4,5	479	CATGCGGTCTTCGCTG-1
backbone 1,3,4,5	480	CCGGTAGTCCACACAA-1
backbone 1,3,4,5	481	AACCTGACATGCCATA-1
backbone 1,3,4,5	482	GGTGAAGAGTCACACT-1
backbone 1,3,4,5	483	CATTCATCAGCAATTC-1
backbone 1,3,4,5	484	CCTAAGACAGTGCCTG-1
backbone 1,3,4,5	485	TGCAGTAGTAGCCCTG-1
backbone 1,3,4,5	486	AGGATCTCAGGTAGTG-1
backbone 1,3,4,5	487	TTTACCAGTTGGCCTG-1
backbone 1,3,4,5	488	GGATCTATCCATCTGC-1
backbone 1,3,4,5	489	TACTTCATCAACACCA-1
backbone 1,3,4,5	490	AGTCAACTCTACCTTA-1
backbone 1,3,4,5	491	TTTACCAGTGCGGATA-1
backbone 1,3,4,5	492	AAGATAGGTCTTTATC-1
backbone 1,3,4,5	493	GGGTCACGTAGTATAG-1
backbone 1,3,4,5	494	CACACAATCTTGGTCC-1
backbone 1,3,4,5	495	GGGATCCAGCGTCGAA-1
backbone 1,3,4,5	496	CAACAACCACGCACCA-1
backbone 1,3,4,5	497	CGGGTGTAGGCAGGGA-1
backbone 1,3,4,5	498	ATTTACCGTGTTGATC-1
backbone 1,3,4,5	499	CTATCCGGTGCCCGTA-1
backbone 1,3,4,5	500	TACGGTACAGCACAGA-1
backbone 1,3,4,5	501	GGAAGTGGTCCTGTTC-1
backbone 1,3,4,5	502	CTGTATTTCGATCCAA-1
backbone 1,3,4,5	503	CAGGCCAGTGTAACGG-1
backbone 1,3,4,5	504	GCATTAGTCCAACCAA-1
backbone 1,3,4,5	505	ACTTCCGCATAATCCG-1
backbone 1,3,4,5	506	TCAGTTTGTTTGTGGT-1
backbone 1,3,4,5	507	ACATTTCTCGCAGTGC-1
backbone 1,3,4,5	508	CGTAATGGTGAACCGA-1
backbone 1,3,4,5	509	CGACAGCTCCATTTAC-1
backbone 1,3,4,5	510	AGATGAATCGACGAGA-1
backbone 1,3,4,5	511	TCTAACTAGCAAGCCA-1
backbone 1,3,4,5	512	CCTCCTCCAATTTCCT-1
backbone 1,3,4,5	513	GTTAGTGAGGAACGTC-1
backbone 1,3,4,5	514	ATACCTTCATGGTACT-1
backbone 1,3,4,5	515	TACTTGTAGATCGACG-1
backbone 1,3,4,5	516	ACTTCCGTCGACCAAT-1
backbone 1,3,4,5	517	CACGAATTCAGTGTCA-1
backbone 1,3,4,5	518	TCAAGTGAGGAGGTTC-1
backbone 1,3,4,5	519	CATTGCCAGTGATGGC-1
backbone 1,3,4,5	520	ATAGACCGTACAGTAA-1
backbone 1,3,4,5	521	TGCTCGTCACCATATG-1
backbone 1,3,4,5	522	CCACGAGTCGGAATGG-1
backbone 1,3,4,5	523	GTGAGCCGTGTCTCCT-1
backbone 1,3,4,5	524	TGAGCGCGTTTGGGAG-1
backbone 1,3,4,5	525	GTCTAGAGTACAGCGA-1
backbone 1,3,4,5	526	TCGTGCTAGAACAGGA-1
backbone 1,3,4,5	527	AGAAGCGCACTGCGTG-1
backbone 1,3,4,5	528	GACGCTGAGCTTCTAG-1
backbone 1,3,4,5	529	CCCGGAAGTAGTATAG-1
backbone 1,3,4,5	530	CGCAGGTTCGTTCTGC-1
backbone 1,3,4,5	531	GGAAGTGAGCAATTAG-1
backbone 1,3,4,5	532	CTGGCAGGTCATCCGG-1
backbone 1,3,4,5	533	AGAAGTAAGGCATCGA-1
backbone 1,3,4,5	534	AGCATCATCCTAGAGT-1
backbone 1,3,4,5	535	TGGGCGTCACGCGGTT-1
backbone 1,3,4,5	536	TCCATGCCACTGATTG-1
backbone 1,3,4,5	537	TGTTGAGCAGACAATA-1
backbone 1,3,4,5	538	CTAGACAAGCCAAGCA-1
backbone 1,3,4,5	539	AGTAGTCCAGAGTCAG-1
backbone 1,3,4,5	540	GTAACACGTCAGCGTC-1
backbone 1,3,4,5	541	TGGATGTGTTCGAAGG-1
backbone 1,3,4,5	542	AGAAGTAAGGCCCGTT-1
backbone 1,3,4,5	543	ACGATCAGTCGCTTAA-1
backbone 1,3,4,5	544	TACGGGCCAAGTAGTA-1
backbone 1,3,4,5	545	TTACGCCGTGACGCCT-1
backbone 1,3,4,5	546	ACCTACCCAAGCAATA-1
backbone 1,3,4,5	547	CAGATCAAGAAGCTGC-1
backbone 1,3,4,5	548	CACAGATAGAGCCATG-1
backbone 1,3,4,5	549	ATGGAGGTCATCACTT-1
backbone 1,3,4,5	550	TGCGATAGTCACCGCA-1
backbone 1,3,4,5	551	TCCACCACATGGTGGA-1
backbone 1,3,4,5	552	AGCGTATCACTTCATT-1
backbone 1,3,4,5	553	TCATACTCAACTGATC-1
backbone 1,3,4,5	554	ACCATTTCACCTATCC-1
backbone 1,3,4,5	555	GCCATGGCAACCTATG-1
backbone 1,3,4,5	556	CTTCCGACAGCCGTCA-1
backbone 1,3,4,5	557	TCCGGGATCATTGCTT-1
backbone 1,3,4,5	558	TCAAGCATCCTCACGT-1
backbone 1,3,4,5	559	CATGGTACATGATGCT-1
backbone 1,3,4,5	560	GTCGTTCTCTGATTCT-1
backbone 1,3,4,5	561	GATTCGATCCATGAGT-1
backbone 1,3,4,5	562	TGCGGCAAGGTTGCCC-1
backbone 1,3,4,5	563	ACGTTCCAGGTATAGT-1
backbone 1,3,4,5	564	GAAGAATCATGTTTGG-1
backbone 1,3,4,5	565	CTTCCGAGTTTCTATC-1
backbone 1,3,4,5	566	AGGCCACAGGTTGCCC-1
backbone 1,3,4,5	567	GTAGGAGAGCCTATTG-1
backbone 1,3,4,5	568	TCGCACTGTGACCGTC-1
backbone 1,3,4,5	569	ATGATCGCACAAGCCC-1
backbone 1,3,4,5	570	TACGGTACAGAGTGTG-1
backbone 1,3,4,5	571	ATGCATGAGTGGAAAG-1
backbone 1,3,4,5	572	CACGTGGGTATGAGCG-1
backbone 1,3,4,5	573	AACTTCTCAAACTGCT-1
backbone 1,3,4,5	574	ATTTCTGTCGCCACTT-1
backbone 1,3,4,5	575	GTATTGGGTGATACCT-1
backbone 1,3,4,5	576	GGTCACGCAGGTTCGC-1
backbone 1,3,4,5	577	GGGATGATCCGCATAA-1
backbone 1,3,4,5	578	GTTACCCCAAATCAGA-1
backbone 1,3,4,5	579	CGAGGCTGTGGCTTGC-1
backbone 1,3,4,5	580	TCTACCGGTGGTCCCA-1
backbone 1,3,4,5	581	CCACAAAGTCCCGTGA-1
backbone 1,3,4,5	582	AGGAGGTAGAGGTGCT-1
backbone 1,3,4,5	583	AATTTCCTCATACAGC-1
backbone 1,3,4,5	584	TTTATGCAGTCCGCCA-1
backbone 1,3,4,5	585	GTAGGTTGTTTGGGTT-1
backbone 1,3,4,5	586	CGTAAGTTCAAGTGGG-1
backbone 1,3,4,5	587	TGATTCTGTTAAGTCC-1
backbone 1,3,4,5	588	TTGCGTCGTTTACCAG-1
backbone 1,3,4,5	589	CTACATTAGATCCAAA-1
backbone 1,3,4,5	590	ATCACAGCACTTCAGA-1
backbone 1,3,4,5	591	ATTCTTGCATTGCAAC-1
backbone 1,3,4,5	592	TCACGGGCACTGTTCC-1
backbone 1,3,4,5	593	CATTGTTCAAATCGTC-1
backbone 1,3,4,5	594	CGAGTTATCTTACCAT-1
backbone 1,3,4,5	595	AGGATCTAGTATAACG-1
backbone 1,3,4,5	596	CACCAAACACTTCAGA-1
backbone 1,3,4,5	597	CTCAGGGTCGACATCA-1
backbone 1,3,4,5	598	CTTCCGACAGAAGTGC-1
backbone 1,3,4,5	599	TACTTCATCGAAACAA-1
backbone 1,3,4,5	600	TCCTTTCGTGTCTAAC-1
backbone 1,3,4,5	601	AGTCATGCATTCTTCA-1
backbone 1,3,4,5	602	TTGGGATCAGGTGTGA-1
backbone 1,3,4,5	603	TCCATCGGTATTTCGG-1
backbone 1,3,4,5	604	TGAGCGCCAAGGTCGA-1
backbone 1,3,4,5	605	GTCACTCGTGACCTGC-1
backbone 1,3,4,5	606	GTCATCCAGGGATCGT-1
backbone 1,3,4,5	607	CTCAGGGAGCGCTGCT-1
backbone 1,3,4,5	608	GATCATGTCGCCGATG-1
backbone 1,3,4,5	609	CGGAATTCAACACGTT-1
backbone 1,3,4,5	610	TTACAGGGTGCAGGAT-1
backbone 1,3,4,5	611	GTCTCACCAAGCGATG-1
backbone 1,3,4,5	612	CCTCCTCGTGCTCTTC-1
backbone 1,3,4,5	613	TACGGTAGTTGGCCTG-1
backbone 1,3,4,5	614	TGATGGTGTCCGTACG-1
backbone 1,3,4,5	615	TCTTAGTGTCTGGTTA-1
backbone 1,3,4,5	616	CACTGGGGTGCTCGTG-1
backbone 1,3,4,5	617	CATAAGCCATACAGGG-1
backbone 1,3,4,5	618	TTTATGCAGGAAGAAC-1
backbone 1,3,4,5	619	CATTCCGTCCTACCAC-1
backbone 1,3,4,5	620	GGGTGTCGTTGCGGCT-1
backbone 1,3,4,5	621	TAACGACAGCAGCCCT-1
backbone 1,3,4,5	622	GTGTCCTAGAGGCGTT-1
backbone 1,3,4,5	623	AAGGAATAGGTAAGAG-1
backbone 1,3,4,5	624	CGCCAGAAGAATTTGG-1
backbone 1,3,4,5	625	GTCAAGTTCTCGCCTA-1
backbone 1,3,4,5	626	TGAGACTAGGACGCTA-1
backbone 1,3,4,5	627	AAACGCTTCTCGACCT-1
backbone 1,3,4,5	628	GAGTTGTAGCGTGTCC-1
backbone 1,3,4,5	629	GGAGCAAGTCCCTCAT-1
backbone 1,3,4,5	630	GTGGAGACAACTCGAT-1
backbone 1,3,4,5	631	ACCAAACCATGATGCT-1
backbone 1,3,4,5	632	TGGGATTGTCCACTCT-1
backbone 1,3,4,5	633	CTGCATCCATCGGTTA-1
backbone 1,3,4,5	634	CCCAACTCATTCAGCA-1
backbone 1,3,4,5	635	GTTACGAAGTCAGAGC-1
backbone 1,3,4,5	636	TATTTCGAGGTAAAGG-1
backbone 1,3,4,5	637	TCTGTCGGTGGACAGT-1
backbone 1,3,4,5	638	CACACAACACTTCCTG-1
backbone 1,3,4,5	639	AGACACTAGGTCCAGA-1
backbone 1,3,4,5	640	CCGGACAGTGCAATGG-1
backbone 1,3,4,5	641	AGACACTCATGCACTA-1
backbone 1,3,4,5	642	CATCCACGTCATGCAT-1
backbone 1,3,4,5	643	CTCATTAAGCAAGCCA-1
backbone 1,3,4,5	644	CTGTGAAAGAGCTTTC-1
backbone 1,3,4,5	645	TTGACCCAGTCTCGTA-1
backbone 1,3,4,5	646	GAGGCAATCATGCCAA-1
backbone 1,3,4,5	647	AGAACAAGTGCCGGTT-1
backbone 1,3,4,5	648	TCACACCGTTCCTAGA-1
backbone 1,3,4,5	649	GTTTACTCATTCACCC-1
backbone 1,3,4,5	650	TCCGATCAGTAGTGCG-1
backbone 1,3,4,5	651	CTTAGGAAGTTGCCTA-1
backbone 1,3,4,5	652	AGCTCAATCACTACGA-1
backbone 1,3,4,5	653	CCGGGTAGTCATGGCC-1
backbone 1,3,4,5	654	GTTGTGAGTCCATACA-1
backbone 1,3,4,5	655	TTGCGTCTCTGAGCAT-1
backbone 1,3,4,5	656	ATGTCTTCATCATTGG-1
backbone 1,3,4,5	657	AGCGCTGAGTGGACGT-1
backbone 1,3,4,5	658	GATAGCTTCGCAGAGA-1
backbone 1,3,4,5	659	ATGGAGGAGATCCGAG-1
backbone 1,3,4,5	660	GTTAGTGTCATGAGGG-1
backbone 1,3,4,5	661	CATTCATAGACTACCT-1
backbone 1,3,4,5	662	GCTTGGGTCTGAGAGG-1
backbone 1,3,4,5	663	GTCCTCAGTTGCGTAT-1
backbone 1,3,4,5	664	CATTGTTTCTAGTCAG-1
backbone 1,3,4,5	665	CACATGAAGTCCCTAA-1
backbone 1,3,4,5	666	CGAGTTAAGGTCGTGA-1
backbone 1,3,4,5	667	AGCCAGCCAGTTGCGC-1
backbone 1,3,4,5	668	TCCGGGACACATTACG-1
backbone 1,3,4,5	669	CAAAGAAGTGTGACCC-1
backbone 1,3,4,5	670	AGTTCGATCAAAGAAC-1
backbone 1,3,4,5	671	TACTTCAGTCTCACAA-1
backbone 1,3,4,5	672	AGCTACAAGGTAAAGG-1
backbone 1,3,4,5	673	AAAGGATGTGCGAACA-1
backbone 1,3,4,5	674	AAGCGTTTCAGTGGGA-1
backbone 1,3,4,5	675	TGCTTGCAGCCAAGTG-1
backbone 1,3,4,5	676	CTCATGCTCATAAGGA-1
backbone 1,3,4,5	677	CTTACCGTCATCACTT-1
backbone 1,3,4,5	678	AGCGATTCACTCCTGT-1
backbone 1,3,4,5	679	TTATTGCTCCTGTTAT-1
backbone 1,3,4,5	680	ATTGTTCGTGTTAACC-1
backbone 1,3,4,5	681	AGACCCGAGGTACCTT-1
backbone 1,3,4,5	682	AGTACTGGTTGAGGAC-1
backbone 1,3,4,5	683	AGCCAGCGTTCAGGTT-1
backbone 1,3,4,5	684	GCCAGCAAGTATGATG-1
backbone 1,3,4,5	685	TTCGGTCGTTGGGTTT-1
backbone 1,3,4,5	686	ATGAGGGAGATGCTGG-1
backbone 1,3,4,5	687	CATGAGTGTCCTCATC-1
backbone 1,3,4,5	688	TTCACGCAGTAAAGCT-1
backbone 1,3,4,5	689	CTACAGACAGAGAAAG-1
backbone 1,3,4,5	690	CCACAAAGTCGACTGC-1
backbone 1,3,4,5	691	TGTTCTAAGCACGGAT-1
backbone 1,3,4,5	692	GTTGTAGTCTACTATC-1
backbone 1,3,4,5	693	GCCAGGTTCCCATACC-1
backbone 1,3,4,5	694	CTGAGGCAGTCCTACA-1
backbone 1,3,4,5	695	TATCAGGAGAGCAGAA-1
backbone 1,3,4,5	696	GATCAGTGTCCACAGC-1
backbone 1,3,4,5	697	AACCAACGTGGGCTTC-1
backbone 1,3,4,5	698	ACCCTTGAGAGCAACC-1
backbone 1,3,4,5	699	AGCTTCCCACCATTCC-1
backbone 1,3,4,5	700	TATACCTAGCTTACGT-1
backbone 1,3,4,5	701	TTCGGTCGTAGGTTTC-1
backbone 1,3,4,5	702	GTTCATTCAACATCGT-1
backbone 1,3,4,5	703	ACTGTCCAGGTCGTGA-1
backbone 1,3,4,5	704	TTTGGAGCAAGATGTA-1
backbone 1,3,4,5	705	TGGCGTGTCATGCCGG-1
backbone 1,3,4,5	706	GACCCAGAGCATACTC-1
backbone 1,3,4,5	707	AGGCATTGTATTCCTT-1
backbone 1,3,4,5	708	GTAATCGCACGACGCT-1
backbone 1,3,4,5	709	TGCGGCACAAATGAAC-1
backbone 1,3,4,5	710	CTACCCAAGAAGGCTC-1
backbone 1,3,4,5	711	ATGGGAGAGCAATAAC-1
backbone 1,3,4,5	712	GAAGGGTTCGCAGTCG-1
backbone 1,3,4,5	713	GTCTGTCAGGTTAAAC-1
backbone 1,3,4,5	714	ACGGAAGTCATGAGAA-1
backbone 1,3,4,5	715	AGGAAATAGGCTAAAT-1
backbone 1,3,4,5	716	GGTTAACCATGTACGT-1
backbone 1,3,4,5	717	ACAAGCTCAAGCGCAA-1
backbone 1,3,4,5	718	GTCCCATAGTATGTAG-1
backbone 1,3,4,5	719	CATGCTCAGTAATTGG-1
backbone 1,3,4,5	720	CAAGAGGGTGTTAACC-1
backbone 1,3,4,5	721	GGGTGTCCAACGACAG-1
backbone 1,3,4,5	722	CATGCGGAGGAAGTGA-1
backbone 1,3,4,5	723	CGTGAATCATACGCAT-1
backbone 1,3,4,5	724	TCTACCGTCTCGTTTA-1
backbone 1,3,4,5	725	GGGTGTCCATAGAATG-1
backbone 1,3,4,5	726	ACCAAACGTTCGAGCC-1
backbone 1,3,4,5	727	TGCAGGCCAGCGCGTT-1
backbone 1,3,4,5	728	GGAGATGTCAGAGCAG-1
backbone 1,3,4,5	729	GAGACCCCATGCCGAC-1
backbone 1,3,4,5	730	ACCCAAAAGCTAGAAT-1
backbone 1,3,4,5	731	GAGGGATAGGGAGATA-1
backbone 1,3,4,5	732	CATACTTCAATGCTCA-1
backbone 1,3,4,5	733	ACATCGAGTTCACCGG-1
backbone 1,3,4,5	734	TGGTACAAGTTTGCTG-1
backbone 1,3,4,5	735	TCCACCATCGCCAGTG-1
backbone 1,3,4,5	736	ATTATCCGTGAGTAGC-1
backbone 1,3,4,5	737	AGTAACCAGATGACCG-1
backbone 1,3,4,5	738	GTGTCCTTCCAAGCCG-1
backbone 1,3,4,5	739	GGGCTCATCGAGCTGC-1
backbone 1,3,4,5	740	GCCGATGGTGATAGTA-1
backbone 1,3,4,5	741	GTCGAATAGTGGAAAG-1
backbone 1,3,4,5	742	TCCACCACATATACCG-1
backbone 1,3,4,5	743	TGTCCTGGTTCCTAGA-1
backbone 1,3,4,5	744	TTCCAATTCCACTTTA-1
backbone 1,3,4,5	745	AACACACCACGACAAG-1
backbone 1,3,4,5	746	TCATTGTTCACTGCTC-1
backbone 1,3,4,5	747	TGATTTCAGCAAGTGC-1
backbone 1,3,4,5	748	GGGCTCAGTCAAAGCG-1
backbone 1,3,4,5	749	GTGATGTCAGAAGTTA-1
backbone 1,3,4,5	750	GAAGGACTCCTTCAGC-1
backbone 1,3,4,5	751	TTCTAACAGACGCCAA-1
backbone 1,3,4,5	752	CATGAGTGTATCCCTC-1
backbone 1,3,4,5	753	TGCTGAAGTAGACTGG-1
backbone 1,3,4,5	754	ATCCACCTCGGTAGAG-1
backbone 1,3,4,5	755	ATCGTGAGTTGTGCCG-1
backbone 1,3,4,5	756	ACGTAGTAGCGGCTCT-1
backbone 1,3,4,5	757	TCCGGGATCCCTTGGT-1
backbone 1,3,4,5	758	AGGTGTTTCCATACTT-1
backbone 1,3,4,5	759	AGCTACAGTTACCTTT-1
backbone 1,3,4,5	760	AAGCGTTGTTAAGGAT-1
backbone 1,3,4,5	761	CACATGAGTATCACGT-1
backbone 1,3,4,5	762	TACAACGTCGATTGAC-1
backbone 1,3,4,5	763	CGAAGTTTCGGCTGAC-1
backbone 1,3,4,5	764	TACCGAATCGGTTAGT-1
backbone 1,3,4,5	765	CCGTAGGAGGCTCCCA-1
backbone 1,3,4,5	766	TCATACTAGAGCCGAT-1
backbone 1,3,4,5	767	GGTGATTGTTGACGGA-1
backbone 1,3,4,5	768	AACTTCTTCACTACGA-1
backbone 1,3,4,5	769	GGGCGTTTCTTAAGGC-1
backbone 1,3,4,5	770	TGATGGTTCAGGTAAA-1
backbone 1,3,4,5	771	AAGGTAACACAGCGCT-1
backbone 1,3,4,5	772	GATGAGGTCGTAACAC-1
backbone 1,3,4,5	773	CGGGACTGTCGAGCAA-1
backbone 1,3,4,5	774	TACTTCAAGAATAACC-1
backbone 1,3,4,5	775	GTAGCTAGTGGCCACT-1
backbone 1,3,4,5	776	GAGGCCTAGCCTGGAA-1
backbone 1,3,4,5	777	AAAGTGAGTACAGTTC-1
backbone 1,3,4,5	778	CACTTCGTCCTCACGT-1
backbone 1,3,4,5	779	TTGTTGTAGAGTCGAC-1
backbone 1,3,4,5	780	TCCTTTCAGTAGATCA-1
backbone 1,3,4,5	781	GTGAGTTCACTCCACT-1
backbone 1,3,4,5	782	AAACCCACAAGCTCTA-1
backbone 1,3,4,5	783	GATCCCTCATGTGACT-1
backbone 1,3,4,5	784	TTTCAGTGTGCATGTT-1
backbone 1,3,4,5	785	GTACAACTCCTGGTCT-1
backbone 1,3,4,5	786	AAAGTCCTCCAAGCAT-1
backbone 1,3,4,5	787	CTACATTAGCTAGTTC-1
backbone 1,3,4,5	788	CTATAGGGTTCGAGCC-1
backbone 1,3,4,5	789	GACCGTGAGCACCGTC-1
backbone 1,3,4,5	790	GCGATCGAGGTGATCG-1
backbone 1,3,4,5	791	CATGGATAGGCACTCC-1
backbone 1,3,4,5	792	AATTCCTTCTGAGCAT-1
backbone 1,3,4,5	793	GAGTTACGTACTCGAT-1
backbone 1,3,4,5	794	ATGATCGGTCGCACGT-1
backbone 1,3,4,5	795	ACAGAAAGTAGTCGGA-1
backbone 1,3,4,5	796	ACTTATCCAACAGCTT-1
backbone 1,3,4,5	797	CGTCCATTCTGAGGTT-1
backbone 1,3,4,5	798	TGTCCACTCGAAATCC-1
backbone 1,3,4,5	799	ATGGAGGAGGAGAGGC-1
backbone 1,3,4,5	800	TGCTCCAAGGTAGTAT-1
backbone 1,3,4,5	801	TCAGTCCTCAGCCTTC-1
backbone 1,3,4,5	802	GGCTTGGAGAGCAGCT-1
backbone 1,3,4,5	803	CACAACAAGTCGAGGT-1
backbone 1,3,4,5	804	TCGTGGGCACCCTCTA-1
backbone 1,3,4,5	805	TCCTGCAAGCCGTTGC-1
backbone 1,3,4,5	806	TAAGCGTCAGGTCAAG-1
backbone 1,3,4,5	807	CATTGTTTCCCGAAAT-1
backbone 1,3,4,5	808	AATTTCCGTGTCTTCC-1
backbone 1,3,4,5	809	GTGTAACAGATTCGAA-1
backbone 1,3,4,5	810	TATCCTACACACACTA-1
backbone 1,3,4,5	811	TGCACGGTCCGCACTT-1
backbone 1,3,4,5	812	TCCTGCAAGTAGTCTC-1
backbone 1,3,4,5	813	CGTCAAAGTGCTGTCG-1
backbone 1,3,4,5	814	AGCCACGTCTGTGCTC-1
backbone 1,3,4,5	815	CCGAACGGTGCGGATA-1
backbone 1,3,4,5	816	TGTTCCGGTACGATCT-1
backbone 1,3,4,5	817	TGCTCCATCCTGCTAC-1
backbone 1,3,4,5	818	GATCGTAAGACACACG-1
backbone 1,3,4,5	819	ATTACTCCAAGAAATC-1
backbone 1,3,4,5	820	GATGCTAAGCACTCTA-1
backbone 1,3,4,5	821	AGGTAGGTCTCATAGG-1
backbone 1,3,4,5	822	TTTCAGTGTGTCCGTG-1
backbone 1,3,4,5	823	CGTTAGAAGGGAGGAC-1
backbone 1,3,4,5	824	ATACCTTTCGGACTTA-1
backbone 1,3,4,5	825	ACACTGATCCGATGCG-1
backbone 1,3,4,5	826	CGGGTCATCGATAACC-1
backbone 1,3,4,5	827	ACATCCCGTACAGGTG-1
backbone 1,3,4,5	828	AAGAACAAGCAGTCTT-1
backbone 1,3,4,5	829	CCCTGATGTCGCACAC-1
backbone 1,3,4,5	830	TCATATCTCTCGGCTT-1
backbone 1,3,4,5	831	TGCAGGCGTCACGCTG-1
backbone 1,3,4,5	832	ACAGAAAAGCAGCACA-1
backbone 1,3,4,5	833	AAACGCTCACACACTA-1
backbone 1,3,4,5	834	AGAAGCGAGGTAAACT-1
backbone 1,3,4,5	835	GTTATGGAGAGAGCAA-1
backbone 1,3,4,5	836	CTGAATGTCACATCAG-1
backbone 1,3,4,5	837	TCTGGCTCATAGACTC-1
backbone 1,3,4,5	838	AATGACCAGCGAGGAG-1
backbone 1,3,4,5	839	GCTGAATGTCGCGTTG-1
backbone 1,3,4,5	840	ATCACTTCAGATACCT-1
backbone 1,3,4,5	841	GAGCTGCCAGCCATTA-1
backbone 1,3,4,5	842	CTACCCAAGCCGTCGT-1
backbone 1,3,4,5	843	GTGGTTAGTCTCGGAC-1
backbone 1,3,4,5	844	GGATGTTGTCCAATCA-1
backbone 1,3,4,5	845	CACACAACAACAAGTA-1
backbone 1,3,4,5	846	TCTTAGTTCAATCTTC-1
backbone 1,3,4,5	847	TTAGTCTGTTATGTCG-1
backbone 1,3,4,5	848	TGTCAGAGTTCGGCCA-1
backbone 1,3,4,5	849	GACGTTACATGACAAA-1
backbone 1,3,4,5	850	TCAGGTATCCGTATGA-1
backbone 1,3,4,5	851	TGACCCTAGATCACCT-1
backbone 1,3,4,5	852	CAAGACTCAATGACCT-1
backbone 1,3,4,5	853	CATTGCCAGGTCCGAA-1
backbone 1,3,4,5	854	GAATAGATCTTCCCGA-1
backbone 1,3,4,5	855	CGGTCAGGTTATAGAG-1
backbone 1,3,4,5	856	TCATCATCAGCAGGAT-1
backbone 1,3,4,5	857	TCGTAGAGTCAACCTA-1
backbone 1,3,4,5	858	AGCCACGCACGTAACT-1
backbone 1,3,4,5	859	GTGGAAGGTACTCCGG-1
backbone 1,3,4,5	860	TTGTTCAAGGTACAGC-1
backbone 1,3,4,5	861	CAGCACGGTAGCTCGC-1
backbone 1,3,4,5	862	TTCCGGTCATGCAGGA-1
backbone 1,3,4,5	863	AGGACTTGTAGGTACG-1
backbone 1,3,4,5	864	CTGTATTGTAGTGTGG-1
backbone 1,3,4,5	865	ACTATTCAGGTTCATC-1
backbone 1,3,4,5	866	CTGCAGGAGGAGTCTG-1
backbone 1,3,4,5	867	CGAGGAAGTAATCAGA-1
backbone 1,3,4,5	868	TCAAGTGAGAATAGTC-1
backbone 1,3,4,5	869	CGAGGAAAGCGGTAGT-1
backbone 1,3,4,5	870	TTGGGTAAGGGACAGG-1
backbone 1,3,4,5	871	GTGCACGCAGGACTAG-1
backbone 1,3,4,5	872	AGCCACGGTACCCACG-1
backbone 1,3,4,5	873	CTTCCTTAGGCACCAA-1
backbone 1,3,4,5	874	GAGATGGCAAATGCGG-1
backbone 1,3,4,5	875	TGAATGCTCTCCATAT-1
backbone 1,3,4,5	876	CAGATACAGACTTCCA-1
backbone 1,3,4,5	877	CCCTCAAAGCACCCAC-1
backbone 1,3,4,5	878	CGATGCGAGCGCATCC-1
backbone 1,3,4,5	879	AAGTACCCAGTGGCTC-1
backbone 1,3,4,5	880	AAGACTCAGGCACAAC-1
backbone 1,3,4,5	881	CTCAAGAGTGCTGTCG-1
backbone 1,3,4,5	882	TTTGGTTGTAGGTTTC-1
backbone 1,3,4,5	883	TTTGTTGTCATCGCTC-1
backbone 1,3,4,5	884	TTCGCTGTCTCCTGCA-1
backbone 1,3,4,5	885	CCTCACAAGTGGGAAA-1
backbone 1,3,4,5	886	CCTCAACAGCGTCGAA-1
backbone 1,3,4,5	887	TTCAATCTCCACGTGG-1
backbone 1,3,4,5	888	GAACTGTAGTGCCTCG-1
backbone 1,3,4,5	889	CATGCTCTCCCGAGAC-1
backbone 1,3,4,5	890	AAAGAACAGTCCGTCG-1
backbone 1,3,4,5	891	TCACACCGTAGTGCGA-1
backbone 1,3,4,5	892	GCGGATCCAGAGTTCT-1
backbone 1,3,4,5	893	TGTGCGGCAGTGTGCC-1
backbone 1,3,4,5	894	GTCGTAATCACCTTAT-1
backbone 1,3,4,5	895	GGGCTCAAGGGATGTC-1
backbone 1,3,4,5	896	TAGTGCAGTTCTTCAT-1
backbone 1,3,4,5	897	CCTGTTGGTAGCCCTG-1
backbone 1,3,4,5	898	TATATCCTCCTTCAGC-1
backbone 1,3,4,5	899	ATCCATTGTCTGTTAG-1
backbone 1,3,4,5	900	TTCGGTCGTTCGGACC-1
backbone 1,3,4,5	901	GCTGGGTCAATAGAGT-1
backbone 1,3,4,5	902	CTGAGCGAGCGTGAGT-1
backbone 1,3,4,5	903	AGGAAATGTGCATGAG-1
backbone 1,3,4,5	904	TTACCGCTCGAAACAA-1
backbone 1,3,4,5	905	GGGTCTGGTTATGTGC-1
backbone 1,3,4,5	906	ACGTCCTAGCCTGCCA-1
backbone 1,3,4,5	907	AACGAAAGTCCCTCAT-1
backbone 1,3,4,5	908	GTCACGGCATGCCGGT-1
backbone 1,3,4,5	909	ATGAGTCGTCGTAATC-1
backbone 1,3,4,5	910	AAGCGAGTCGGTATGT-1
backbone 1,3,4,5	911	CCCTTAGTCGATTTCT-1
backbone 1,3,4,5	912	AGAGCAGCAACCCTCT-1
backbone 1,3,4,5	913	TGTTGGACAATTTCCT-1
backbone 1,3,4,5	914	CCTCTAGTCCGCTTAC-1
backbone 1,3,4,5	915	AATGACCAGCAGGCTA-1
backbone 1,3,4,5	916	CAACCAACATACAGCT-1
backbone 1,3,4,5	917	TGCAGATAGAGCAAGA-1
backbone 1,3,4,5	918	CGTGATATCCGAGATT-1
backbone 1,3,4,5	919	GCCAGTGGTTGCAAGG-1
backbone 1,3,4,5	920	TCATGCCGTGGAACCA-1
backbone 1,3,4,5	921	AGTGATCTCCATAGAC-1
backbone 1,3,4,5	922	ATGAAAGTCCAACACA-1
backbone 1,3,4,5	923	ATGAGGGAGTCCGTCG-1
backbone 1,3,4,5	924	AGGGTTTGTTCAGCTA-1
backbone 1,3,4,5	925	AGAAGTAAGTTAACGA-1
backbone 1,3,4,5	926	TGGTTAGAGTAAAGCT-1
backbone 1,3,4,5	927	GGTGATTTCGGTCAGC-1
backbone 1,3,4,5	928	TGGTACATCCACGTGG-1
backbone 1,3,4,5	929	ATCGGATAGTGATAGT-1
backbone 1,3,4,5	930	GTGACGCAGCCTCTGG-1
backbone 1,3,4,5	931	GGAGCAACAAACTCGT-1
backbone 1,3,4,5	932	TGTTGGAAGCTGAGCA-1
backbone 1,3,4,5	933	ACGTAGTTCCGATGTA-1
backbone 1,3,4,5	934	TTACCGCGTAGCACAG-1
backbone 1,3,4,5	935	TCGGGCAAGTTTGGCT-1
backbone 1,3,4,5	936	TGAGACTAGAAGAGCA-1
backbone 1,3,4,5	937	TTTCATGTCAGAGTTC-1
backbone 1,3,4,5	938	ACACGCGAGCGGTATG-1
backbone 1,3,4,5	939	TTGGGATCATGTGGCC-1
backbone 1,3,4,5	940	TTGCGTCAGTCGCTAT-1
backbone 1,3,4,5	941	GACATCAAGTCAGGGT-1
backbone 1,3,4,5	942	CTCAATTGTAGGTGCA-1
backbone 1,3,4,5	943	ATGCCTCCACCTGAAT-1
backbone 1,3,4,5	944	GGTCACGGTAGGCTGA-1
backbone 1,3,4,5	945	CAAGCTAGTCAGGTAG-1
backbone 1,3,4,5	946	GGAGAACCAGCGAGTA-1
backbone 1,3,4,5	947	GGTGATTTCCTTCTAA-1
backbone 1,3,4,5	948	TTGCGTCGTTGATCGT-1
backbone 1,3,4,5	949	AGAACCTAGGTCATTC-1
backbone 1,3,4,5	950	CGGTCAGTCGCCTTGT-1
backbone 1,3,4,5	951	AGGGTGACAGCTAACT-1
backbone 1,3,4,5	952	AGACCATAGAAGCTCG-1
backbone 1,3,4,5	953	TGTCCCATCTAGTGAC-1
backbone 1,3,4,5	954	GGGCGTTAGTGAATAC-1
backbone 1,3,4,5	955	CCCTAACAGTTGGCTT-1
backbone 1,3,4,5	956	CACCGTTTCAAGCTGT-1
backbone 1,3,4,5	957	AAGTCGTCATGTAACC-1
backbone 1,3,4,5	958	TGTAGACAGACAAGCC-1
backbone 1,3,4,5	959	TGGATCAAGAAACTCA-1
backbone 1,3,4,5	960	CATAGACGTGAATGAT-1
backbone 1,3,4,5	961	CCTGTTGCAGTGCCTG-1
backbone 1,3,4,5	962	TCATGTTGTCCACATA-1
backbone 1,3,4,5	963	TGTAGACTCGGAGTGA-1
backbone 1,3,4,5	964	CTACTATTCGGCTCTT-1
backbone 1,3,4,5	965	TGTACAGAGGCGTCCT-1
backbone 1,3,4,5	966	CGAAGGAGTAGCGCTC-1
backbone 1,3,4,5	967	TCCTTTCCAGTGTGCC-1
backbone 1,3,4,5	968	AGAACCTCACTAGGCC-1
backbone 1,3,4,5	969	AATCGACCAGAGTGTG-1
backbone 1,3,4,5	970	AGAAGTATCGTTGTAG-1
backbone 1,3,4,5	971	CGCGTGAAGAAATCCA-1
backbone 1,3,4,5	972	TTCTTGAGTTAAACAG-1
backbone 1,3,4,5	973	GCATCGGCAATTTCTC-1
backbone 1,3,4,5	974	ATCACTTGTGAGTTGG-1
backbone 1,3,4,5	975	CAAAGAACAACGATTC-1
backbone 1,3,4,5	976	ACATTTCAGTGCAGCA-1
backbone 1,3,4,5	977	ATCACAGAGTGAGCCA-1
backbone 1,3,4,5	978	TTCAGGATCATCTCTA-1
backbone 1,3,4,5	979	ACAGCCGAGCCAACCC-1
backbone 1,3,4,5	980	CGCCAGATCCGCTGTT-1
backbone 1,3,4,5	981	AACCCAAGTACGTACT-1
backbone 1,3,4,5	982	ACAACCAGTAAGTTGA-1
backbone 1,3,4,5	983	CCTCCAATCCGAACGC-1
backbone 1,3,4,5	984	GAGAAATAGCCTGAGA-1
backbone 1,3,4,5	985	TGGTTAGGTTACGCCG-1
backbone 1,3,4,5	986	AGATGCTAGGCCCACT-1
backbone 1,3,4,5	987	ACACGCGTCGCAGATT-1
backbone 1,3,4,5	988	TGCCGAGAGCTCGACC-1
backbone 1,3,4,5	989	TTGGGCGCATCCTCAC-1
backbone 1,3,4,5	990	CGTCAAAGTGGAGAAA-1
backbone 1,3,4,5	991	GACACGCTCGGTAGAG-1
backbone 1,3,4,5	992	GAGTTTGGTTGAATCC-1
backbone 1,3,4,5	993	GACTTCCAGGTGAGAA-1
backbone 1,3,4,5	994	TGCATCCCAGGCACTC-1
backbone 1,3,4,5	995	CTGTGAAGTTAATCGC-1
backbone 1,3,4,5	996	CAGATACAGATAGCTA-1
backbone 1,3,4,5	997	GGCTTTCTCTTACCGC-1
backbone 1,3,4,5	998	TCATACTGTAAGTTGA-1
backbone 1,3,4,5	999	CTCATGCGTCCAGCGT-1
backbone 1,3,4,5	1000	AATGCCACAACGATTC-1
backbone 1,3,4,5	1001	GGGACTCCACGTTGGC-1
backbone 1,3,4,5	1002	AATTCCTCACTTGTGA-1
backbone 1,3,4,5	1003	TAGGAGGCAATGTCTG-1
backbone 1,3,4,5	1004	TCTCTGGTCAGCTTCC-1
backbone 1,3,4,5	1005	GCCAGTGAGATTCGAA-1
backbone 1,3,4,5	1006	GAACGTTCAGACAAGC-1
backbone 1,3,4,5	1007	GTTGTAGTCCGTGGGT-1
backbone 1,3,4,5	1008	AACAGGGCATGTCAGT-1
backbone 1,3,4,5	1009	TGCATGAGTTTGGGAG-1
backbone 1,3,4,5	1010	TAGGGTTAGAGCAAGA-1
backbone 1,3,4,5	1011	CATTGTTAGACTTCGT-1
backbone 1,3,4,5	1012	CTGCATCAGTTGCGAG-1
backbone 1,3,4,5	1013	GCATTAGCAGAGACTG-1
backbone 1,3,4,5	1014	GTCAAGTTCCAAAGGG-1
backbone 1,3,4,5	1015	GAATCACAGCGTCGAA-1
backbone 1,3,4,5	1016	TAACACGTCTCTAAGG-1
backbone 1,3,4,5	1017	AGATGAATCTCCTGTG-1
backbone 1,3,4,5	1018	TCAGTTTTCGACTCCT-1
backbone 1,3,4,5	1019	GCGGATCCAGGTTCGC-1
backbone 1,3,4,5	1020	AGTGTTGAGGCGTCCT-1
backbone 1,3,4,5	1021	TCGCTTGTCAACGCTA-1
backbone 1,3,4,5	1022	ACTATGGAGTAAGCAT-1
backbone 1,3,4,5	1023	TTAGGCATCCTTTAGT-1
backbone 1,3,4,5	1024	CCTACGTGTCACTCGG-1
backbone 1,3,4,5	1025	CAACCAAAGCCGTAAG-1
backbone 1,3,4,5	1026	ACACGCGGTTTCGGCG-1
backbone 1,3,4,5	1027	ATGGATCCATAGACTC-1
backbone 1,3,4,5	1028	AGATGAATCTGTGCTC-1
backbone 1,3,4,5	1029	GACGCTGCAACGACAG-1
backbone 1,3,4,5	1030	ATCGGCGGTGCCGAAA-1
backbone 1,3,4,5	1031	TCCTCGACATAACCCA-1
backbone 1,3,4,5	1032	CTGCCATCAGTCAGTT-1
backbone 1,3,4,5	1033	TGTTGGATCATTGCGA-1
backbone 1,3,4,5	1034	ATTTCTGTCGCCAGAC-1
backbone 1,3,4,5	1035	GATTGGTTCTAGTGAC-1
backbone 1,3,4,5	1036	AGCGATTAGGGTAGCT-1
backbone 1,3,4,5	1037	GCAACATCAGCTGGTC-1
backbone 1,3,4,5	1038	GTATTGGGTACGCTAT-1
backbone 1,3,4,5	1039	ACTCTCGTCAGTCTTT-1
backbone 1,3,4,5	1040	ACTGTCCGTCGAGATG-1
backbone 1,3,4,5	1041	ACATTTCTCGGCTTGG-1
backbone 1,3,4,5	1042	GCTGCAGAGTTACGAA-1
backbone 1,3,4,5	1043	TCCTTCTGTATCGGTT-1
backbone 1,3,4,5	1044	GTCGTTCGTTAAACAG-1
backbone 1,3,4,5	1045	AGCGCCAGTGTCTCCT-1
backbone 1,3,4,5	1046	CTCCAACAGTCGCTAT-1
backbone 1,3,4,5	1047	GGGAGTACATCAGTGT-1
backbone 1,3,4,5	1048	GTTAGTGTCACTGGTA-1
backbone 1,3,4,5	1049	CAATTTCTCAAGTTGC-1
backbone 1,3,4,5	1050	CTATCTATCCCGATCT-1
backbone 1,3,4,5	1051	ACACCAAGTAGCCAGA-1
backbone 1,3,4,5	1052	ATGGTTGGTGAGATTA-1
backbone 1,3,4,5	1053	CATACAGAGCCGGATA-1
backbone 1,3,4,5	1054	AAAGTCCAGAGCAGCT-1
backbone 1,3,4,5	1055	ATCGTAGAGATGGGCT-1
backbone 1,3,4,5	1056	AGCGTATTCCGCAACG-1
backbone 1,3,4,5	1057	TCACAAGAGATTACCC-1
backbone 1,3,4,5	1058	AACAGGGCACTGAGTT-1
backbone 1,3,4,5	1059	GAAATGACACGTACTA-1
backbone 1,3,4,5	1060	TTCGATTAGACTTCGT-1
backbone 1,3,4,5	1061	ACTTTCAGTAATTGGA-1
backbone 1,3,4,5	1062	TAGGTACAGTGCGACA-1
backbone 1,3,4,5	1063	CTGTCGTAGGAAAGGT-1
backbone 1,3,4,5	1064	CGGAACCTCATTTGGG-1
backbone 1,3,4,5	1065	AAGCGAGCACCCGTAG-1
backbone 1,3,4,5	1066	GAGACTTCACTGGAAG-1
backbone 1,3,4,5	1067	CATCGTCCATCCAATG-1
backbone 1,3,4,5	1068	CTCCCTCCACTTGAGT-1
backbone 1,3,4,5	1069	ACTTATCTCCGTCACT-1
backbone 1,3,4,5	1070	ACGATCAAGATAGTGT-1
backbone 1,3,4,5	1071	CGTGAATTCTCAGGCG-1
backbone 1,3,4,5	1072	CTGAATGTCGCCAACG-1
backbone 1,3,4,5	1073	GTAGAGGAGCCTCGTG-1
backbone 1,3,4,5	1074	CTGCAGGCATGTCTAG-1
backbone 1,3,4,5	1075	TGGAGAGCAATACGAA-1
backbone 1,3,4,5	1076	CGTTGGGAGTCACGAG-1
backbone 1,3,4,5	1077	TCTTGCGAGTACGAGC-1
backbone 1,3,4,5	1078	ATTGGGTCAGAAACCG-1
backbone 1,3,4,5	1079	TGTTGAGGTGAACTAA-1
backbone 1,3,4,5	1080	CACAGGCTCGGAACTT-1
backbone 1,3,4,5	1081	CACTAAGGTGCCAAGA-1
backbone 1,3,4,5	1082	GGGCTACAGCATGCGA-1
backbone 1,3,4,5	1083	TAAGTCGTCGATGGAG-1
backbone 1,3,4,5	1084	GTTACGATCGTGCATA-1
backbone 1,3,4,5	1085	CACTGTCGTTGGCCTG-1
backbone 1,3,4,5	1086	GGGCCATAGCACGGAT-1
backbone 1,3,4,5	1087	CGAGGAACAACTCATG-1
backbone 1,3,4,5	1088	CTGCCTATCAGACCCG-1
backbone 1,3,4,5	1089	TAAGTCGGTCACGACC-1
backbone 1,3,4,5	1090	CACTGGGGTCGTACTA-1
backbone 1,3,4,5	1091	TCATTCACAGAGTAAT-1
backbone 1,3,4,5	1092	TGACAGTAGTGTTGTC-1
backbone 1,3,4,5	1093	GAGCTGCCAAAGGCAC-1
backbone 1,3,4,5	1094	CATACAGGTGACTGTT-1
backbone 1,3,4,5	1095	CGTGCTTCAATCTCTT-1
backbone 1,3,4,5	1096	TCATTCATCCCGAGAC-1
backbone 1,3,4,5	1097	GAAGTAATCGTAACAC-1
backbone 1,3,4,5	1098	TTGAACGAGCAGCCTC-1
backbone 1,3,4,5	1099	TACCGAATCATTTACC-1
backbone 1,3,4,5	1100	CCCGGAATCTACCAGA-1
backbone 1,3,4,5	1101	TGGCGTGAGAGCATTA-1
backbone 1,3,4,5	1102	CTCTCAGGTGGTTCTA-1
backbone 1,3,4,5	1103	AACCATGCAAATCAGA-1
backbone 1,3,4,5	1104	CAACGGCGTTAAGTCC-1
backbone 1,3,4,5	1105	TGTGCGGCAAAGACGC-1
backbone 1,3,4,5	1106	TCCGAAAAGCATATGA-1
backbone 1,3,4,5	1107	CACTAAGGTCGTGATT-1
backbone 1,3,4,5	1108	TCCACGTGTGAGTAAT-1
backbone 1,3,4,5	1109	AGGCCACTCAACCGAT-1
backbone 1,3,4,5	1110	AATTCCTGTCACAGAG-1
backbone 1,3,4,5	1111	GAGTGTTTCCATACAG-1
backbone 1,3,4,5	1112	TCACAAGAGGCAGTCA-1
backbone 1,3,4,5	1113	TGAGCGCCACTCTCGT-1
backbone 1,3,4,5	1114	CAGTGCGAGGAGTACC-1
backbone 1,3,4,5	1115	CAACAGTGTCTTACTT-1
backbone 1,3,4,5	1116	TACCGAAGTAACAGGC-1
backbone 1,3,4,5	1117	ATGAAAGCAAGAGTGC-1
backbone 1,3,4,5	1118	TCCTGCAGTAGATGTA-1
backbone 1,3,4,5	1119	GTGGAGAGTAGTCTTG-1
backbone 1,3,4,5	1120	AGTTCCCCAAAGCACG-1
backbone 1,3,4,5	1121	CCGTAGGCAGAGAGGG-1
backbone 1,3,4,5	1122	GTCTCACGTTGGGCCT-1
backbone 1,3,4,5	1123	AGATAGAGTTAAAGTG-1
backbone 1,3,4,5	1124	ACTCTCGGTCCTATAG-1
backbone 1,3,4,5	1125	TGTAACGAGTAAGGGA-1
backbone 1,3,4,5	1126	AGGTAGGAGTGATAGT-1
backbone 1,3,4,5	1127	CTCAAGAAGATGGCGT-1
backbone 1,3,4,5	1128	TTTGATCGTCCAGTTA-1
backbone 1,3,4,5	1129	GCAACATTCCTAGCGG-1
backbone 1,3,4,5	1130	GTAGTACGTGTAAATG-1
backbone 1,3,4,5	1131	AACTTCTTCAAGGCTT-1
backbone 1,3,4,5	1132	GCAGGCTAGAGAGCAA-1
backbone 1,3,4,5	1133	GGTTGTAGTCGCAGTC-1
backbone 1,3,4,5	1134	CGACAGCTCTTAATCC-1
backbone 1,3,4,5	1135	TGATTCTTCATCACCC-1
backbone 1,3,4,5	1136	TACCCGTCACCAGACC-1
backbone 1,3,4,5	1137	GTCATCCCAGTTGCGC-1
backbone 1,3,4,5	1138	GATGACTCAAAGGCAC-1
backbone 1,3,4,5	1139	CTCTGGTCACGCGTGT-1
backbone 1,3,4,5	1140	TGACGCGAGGCATGCA-1
backbone 1,3,4,5	1141	GGGCTACAGCTAGCCC-1
backbone 1,3,4,5	1142	CACTGAACAAGGAGTC-1
backbone 1,3,4,5	1143	CTCAATTAGATACAGT-1
backbone 1,3,4,5	1144	TAGGAGGCACCGGTCA-1
backbone 1,3,4,5	1145	TCCACCAGTAGTTACC-1
backbone 1,3,4,5	1146	CGCCAGAGTCGTTGGC-1
backbone 1,3,4,5	1147	TCACACCAGGTAAGTT-1
backbone 1,3,4,5	1148	ACTTCGCAGGAGATAG-1
backbone 1,3,4,5	1149	TAAGCCATCGTCTCAC-1
backbone 1,3,4,5	1150	TCAGGGCTCATCACAG-1
backbone 1,3,4,5	1151	TGCAGATGTTGTTGTG-1
backbone 1,3,4,5	1152	TATCGCCAGTGGAAGA-1
backbone 1,3,4,5	1153	GCCAGCAAGGAAAGGT-1
backbone 1,3,4,5	1154	ATCCACCGTTTCACAG-1
backbone 1,3,4,5	1155	GTCTAGAAGGTCGACA-1
backbone 1,3,4,5	1156	TTGGGATGTGAGACGT-1
backbone 1,3,4,5	1157	CGTTGGGGTTCTTGCC-1
backbone 1,3,4,5	1158	TATCTTGAGATGTTAG-1
backbone 1,3,4,5	1159	CATCGCTTCGATGGAG-1
backbone 1,3,4,5	1160	CCACTTGGTCATAAAG-1
backbone 1,3,4,5	1161	AGGTAGGCATAGAATG-1
backbone 1,3,4,5	1162	AGGTCTAGTATCACGT-1
backbone 1,3,4,5	1163	ACTATTCCAAGCACAG-1
backbone 1,3,4,5	1164	AACAAAGCACCCTTAC-1
backbone 1,3,4,5	1165	GAGTGAGTCGCTAATG-1
backbone 1,3,4,5	1166	CTGTGAAGTACGAAAT-1
backbone 1,3,4,5	1167	AAGAACATCCGGACGT-1
backbone 1,3,4,5	1168	AATTCCTGTACCGGCT-1
backbone 1,3,4,5	1169	TCTAACTAGCAAGTGC-1
backbone 1,3,4,5	1170	TCGACCTTCGGCCTTT-1
backbone 1,3,4,5	1171	TGTAGACCATGCAGCC-1
backbone 1,3,4,5	1172	CTCAACCCATTGACCA-1
backbone 1,3,4,5	1173	AGCTACAGTCTTACTT-1
backbone 1,3,4,5	1174	GACTTCCCAAGGGTCA-1
backbone 1,3,4,5	1175	TATGTTCTCAAGTCGT-1
backbone 1,3,4,5	1176	TATACCTCATCCTAAG-1
backbone 1,3,4,5	1177	TTACCGCAGGCTCACC-1
backbone 1,3,4,5	1178	TCATCCGGTACTAGCT-1
backbone 1,3,4,5	1179	TATACCTGTATGATCC-1
backbone 1,3,4,5	1180	TTACGTTAGACGACTG-1
backbone 1,3,4,5	1181	TAAGCACTCCCATTTA-1
backbone 1,3,4,5	1182	GTGTCCTTCTATTCGT-1
backbone 1,3,4,5	1183	ACGTTCCGTGTTATCG-1
backbone 1,3,4,5	1184	GTGTCCTAGTACGAGC-1
backbone 1,3,4,5	1185	CATGGTAGTGCCCGTA-1
backbone 1,3,4,5	1186	GAACGTTTCTTTGCAT-1
backbone 1,3,4,5	1187	AGGTTACCAACACGTT-1
backbone 1,3,4,5	1188	CCTTCAGGTTGCCAAT-1
backbone 1,3,4,5	1189	TTTCACAAGTCTGCAT-1
backbone 1,3,4,5	1190	GCACATATCTACCTTA-1
backbone 1,3,4,5	1191	CCCTAACCAAATACGA-1
backbone 1,3,4,5	1192	AATGACCAGGTTCATC-1
backbone 1,3,4,5	1193	ACTGTCCTCCGGACGT-1
backbone 1,3,4,5	1194	GATGAGGGTAAGAACT-1
backbone 1,3,4,5	1195	TTCGCTGGTCAACGCC-1
backbone 1,3,4,5	1196	CGTTGGGTCCGAGAAG-1
backbone 1,3,4,5	1197	CGAAGGAGTCGAACGA-1
backbone 1,3,4,5	1198	TCTCTGGTCGGCTCTT-1
backbone 1,3,4,5	1199	TGCTTCGCAATACGCT-1
backbone 1,3,4,5	1200	AGAAATGGTCGAAGCA-1
backbone 1,3,4,5	1201	CTCAAGAGTCACTCTC-1
backbone 1,3,4,5	1202	GTTCGCTCACAAGTTC-1
backbone 1,3,4,5	1203	GCATCTCGTAGTGGCA-1
backbone 1,3,4,5	1204	GTAGCTAGTGGCAACA-1
backbone 1,3,4,5	1205	AATCACGGTACGAAAT-1
backbone 1,3,4,5	1206	GTTGAACCACCTGAAT-1
backbone 1,3,4,5	1207	TCATTTGCACCCTTAC-1
backbone 1,3,4,5	1208	GAGTCATTCATTCGTT-1
backbone 1,3,4,5	1209	CTATAGGTCTCGACCT-1
backbone 1,3,4,5	1210	CACTGGGAGAGAACCC-1
backbone 1,3,4,5	1211	ACAGCCGGTCATGGCC-1
backbone 1,3,4,5	1212	ATCCGTCAGAATCGTA-1
backbone 1,3,4,5	1213	GCTTTCGTCACACCGG-1
backbone 1,3,4,5	1214	CACGAATCAGGAGACT-1
backbone 1,3,4,5	1215	TCTTCCTAGGAAAGTG-1
backbone 1,3,4,5	1216	TCCATGCCATACAGGG-1
backbone 1,3,4,5	1217	TTCTTGAGTGATACAA-1
backbone 1,3,4,5	1218	TGGGAGACAGCTACCG-1
backbone 1,3,4,5	1219	CATTTCATCGTCAGAT-1
backbone 1,3,4,5	1220	GCCAGGTAGCTCCACG-1
backbone 1,3,4,5	1221	TCATGGACATCACGGC-1
backbone 1,3,4,5	1222	AGGATAACAGGCATTT-1
backbone 1,3,4,5	1223	GACTTCCAGGATTTGA-1
backbone 1,3,4,5	1224	TTCCAATTCTGTAAGC-1
backbone 1,3,4,5	1225	GACGTTATCCATAGGT-1
backbone 1,3,4,5	1226	GGCAGTCAGATCGCTT-1
backbone 1,3,4,5	1227	CTAGACATCGCGTTTC-1
backbone 1,3,4,5	1228	GGGCTCAGTAGGTTTC-1
backbone 1,3,4,5	1229	TCAGCAAGTAGCCCTG-1
backbone 1,3,4,5	1230	TTGCATTAGGCGAACT-1
backbone 1,3,4,5	1231	AAGCATCGTTGCATCA-1
backbone 1,3,4,5	1232	CATTCCGCATTGAGCT-1
backbone 1,3,4,5	1233	ACTTCGCCATTATGCG-1
backbone 1,3,4,5	1234	CTACAGAAGCCGAATG-1
backbone 1,3,4,5	1235	GGGACTCAGGTGCGAT-1
backbone 1,3,4,5	1236	GTTCCGTAGAATCGTA-1
backbone 1,3,4,5	1237	CTCATGCTCTGTCAGA-1
backbone 1,3,4,5	1238	ACTATCTGTTTCCAAG-1
backbone 1,3,4,5	1239	GCAGCTGAGGATGGCT-1
backbone 1,3,4,5	1240	TTGTGGAAGCTTTCCC-1
backbone 1,3,4,5	1241	TGGAGAGGTTGGGCCT-1
backbone 1,3,4,5	1242	TATCCTATCACCTCGT-1
backbone 1,3,4,5	1243	GTGCGTGTCAGTCAGT-1
backbone 1,3,4,5	1244	TCCTTTCCAACCGATT-1
backbone 1,3,4,5	1245	GGTGAAGTCTGTCCCA-1
backbone 1,3,4,5	1246	CTTCTCTCACAAGCTT-1
backbone 1,3,4,5	1247	TTCCACGGTTCGGCCA-1
backbone 1,3,4,5	1248	CGAAGTTGTAGAATGT-1
backbone 1,3,4,5	1249	TGTAGACCAACGTAAA-1
backbone 1,3,4,5	1250	CAACGATAGTCAGCCC-1
backbone 1,3,4,5	1251	GCAGTTAAGTGAATAC-1
backbone 1,3,4,5	1252	CCGTGAGTCTTTACAC-1
backbone 1,3,4,5	1253	AAGTTCGGTCATTGCA-1
backbone 1,3,4,5	1254	ACGTTCCCAAGTGATA-1
backbone 1,3,4,5	1255	CCTTCAGGTGAGATAT-1
backbone 1,3,4,5	1256	TACCTCGCATTATGCG-1
backbone 1,3,4,5	1257	CTACCCACAAGTGGTG-1
backbone 1,3,4,5	1258	GAGTGAGCACGCCACA-1
backbone 1,3,4,5	1259	CTGTACCGTGACTGTT-1
backbone 1,3,4,5	1260	CCTACGTTCTCGGGAC-1
backbone 1,3,4,5	1261	CACACAAGTTAGGCCC-1
backbone 1,3,4,5	1262	GAATCGTCATGTCAGT-1
backbone 1,3,4,5	1263	CCCTCAAGTGGGACAT-1
backbone 1,3,4,5	1264	ATGGGAGGTAATGATG-1
backbone 1,3,4,5	1265	GGTGAAGAGCGTTACT-1
backbone 1,3,4,5	1266	AAACGCTAGGCTCTCG-1
backbone 1,3,4,5	1267	GAGGGTAGTATGGTAA-1
backbone 1,3,4,5	1268	CACGAATTCCTGGTCT-1
backbone 1,3,4,5	1269	TCCTTCTAGGAATTAC-1
backbone 1,3,4,5	1270	CTACCCAGTCACTCTC-1
backbone 1,3,4,5	1271	AGATCCAAGATCCTAC-1
backbone 1,3,4,5	1272	CAACGGCTCAATCCAG-1
backbone 1,3,4,5	1273	TGATGCACAGGGCTTC-1
backbone 1,3,4,5	1274	CTGCCATAGTCTGCGC-1
backbone 1,3,4,5	1275	CTAACCCTCAGGAAGC-1
backbone 1,3,4,5	1276	TACAGGTTCCAGCTCT-1
backbone 1,3,4,5	1277	AGGTTACAGAGGTTTA-1
backbone 1,3,4,5	1278	TCACATTGTCTACAGT-1
backbone 1,3,4,5	1279	TGCATGATCAAGCTTG-1
backbone 1,3,4,5	1280	ACGTAACCACGTAGAG-1
backbone 1,3,4,5	1281	TTACCGCTCACATCAG-1
backbone 1,3,4,5	1282	TTCCTAAAGACAACTA-1
backbone 1,3,4,5	1283	GTTCATTGTGAATTGA-1
backbone 1,3,4,5	1284	ATACCGATCACCGGTG-1
backbone 1,3,4,5	1285	CTGTGAAAGCGACAGT-1
backbone 1,3,4,5	1286	TTTACCATCCTTCGAC-1
backbone 1,3,4,5	1287	TCGACGGCAGTGGTGA-1
backbone 1,3,4,5	1288	ACACTGAAGACATCCT-1
backbone 1,3,4,5	1289	TTGTGGAAGGAAGTAG-1
backbone 1,3,4,5	1290	CATTCTATCACCTTAT-1
backbone 1,3,4,5	1291	ATACCTTGTTTACGTG-1
backbone 1,3,4,5	1292	GTGGGAAGTGGACCTC-1
backbone 1,3,4,5	1293	CCGGTAGTCGCAACAT-1
backbone 1,3,4,5	1294	AAGTGAAAGATGAAGG-1
backbone 1,3,4,5	1295	GTGTGATGTGGAAATT-1
backbone 1,3,4,5	1296	TCCTCGAAGGCTCTCG-1
backbone 1,3,4,5	1297	ATGACCACACTGGCGT-1
backbone 1,3,4,5	1298	CTGTGGGCACCGCTGA-1
backbone 1,3,4,5	1299	CCCTCTCCATGGGAAC-1
backbone 1,3,4,5	1300	ACGGTCGTCCAGCACG-1
backbone 1,3,4,5	1301	AGCGCTGTCCGATGCG-1
backbone 1,3,4,5	1302	CCACACTCAGCGACCT-1
backbone 1,3,4,5	1303	TCAGGTATCCACGAAT-1
backbone 1,3,4,5	1304	CAATACGTCTCGTCAC-1
backbone 1,3,4,5	1305	GGGAAGTGTTACCGTA-1
backbone 1,3,4,5	1306	TCACACCAGTACGAGC-1
backbone 1,3,4,5	1307	GATGGAGAGCTTTCTT-1
backbone 1,3,4,5	1308	TGGTACATCTAAACGC-1
backbone 1,3,4,5	1309	CACGTTCGTCGCATGC-1
backbone 1,3,4,5	1310	TCCCAGTTCTCTGCCA-1
backbone 1,3,4,5	1311	TCATTTGAGTCCTACA-1
backbone 1,3,4,5	1312	AGTACTGAGGCGATAC-1
backbone 1,3,4,5	1313	AAAGGGCCAACCCGCA-1
backbone 1,3,4,5	1314	ATGCGATCATCCTTGC-1
backbone 1,3,4,5	1315	ACAAAGAAGTCACTGT-1
backbone 1,3,4,5	1316	TGTTGGAGTTCCCACT-1
backbone 1,3,4,5	1317	GACATCACATCGCTCT-1
backbone 1,3,4,5	1318	CAGGGCTAGCCGTTAT-1
backbone 1,3,4,5	1319	ATCCACCGTAGTCGTT-1
backbone 1,3,4,5	1320	ACTTCGCTCTGGTTGA-1
backbone 1,3,4,5	1321	TCTCACGCAACCAACT-1
backbone 1,3,4,5	1322	TGTCAGAGTCTGTCCT-1
backbone 1,3,4,5	1323	CCGCAAGAGTTCTCTT-1
backbone 1,3,4,5	1324	AGGCATTGTTTATGCG-1
backbone 1,3,4,5	1325	ATCTTCAAGTTGCGAG-1
backbone 1,3,4,5	1326	TGAGTCATCCTCTGCA-1
backbone 1,3,4,5	1327	AACTTCTAGAACAGGA-1
backbone 1,3,4,5	1328	CCTCTAGTCCTCTAAT-1
backbone 1,3,4,5	1329	CATCCGTCAACTCCAA-1
backbone 1,3,4,5	1330	CTCAAGACATGATAGA-1
backbone 1,3,4,5	1331	TCGTCCACAACGTAAA-1
backbone 1,3,4,5	1332	ACGGAAGGTTGTCTAG-1
backbone 1,3,4,5	1333	TCATGGATCTCATAGG-1
backbone 1,3,4,5	1334	GTACAACTCCCGAGGT-1
backbone 1,3,4,5	1335	CGGTCAGTCAGATTGC-1
backbone 1,3,4,5	1336	TCATTGTAGGACGCTA-1
backbone 1,3,4,5	1337	GCTCAAAAGGACTGGT-1
backbone 1,3,4,5	1338	CATCGCTTCCTTTAGT-1
backbone 1,3,4,5	1339	CAACGATGTTAATGAG-1
backbone 1,3,4,5	1340	GTCAGCGGTTCAACGT-1
backbone 1,3,4,5	1341	ACGTCCTTCCTGTACC-1
backbone 1,3,4,5	1342	CTCCTTTAGACGACGT-1
backbone 1,3,4,5	1343	TCATATCAGCACCTGC-1
backbone 1,3,4,5	1344	CATTGCCCATTACGGT-1
backbone 1,3,4,5	1345	CTCCGATCAAACTGCT-1
backbone 1,3,4,5	1346	AGACCCGGTTGAATCC-1
backbone 1,3,4,5	1347	GTGTGGCGTCTAGATC-1
backbone 1,3,4,5	1348	AGATCCATCCCGTGTT-1
backbone 1,3,4,5	1349	ATCACGATCCGATCGG-1
backbone 1,3,4,5	1350	CTTACCGGTCAAGGCA-1
backbone 1,3,4,5	1351	GTAATCGGTGAACTAA-1
backbone 1,3,4,5	1352	CAAGCTACAATACGAA-1
backbone 1,3,4,5	1353	GTCTTTAGTAGGTTTC-1
backbone 1,3,4,5	1354	TACTTACGTCGCACGT-1
backbone 1,3,4,5	1355	CAAGCTATCACCTGGG-1
backbone 1,3,4,5	1356	AACGGGAGTGGCCACT-1
backbone 1,3,4,5	1357	TAAGCCAGTTTGGGAG-1
backbone 1,3,4,5	1358	AGCGCTGCAAACGGCA-1
backbone 1,3,4,5	1359	GTAACACCAATAACCC-1
backbone 1,3,4,5	1360	GAAATGATCCTATTTG-1
backbone 1,3,4,5	1361	TGGGTTATCGACATAC-1
backbone 1,3,4,5	1362	TTGAACGGTCGACGCT-1
backbone 1,3,4,5	1363	GAGTGTTCAAGCGAGT-1
backbone 1,3,4,5	1364	CATAAGCAGGATTTGA-1
backbone 1,3,4,5	1365	TCCTAATCAATTGAGA-1
backbone 1,3,4,5	1366	TCTTAGTCAATGACCT-1
backbone 1,3,4,5	1367	AGTAACCAGCGATCGA-1
backbone 1,3,4,5	1368	GCGTTTCAGTTGAAAC-1
backbone 1,3,4,5	1369	GAAGCGATCCACACCT-1
backbone 1,3,4,5	1370	TGACCCTGTGGTTCTA-1
backbone 1,3,4,5	1371	TCTATACGTCATCGCG-1
backbone 1,3,4,5	1372	CGTGTCTGTATCGTTG-1
backbone 1,3,4,5	1373	ACGGTTAGTCGGTAAG-1
backbone 1,3,4,5	1374	TACCTGCAGGCAATGC-1
backbone 1,3,4,5	1375	CGATGCGGTCGTATTG-1
backbone 1,3,4,5	1376	CAATTTCAGCTAGAAT-1
backbone 1,3,4,5	1377	TCAATTCTCCTCTCTT-1
backbone 1,3,4,5	1378	AAAGGGCGTCATGACT-1
backbone 1,3,4,5	1379	CAAGAGGCAGCAATTC-1
backbone 1,3,4,5	1380	TGGCGTGAGGATATGT-1
backbone 1,3,4,5	1381	GAGGGTAAGTGGACTG-1
backbone 1,3,4,5	1382	TAGTGCATCTAGGCCG-1
backbone 1,3,4,5	1383	CTATCCGCAGCTATTG-1
backbone 1,3,4,5	1384	TAGGAGGCACGTCATA-1
backbone 1,3,4,5	1385	CCACGAGTCAGGTGTT-1
backbone 1,3,4,5	1386	CATCAAGCATGTTCGA-1
backbone 1,3,4,5	1387	AGGGCTCTCAAGCGTT-1
backbone 1,3,4,5	1388	TTTGGTTTCCATTCAT-1
backbone 1,3,4,5	1389	TCTACATCAGATTTCG-1
backbone 1,3,4,5	1390	AGCCAGCGTGCTAGCC-1
backbone 1,3,4,5	1391	TGTTGAGGTTATCTGG-1
backbone 1,3,4,5	1392	GAAGTAACATGAAGGC-1
backbone 1,3,4,5	1393	AGGCTGCGTGGTCAAG-1
backbone 1,3,4,5	1394	GTTACCCCAGAGGGTT-1
backbone 1,3,4,5	1395	CTACCCATCAAGTAAG-1
backbone 1,3,4,5	1396	TCGAAGTCAATCCAGT-1-1
backbone 1,3,4,5	1397	GGTGTTACAACGGTAG-1
backbone 1,3,4,5	1398	GGTTAACTCATCTCTA-1
backbone 1,3,4,5	1399	CAGAGCCCAATTGCTG-1
backbone 1,3,4,5	1400	TTAGGGTCAGGGACTA-1
backbone 1,3,4,5	1401	AGTAACCTCTTGAACG-1
backbone 1,3,4,5	1402	GAAATGAAGGGTTAAT-1
backbone 1,3,4,5	1403	GAGTCTAGTCTCAAGT-1
backbone 1,3,4,5	1404	AGATCCAGTTCGTGCG-1
backbone 1,3,4,5	1405	TACCTGCTCCACCCTA-1
backbone 1,3,4,5	1406	GTGAGTTTCTGGCCTT-1
backbone 1,3,4,5	1407	TTTGTTGGTCGATTTG-1
backbone 1,3,4,5	1408	GTAACCACAACAGAGC-1
backbone 1,3,4,5	1409	TTGGTTTTCACTGCTC-1
backbone 1,3,4,5	1410	AGCGCCACATCCGGTG-1
backbone 1,3,4,5	1411	TACAGGTGTCGTCAGC-1
backbone 1,3,4,5	1412	GGGCCATCATGGGTCC-1
backbone 1,3,4,5	1413	TTTGGTTGTAATTAGG-1
backbone 1,3,4,5	1414	GTGAGCCCAAATGGCG-1
backbone 1,3,4,5	1415	CCCGAAGGTGGTACAG-1
backbone 1,3,4,5	1416	TCTACATCATAACAGA-1
backbone 1,3,4,5	1417	TTTCAGTTCCATAAGC-1
backbone 1,3,4,5	1418	TTTGATCCACCAGACC-1
backbone 1,3,4,5	1419	ATCCATTAGGTCTTTG-1
backbone 1,3,4,5	1420	TACACCCAGGTTGCCC-1
backbone 1,3,4,5	1421	GATCGTAAGGTATCTC-1
backbone 1,3,4,5	1422	ACAGAAAAGACCATTC-1
backbone 1,3,4,5	1423	ACGCACGAGTAGTCAA-1
backbone 1,3,4,5	1424	TGCAGATAGCTCTTCC-1
backbone 1,3,4,5	1425	GTCTTTAAGCAGTAAT-1
backbone 1,3,4,5	1426	TCCTCTTAGTAAGGGA-1
backbone 1,3,4,5	1427	GCCAGGTGTTCTCAGA-1
backbone 1,3,4,5	1428	CGAGAAGAGACATCCT-1
backbone 1,3,4,5	1429	TTCAATCTCACCGGTG-1
backbone 1,3,4,5	1430	TCCCATGCAACCGCCA-1
backbone 1,3,4,5	1431	GTAGAGGCACAATCTG-1
backbone 1,3,4,5	1432	GTTACCCCAATGGCAG-1
backbone 1,3,4,5	1433	CCTCAACTCTACACAG-1
backbone 1,3,4,5	1434	GTCACGGCACTACACA-1
backbone 1,3,4,5	1435	ATCGCCTTCGTTACCC-1
backbone 1,3,4,5	1436	TGCTTGCGTGATACAA-1
backbone 1,3,4,5	1437	AGGGCTCTCTAACACG-1
backbone 1,3,4,5	1438	ACTATCTAGGCTAGCA-1
backbone 1,3,4,5	1439	TAGACCAGTTGTACGT-1
backbone 1,3,4,5	1440	GGTGAAGCAGAGTGTG-1
backbone 1,3,4,5	1441	GTTGTGATCCGACGGT-1
backbone 1,3,4,5	1442	AGAGCAGCATTGCAAC-1
backbone 1,3,4,5	1443	AAAGTGAAGACATACA-1
backbone 1,3,4,5	1444	CACACAATCACTTGGA-1
backbone 1,3,4,5	1445	GAGTCTATCTTCCCAG-1
backbone 1,3,4,5	1446	AACAAAGTCGTTATCT-1
backbone 1,3,4,5	1447	GTGTGGCAGTAACCGG-1
backbone 1,3,4,5	1448	CATTGAGTCACTGCTC-1
backbone 1,3,4,5	1449	TCACTATAGGTCTGGA-1
backbone 1,3,4,5	1450	ATCGTCCGTTAGGGAC-1
backbone 1,3,4,5	1451	CACAGGCCATGATGCT-1
backbone 1,3,4,5	1452	AGGATAACATGCCGCA-1
backbone 1,3,4,5	1453	TTGACCCGTGAATATG-1
backbone 1,3,4,5	1454	TGGTTAGAGCCTGCCA-1
backbone 1,3,4,5	1455	CTTCCGACACTCTCGT-1
backbone 1,3,4,5	1456	CTACCTGGTATAGGAT-1
backbone 1,3,4,5	1457	ACAGCCGTCCCTCTTT-1
backbone 1,3,4,5	1458	TGCTTGCAGTTCTCTT-1
backbone 1,3,4,5	1459	TACCTCGAGACTCATC-1
backbone 1,3,4,5	1460	TCATGGATCGTACACA-1
backbone 1,3,4,5	1461	GCCGTGATCATTCGGA-1
backbone 1,3,4,5	1462	CTGAGGCGTTTACCTT-1
backbone 1,3,4,5	1463	GCAGGCTCAATGCAAA-1
backbone 1,3,4,5	1464	ACTTATCTCACAGAGG-1
backbone 1,3,4,5	1465	GTGGAGAGTCATCAGT-1
backbone 1,3,4,5	1466	CTTTCAACAAAGGTTA-1
backbone 1,3,4,5	1467	TTTACGTGTATTGCCA-1
backbone 1,3,4,5	1468	ACCACAAAGATCACCT-1
backbone 1,3,4,5	1469	ATAGAGATCAGGAGAC-1
backbone 1,3,4,5	1470	GCAACCGTCGCGGACT-1
backbone 1,3,4,5	1471	GTCTGTCGTATCAGCT-1
backbone 1,3,4,5	1472	ATGGGAGTCTTGGGCG-1
backbone 1,3,4,5	1473	AGTGATCTCCTAACAG-1
backbone 1,3,4,5	1474	TCGCACTCAAGCGAAC-1
backbone 1,3,4,5	1475	AAGCCATTCTCTTAAC-1
backbone 1,3,4,5	1476	CGAGAAGAGGTAATCA-1
backbone 1,3,4,5	1477	AACTTCTCACGAAGAC-1
backbone 1,3,4,5	1478	GGGTATTCACATAACC-1
backbone 1,3,4,5	1479	AGACTCATCACCCTGT-1
backbone 1,3,4,5	1480	CATAAGCCATGGAGAC-1
backbone 1,3,4,5	1481	TCGGGACTCGAACACT-1
backbone 1,3,4,5	1482	CGATGCGAGCGCACAA-1
backbone 1,3,4,5	1483	CTCAGTCAGGAATCGC-1
backbone 1,3,4,5	1484	CCTAACCGTTCGTACA-1
backbone 1,3,4,5	1485	ATTCGTTTCGCTAGCG-1
backbone 1,3,4,5	1486	GGGTTTATCTTGGTCC-1
backbone 1,3,4,5	1487	TGCTCCAAGCATAGGC-1
backbone 1,3,4,5	1488	ACACAGTCAGTGAGCA-1
backbone 1,3,4,5	1489	AGCTACAGTCAAGGCA-1
backbone 1,3,4,5	1490	ATTCGTTCATGCCGAC-1
backbone 1,3,4,5	1491	TATCCTAAGTAGAATC-1
backbone 1,3,4,5	1492	GGTAACTTCGTGACTA-1
backbone 1,3,4,5	1493	AGCTTCCCAAACTGCT-1
backbone 1,3,4,5	1494	CCCTTAGGTGATAGAT-1
backbone 1,3,4,5	1495	GCATCTCCACTTGGCG-1
backbone 1,3,4,5	1496	GTCTCACGTCGACGCT-1
backbone 1,3,4,5	1497	TATCCTACATCAGCGC-1
backbone 1,3,4,5	1498	GACTCTCCACAGACGA-1
backbone 1,3,4,5	1499	CAGCGTGAGGATGTTA-1
backbone 1,3,4,5	1500	AGGAAATGTTCTCCAC-1
backbone 1,3,4,5	1501	ATTCCTATCCCAAGCG-1
backbone 1,3,4,5	1502	GTGCGTGAGTAACCGG-1
backbone 1,3,4,5	1503	CATTGAGGTATTGAGA-1
backbone 1,3,4,5	1504	AGTAGTCAGCGACAGT-1
backbone 1,3,4,5	1505	AACGAAAGTGTCATTG-1
backbone 1,3,4,5	1506	TGAATGCAGTTACTCG-1
backbone 1,3,4,5	1507	AATTCCTAGACGCCAA-1
backbone 1,3,4,5	1508	ATTCATCCATGTTCGA-1
backbone 1,3,4,5	1509	TGGTGATTCTGCATAG-1
backbone 1,3,4,5	1510	ACACTGAAGTTCCGTA-1
backbone 1,3,4,5	1511	AGGAAATCATGTGCTA-1
backbone 1,3,4,5	1512	CCCTAACCAAGTAGTA-1
backbone 1,3,4,5	1513	TTCACCGTCTCTCAAT-1
backbone 1,3,4,5	1514	AACAGGGCATTCAGCA-1
backbone 1,3,4,5	1515	TGGTACAAGACCGCCT-1
backbone 1,3,4,5	1516	TACCCACTCAGATTGC-1
backbone 1,3,4,5	1517	TCAAGACGTGTTAACC-1
backbone 1,3,4,5	1518	GTGTTCCCAGACATCT-1
backbone 1,3,4,5	1519	GGCTTTCGTTAAAGTG-1
backbone 1,3,4,5	1520	AACAAAGGTTGTGTAC-1
backbone 1,3,4,5	1521	ACTGTGAAGAGCATCG-1
backbone 1,3,4,5	1522	AGACACTCAGATCCTA-1
backbone 1,3,4,5	1523	TAAGCACGTTACCCTC-1
backbone 1,3,4,5	1524	GATTCGATCTCTAAGG-1
backbone 1,3,4,5	1525	ACTGTGAAGTCCGCCA-1
backbone 1,3,4,5	1526	GACTATGTCCGTTTCG-1
backbone 1,3,4,5	1527	CTGCATCTCCATACAG-1
backbone 1,3,4,5	1528	ACCTACCAGAAGGCTC-1
backbone 1,3,4,5	1529	GGGCTCACACCATTCC-1
backbone 1,3,4,5	1530	TTGTTCAGTGGCAACA-1
backbone 1,3,4,5	1531	GCATCTCAGTAGAGTT-1
backbone 1,3,4,5	1532	TTTATGCCATTCGATG-1
backbone 1,3,4,5	1533	GCTGGGTTCTTTCAGT-1
backbone 1,3,4,5	1534	GACTGATTCACCTTAT-1
backbone 1,3,4,5	1535	AGGTTACAGGTGCCTC-1
backbone 1,3,4,5	1536	AAAGGGCGTTCTCGTC-1
backbone 1,3,4,5	1537	GCTGCAGCAGTTGGTT-1
backbone 1,3,4,5	1538	TGTCAGAGTAACTGCT-1
backbone 1,3,4,5	1539	AGATCGTAGCGATGAC-1
backbone 1,3,4,5	1540	CCTTGTGCATTAGGCT-1
backbone 1,3,4,5	1541	TGATGGTCACATACGT-1
backbone 1,3,4,5	1542	GCCAACGTCGGTCATA-1
backbone 1,3,4,5	1543	TACATTCTCTTCTGGC-1
backbone 1,3,4,5	1544	TTCTGTAGTTATAGAG-1
backbone 1,3,4,5	1545	GCCAGTGGTGTGACCC-1
backbone 1,3,4,5	1546	TAGACCAAGAGTGTGC-1
backbone 1,3,4,5	1547	TCCTTCTGTGTCCACG-1
backbone 1,3,4,5	1548	TTCTCTCAGGCTGTAG-1
backbone 1,3,4,5	1549	AACCAACAGCGTTGTT-1
backbone 1,3,4,5	1550	GCCATTCAGGAGTATT-1
backbone 1,3,4,5	1551	GTGTAACAGGGTTAAT-1
backbone 1,3,4,5	1552	GTAGATCCAGGACTTT-1
backbone 1,3,4,5	1553	TAACCAGCAGTTTCAG-1
backbone 1,3,4,5	1554	ATCCGTCCAACAGAGC-1
backbone 1,3,4,5	1555	TTGGGCGCATAGAGGC-1
backbone 1,3,4,5	1556	TGGATCATCCAACTAG-1
backbone 1,3,4,5	1557	TCATACTAGGTGCATG-1
backbone 1,3,4,5	1558	TCATTACCATCGAACT-1
backbone 1,3,4,5	1559	GCCGTGACATAGGAGC-1
backbone 1,3,4,5	1560	GAGGCCTCATACAGGG-1
backbone 1,3,4,5	1561	TGGGTTAGTACGGCAA-1
backbone 1,3,4,5	1562	CGGAGAACAGTAACAA-1
backbone 1,3,4,5	1563	GGCTGTGGTACACGCC-1
backbone 1,3,4,5	1564	TTGGGATGTCAAGCCC-1
backbone 1,3,4,5	1565	AGGATCTAGATAACGT-1
backbone 1,3,4,5	1566	GAAGAATCATAGGTTC-1
backbone 1,3,4,5	1567	GAGGCAAAGCTGAAGC-1
backbone 1,3,4,5	1568	CTCCTTTAGAGTATAC-1
backbone 1,3,4,5	1569	TCGTAGACAGCAAGAC-1
backbone 1,3,4,5	1570	CTCCAACAGTAGTCTC-1
backbone 1,3,4,5	1571	TTGCCTGGTCATCACA-1
backbone 1,3,4,5	1572	CTCTCGATCAGTGTCA-1
backbone 1,3,4,5	1573	GTCATCCGTCTACAAC-1
backbone 1,3,4,5	1574	TGGTGATCACCGTCGA-1
backbone 1,3,4,5	1575	AGTGTTGCAACAGATA-1
backbone 1,3,4,5	1576	CAGGGCTCACTTGACA-1
backbone 1,3,4,5	1577	GGGTGAATCAGCCCAG-1
backbone 1,3,4,5	1578	ATGAAAGTCGACCCAG-1
backbone 1,3,4,5	1579	GGGACTCAGGTTGGTG-1
backbone 1,3,4,5	1580	TTCAGGATCCACAGCG-1
backbone 1,3,4,5	1581	TTACCATGTACGGGAT-1
backbone 1,3,4,5	1582	TGAGACTAGACCTGGA-1
backbone 1,3,4,5	1583	ATCACTTAGACCAAAT-1
backbone 1,3,4,5	1584	CGCAGGTAGTCATAGA-1
backbone 1,3,4,5	1585	ATCCATTAGATGTTCC-1
backbone 1,3,4,5	1586	TAGCACAAGCAATTAG-1
backbone 1,3,4,5	1587	TCATGTTAGAGGGTAA-1
backbone 1,3,4,5	1588	CTGTGAAAGACGAAGA-1
backbone 1,3,4,5	1589	ACTGATGTCACCTTGC-1
backbone 1,3,4,5	1590	GTCGCGAGTGACAGCA-1
backbone 1,3,4,5	1591	TCGCAGGAGGTATCTC-1
backbone 1,3,4,5	1592	TTAATCCTCCTACGGG-1
backbone 1,3,4,5	1593	GGGCTCACAAAGTATG-1
backbone 1,3,4,5	1594	TACATTCAGCCATTCA-1
backbone 1,3,4,5	1595	AGACTCAAGTGAGTGC-1
backbone 1,3,4,5	1596	CCTTTGGGTTCTCTAT-1
backbone 1,3,4,5	1597	CACAACACACAACGTT-1
backbone 1,3,4,5	1598	CCTCAGTAGGTAGACC-1
backbone 1,3,4,5	1599	GGAGGATGTGGTCTTA-1
backbone 1,3,4,5	1600	GTCAAACCAAATGCTC-1
backbone 1,3,4,5	1601	CATGCTCGTGTCTCCT-1
backbone 1,3,4,5	1602	CTGCGAGGTGTTGATC-1
backbone 1,3,4,5	1603	TCTCACGGTTCTTAGG-1
backbone 1,3,4,5	1604	AACGTCATCATAGACC-1
backbone 1,3,4,5	1605	TTGGATGCAGAGATGC-1
backbone 1,3,4,5	1606	AGTAGTCGTGAAAGTT-1
backbone 1,3,4,5	1607	TCAGTTTGTTTGGAAA-1
backbone 1,3,4,5	1608	TCGACGGCAGTTGAAA-1
backbone 1,3,4,5	1609	GGGATGAGTGAGATTA-1
backbone 1,3,4,5	1610	CTTCCTTCACCCGTAG-1
backbone 1,3,4,5	1611	TAGGAGGCAGGTGGAT-1
backbone 1,3,4,5	1612	CCACACTGTACCTATG-1
backbone 1,3,4,5	1613	CCCGAAGGTCAAAGCG-1
backbone 1,3,4,5	1614	ACCCTTGCAGGGCTTC-1
backbone 1,3,4,5	1615	GTTTGGACACTTCTCG-1
backbone 1,3,4,5	1616	TGGGCTGGTCTTTCTA-1
backbone 1,3,4,5	1617	CAAAGAATCGGTTCAA-1
backbone 1,3,4,5	1618	TGGGCGTTCCGATGTA-1
backbone 1,3,4,5	1619	AAGCATCGTGAGGATC-1
backbone 1,3,4,5	1620	GTGTAACTCTCTCGCA-1
backbone 1,3,4,5	1621	TGTTACTCAGAAGCTG-1
backbone 1,3,4,5	1622	GCCAGGTGTAACATCC-1
backbone 1,3,4,5	1623	CTCACTGGTCGGCTAC-1
backbone 1,3,4,5	1624	CTCCCTCAGATGGCAC-1
backbone 1,3,4,5	1625	AGGCTGCGTTAAGGGC-1
backbone 1,3,4,5	1626	CATTGCCCAAACACGG-1
backbone 1,3,4,5	1627	TTTGACTAGCACCGAA-1
backbone 1,3,4,5	1628	AGTGATCGTTAACAGA-1
backbone 1,3,4,5	1629	GCCGATGGTACAGTAA-1
backbone 1,3,4,5	1630	GGAGGTACACGGCGTT-1
backbone 1,3,4,5	1631	TCACTATGTCCACAGC-1
backbone 1,3,4,5	1632	ACAGGGAAGATGAAGG-1
backbone 1,3,4,5	1633	TCCAGAAGTAATGATG-1
backbone 1,3,4,5	1634	GTGTGGCCAGGAAGTC-1
backbone 1,3,4,5	1635	AACCAACAGCTCGTGC-1
backbone 1,3,4,5	1636	GTCACGGGTCAAAGCG-1
backbone 1,3,4,5	1637	ATCACAGCAATACCTG-1
backbone 1,3,4,5	1638	ATAGGCTAGATGAACT-1
backbone 1,3,4,5	1639	GTCCCATTCCGAGGCT-1
backbone 1,3,4,5	1640	TACGGTACATTCCTAT-1
backbone 1,3,4,5	1641	CAGCAGCGTTTGGGAG-1
backbone 1,3,4,5	1642	GGAAGTGGTCAGGTGA-1
backbone 1,3,4,5	1643	ACTGCAAAGTACAGAT-1
backbone 1,3,4,5	1644	GTGTCCTAGGGAGAAT-1
backbone 1,3,4,5	1645	AAACCCACACAGTGAG-1
backbone 1,3,4,5	1646	AACACACCAGCGAACA-1
backbone 1,3,4,5	1647	ACTTTCAAGAGCTGCA-1
backbone 1,3,4,5	1648	CTTGAGAAGGGAACAA-1
backbone 1,3,4,5	1649	CGTGAATGTAAGATAC-1
backbone 1,3,4,5	1650	AATAGAGCAGCACAAG-1
backbone 1,3,4,5	1651	ATTCGTTCATCATTTC-1
backbone 1,3,4,5	1652	AGCCAGCGTCAACCAT-1
backbone 1,3,4,5	1653	TCCACGTGTCGGTAAG-1
backbone 1,3,4,5	1654	GACATCACATCCAACA-1
backbone 1,3,4,5	1655	GGTGAAGCATAGAAAC-1
backbone 1,3,4,5	1656	CAGTGCGAGACGAGCT-1
backbone 1,3,4,5	1657	GCGGATCAGCCGTTGC-1
backbone 1,3,4,5	1658	CAAGCTATCCATCGTC-1
backbone 1,3,4,5	1659	GACCAATCATCTAACG-1
backbone 1,3,4,5	1660	CATCAAGCAGTCAACT-1
backbone 1,3,4,5	1661	TTGTTCAGTCTATGAC-1
backbone 1,3,4,5	1662	TACAGGTTCGAAGCAG-1
backbone 1,3,4,5	1663	TCCTGCATCTAGCCTC-1
backbone 1,3,4,5	1664	TGGTAGTCATACAGAA-1
backbone 1,3,4,5	1665	TCACGCTTCGCCACTT-1
backbone 1,3,4,5	1666	TCGACCTTCGATAACC-1
backbone 1,3,4,5	1667	GAGCTGCAGTCGCCAC-1
backbone 1,3,4,5	1668	GAACGTTTCGAATGCT-1
backbone 1,3,4,5	1669	TCTGCCACAGTCGCTG-1
backbone 1,3,4,5	1670	TGCATCCAGTGGTTGG-1
backbone 1,3,4,5	1671	GTAGAGGAGGACTATA-1
backbone 1,3,4,5	1672	GTGCTGGAGTCGGGAT-1
backbone 1,3,4,5	1673	CTCAACCTCACGGAGA-1
backbone 1,3,4,5	1674	TGATTTCGTATGATCC-1
backbone 1,3,4,5	1675	AACCAACTCATCCTAT-1
backbone 1,3,4,5	1676	AGGGCCTCAAAGGCAC-1
backbone 1,3,4,5	1677	GTACAACGTGGTCCGT-1
backbone 1,3,4,5	1678	CACGGGTCATTACGGT-1
backbone 1,3,4,5	1679	TGCTCGTCAGACGATG-1
backbone 1,3,4,5	1680	GACCCTTCAATCAAGA-1
backbone 1,3,4,5	1681	CTCAACCTCTTCGACC-1
backbone 1,3,4,5	1682	CTCATCGGTAACTAAG-1
backbone 1,3,4,5	1683	CTCAGGGTCCGTGGTG-1
backbone 1,3,4,5	1684	CGAGTTAGTTATAGAG-1
backbone 1,3,4,5	1685	AAAGTCCTCACTGGTA-1
backbone 1,3,4,5	1686	AGAGCCCCATACACCA-1
backbone 1,3,4,5	1687	AGTAACCGTCTACATG-1
backbone 1,3,4,5	1688	GCCAGCAAGAGCACTG-1
backbone 1,3,4,5	1689	ACCCTTGCAGCTACCG-1
backbone 1,3,4,5	1690	TCGGATATCACTCCGT-1
backbone 1,3,4,5	1691	GCATCTCCACGCGTGT-1
backbone 1,3,4,5	1692	ACGGTCGGTTGCCGCA-1
backbone 1,3,4,5	1693	GAGCCTGCACCAGTTA-1
backbone 1,3,4,5	1694	TGTTCCGCACTAACGT-1
backbone 1,3,4,5	1695	CCTGTTGAGTATCTGC-1
backbone 1,3,4,5	1696	GCTGAATCACTACCGG-1
backbone 1,3,4,5	1697	TTTACCAGTTTACGTG-1
backbone 1,3,4,5	1698	TCACATTAGCGTGCTC-1
backbone 1,3,4,5	1699	ATTTACCAGCCTAACT-1
backbone 1,3,4,5	1700	ATCCACCTCCAATCCC-1
backbone 1,3,4,5	1701	GCCAGTGTCTTCGATT-1
backbone 1,3,4,5	1702	ACATCCCGTACAGCGA-1
backbone 1,3,4,5	1703	TGTGTGAGTACGATTC-1
backbone 1,3,4,5	1704	TCCGTGTGTGGGTCAA-1
backbone 1,3,4,5	1705	TAAGCCAAGACGGTCA-1
backbone 1,3,4,5	1706	GCACTAAGTCTCTCTG-1
backbone 1,3,4,5	1707	GTGTGATTCAAGCCTA-1
backbone 1,3,4,5	1708	GTTTGGAAGTCACTAC-1
backbone 1,3,4,5	1709	GCAGCCAGTTAAGCAA-1
backbone 1,3,4,5	1710	TCGACCTGTACTGTTG-1
backbone 1,3,4,5	1711	CTGTATTCACGCTGCA-1
backbone 1,3,4,5	1712	GTCAAGTTCTCGGTAA-1
backbone 1,3,4,5	1713	AGGAGGTGTGCGGCTT-1
backbone 1,3,4,5	1714	ATTCCTAGTTGGAGGT-1
backbone 1,3,4,5	1715	ACTGTGATCATCACTT-1
backbone 1,3,4,5	1716	CTCGAGGGTGCGAACA-1
backbone 1,3,4,5	1717	TCAGTCCTCTGTCTCG-1
backbone 1,3,4,5	1718	AAGAACACACGCTATA-1
backbone 1,3,4,5	1719	AGACCCGCAGAACGCA-1
backbone 1,3,4,5	1720	AGACAAACAAATGGTA-1
backbone 1,3,4,5	1721	TCACACCAGTCATCGT-1
backbone 1,3,4,5	1722	CCCATTGGTCCGGACT-1
backbone 1,3,4,5	1723	ACTTTCAGTTCTAAGC-1
backbone 1,3,4,5	1724	TCACACCCAACGGCCT-1
backbone 1,3,4,5	1725	GAGCCTGGTCAACCTA-1
backbone 1,3,4,5	1726	GTCATCCAGGGCTTCC-1
backbone 1,3,4,5	1727	TACTTACCACTACCCT-1
backbone 1,3,4,5	1728	TTTGTTGCAACGTATC-1
backbone 1,3,4,5	1729	CTGTAGAGTACAAACA-1
backbone 1,3,4,5	1730	GTGATGTCACACGTGC-1
backbone 1,3,4,5	1731	AGAACAAAGGCCCACT-1
backbone 1,3,4,5	1732	AGGATCTTCCACTGGG-1
backbone 1,3,4,5	1733	AACGTCACAAATGGAT-1
backbone 1,3,4,5	1734	ATTACCTTCGCGGACT-1
backbone 1,3,4,5	1735	TCGTAGAGTTCTAACG-1
backbone 1,3,4,5	1736	TAGGTACTCCATTTAC-1
backbone 1,3,4,5	1737	TTTAGTCCAAACCGGA-1
backbone 1,3,4,5	1738	GCTGGGTAGGACAGCT-1
backbone 1,3,4,5	1739	ATGAAAGCACATACTG-1
backbone 1,3,4,5	1740	TACTGCCAGACAGCGT-1
backbone 1,3,4,5	1741	TGTTCCGGTTACCCAA-1
backbone 1,3,4,5	1742	TTCCTCTTCAGCCCAG-1
backbone 1,3,4,5	1743	CAGGGCTCACTGAATC-1
backbone 1,3,4,5	1744	CCGTGAGAGGCGATAC-1
backbone 1,3,4,5	1745	TCAGGGCTCGGAGTAG-1
backbone 1,3,4,5	1746	TCACTCGAGAACGCGT-1
backbone 1,3,4,5	1747	TCTGTCGTCGTGCTCT-1
backbone 1,3,4,5	1748	TCGTGCTCACGTCGGT-1
backbone 1,3,4,5	1749	GAGACTTTCACCTCGT-1
backbone 1,3,4,5	1750	CCTCATGTCGACCTAA-1
backbone 1,3,4,5	1751	GTGCGTGTCCTGTACC-1
backbone 1,3,4,5	1752	GTGGTTAGTGATTCTG-1
backbone 1,3,4,5	1753	AGACAGGAGGTCATTC-1
backbone 1,3,4,5	1754	AGGCTGCCACCCTAGG-1
backbone 1,3,4,5	1755	CGAAGTTCACAACGCC-1
backbone 1,3,4,5	1756	CGCATGGAGAGGTCGT-1
backbone 1,3,4,5	1757	AATCACGTCCCATACC-1
backbone 1,3,4,5	1758	CGAGTGCGTATCCCTC-1
backbone 1,3,4,5	1759	GCATCTCCAGCCGGTT-1
backbone 1,3,4,5	1760	CGTGATAGTTTCTTAC-1
backbone 1,3,4,5	1761	GTTAGTGTCGTGTTCC-1
backbone 1,3,4,5	1762	GATGGAGGTGACACGA-1
backbone 1,3,4,5	1763	TACTTCAGTACCAGAG-1
backbone 1,3,4,5	1764	GATTCTTAGCCTAACT-1
backbone 1,3,4,5	1765	AAGCGTTTCGGAGTAG-1
backbone 1,3,4,5	1766	CCATCACCAAGTGCAG-1
backbone 1,3,4,5	1767	CATGCAACACTTCAAG-1
backbone 1,3,4,5	1768	CTGGACGAGACTGAGC-1
backbone 1,3,4,5	1769	GTCATTTGTTAAGAAC-1
backbone 1,3,4,5	1770	GCACATATCTGGAGAG-1
backbone 1,3,4,5	1771	TAGCACATCTACGGTA-1
backbone 1,3,4,5	1772	TCTACCGCAGTCGAGA-1
backbone 1,3,4,5	1773	GTGCAGCTCTTTCGAT-1
backbone 1,3,4,5	1774	TCATTACGTCCTGAAT-1
backbone 1,3,4,5	1775	GGGTTATGTGTGCTTA-1
backbone 1,3,4,5	1776	CATGCTCTCACCCTTG-1
backbone 1,3,4,5	1777	ACCACAACACGTAACT-1
backbone 1,3,4,5	1778	GACTTCCTCGTGTTCC-1
backbone 1,3,4,5	1779	ACATTTCTCCTCACTG-1
backbone 1,3,4,5	1780	TCGGATATCGACATCA-1
backbone 1,3,4,5	1781	AGACCCGTCGTACCTC-1
backbone 1,3,4,5	1782	AGATCCAAGTCATCGT-1
backbone 1,3,4,5	1783	CTCAGTCCATCCGAGC-1
backbone 1,3,4,5	1784	AGACACTTCCGCTAGG-1
backbone 1,3,4,5	1785	AGCATCATCTTGCGCT-1
backbone 1,3,4,5	1786	GGAGCAAAGGCTAAAT-1
backbone 1,3,4,5	1787	AAAGTCCGTGCCCAGT-1
backbone 1,3,4,5	1788	TGGTGATTCAACTTTC-1
backbone 1,3,4,5	1789	CGAAGGACATTGACAC-1
backbone 1,3,4,5	1790	AGACAAACACCCTCTA-1
backbone 1,3,4,5	1791	CGAGGAAAGTGGGAAA-1
backbone 1,3,4,5	1792	CATGCAACACAATTCG-1
backbone 1,3,4,5	1793	TGGATGTTCCATTTGT-1
backbone 1,3,4,5	1794	CAGCACGTCAAACGAA-1
backbone 1,3,4,5	1795	ACATGCATCAGACAAA-1
backbone 1,3,4,5	1796	TCATTACTCCTCAGGG-1
backbone 1,3,4,5	1797	TAACTTCCACGACTAT-1
backbone 1,3,4,5	1798	CAGGGCTCAGGCGATA-1
backbone 1,3,4,5	1799	CAACAACTCCACTAGA-1
backbone 1,3,4,5	1800	CATCCGTTCACTTTGT-1
backbone 1,3,4,5	1801	TGTTCTATCGCGGTAC-1
backbone 1,3,4,5	1802	GTGGCGTTCTGCGGGT-1
backbone 1,3,4,5	1803	TCACGCTCAGTTACCA-1
backbone 1,3,4,5	1804	TCTTAGTTCTCAGTCC-1
backbone 1,3,4,5	1805	AATAGAGGTGGCCACT-1
backbone 1,3,4,5	1806	TTACCATGTACTCGCG-1
backbone 1,3,4,5	1807	CACAGATAGACCATAA-1
backbone 1,3,4,5	1808	TTACCATGTCATCGCG-1
backbone 1,3,4,5	1809	CGTTCTGGTTGCCTAA-1
backbone 1,3,4,5	1810	ACGGGTCAGTAGGGTC-1
backbone 1,3,4,5	1811	TCATTTGAGCAACAGC-1
backbone 1,3,4,5	1812	TGTTACTGTTGGATCT-1
backbone 1,3,4,5	1813	CAATGACAGGAACGTC-1
backbone 1,3,4,5	1814	CTGTGAAAGGAAGTAG-1
backbone 1,3,4,5	1815	CCCTAACGTGACGCCT-1
backbone 1,3,4,5	1816	CCCGAAGGTAGCTGAG-1
backbone 1,3,4,5	1817	GGGAGATCATGGCGCT-1
backbone 1,3,4,5	1818	TAGAGTCCAACCCTCT-1
backbone 1,3,4,5	1819	AAGGTAAAGAAGAACG-1
backbone 1,3,4,5	1820	TCAAGCAAGACGAGCT-1
backbone 1,3,4,5	1821	TGAACGTTCGAGCCAC-1
backbone 1,3,4,5	1822	ACTTTGTTCCGAGAAG-1
backbone 1,3,4,5	1823	TTCTTGACAGGTCCGT-1
backbone 1,3,4,5	1824	TGCGATAGTATGTGTC-1
backbone 1,3,4,5	1825	TGCATGAGTGGTACAG-1
backbone 1,3,4,5	1826	TTGAACGTCCAAGCTA-1
backbone 1,3,4,5	1827	AACGGGAAGGAGGCAG-1
backbone 1,3,4,5	1828	TTCTAACTCCTGCTAC-1
backbone 1,3,4,5	1829	GATTCTTAGGATTCCT-1
backbone 1,3,4,5	1830	TGAGCGCTCTGAGGCC-1
backbone 1,3,4,5	1831	AGCTTCCAGTTGGAAT-1
backbone 1,3,4,5	1832	CAACCTCAGTGTTCAC-1
backbone 1,3,4,5	1833	CATACAGAGAGCATCG-1
backbone 1,3,4,5	1834	CTATCCGCATTAAAGG-1
backbone 1,3,4,5	1835	CTACATTAGTTAACAG-1
backbone 1,3,4,5	1836	GATGTTGGTGTCCATA-1
backbone 1,3,4,5	1837	GAGTTGTTCATGGTAC-1
backbone 1,3,4,5	1838	GTGAGGAGTCCAAAGG-1
backbone 1,3,4,5	1839	TCAGCAAGTGTTGACT-1
backbone 1,3,4,5	1840	TTTCGATCAAAGTATG-1
backbone 1,3,4,5	1841	CAGGGCTCATACATCG-1
backbone 1,3,4,5	1842	GCCATTCGTCTACAGT-1
backbone 1,3,4,5	1843	ACATCCCAGCTGAGCA-1
backbone 1,3,4,5	1844	CATACAGTCGCTTACC-1
backbone 1,3,4,5	1845	GTGTTAGGTGTTCGTA-1
backbone 1,3,4,5	1846	ATTCCTATCTTTGATC-1
backbone 1,3,4,5	1847	ACGGGTCTCTGTCCGT-1
backbone 1,3,4,5	1848	CGTCCATCAGATTTCG-1
backbone 1,3,4,5	1849	AGAACAATCTTTCCAA-1
backbone 1,3,4,5	1850	ATGATCGTCATCACCC-1
backbone 1,3,4,5	1851	TTCAATCAGGGATGTC-1
backbone 1,3,4,5	1852	TGGTAGTAGTGCTCGC-1
backbone 1,3,4,5	1853	TGGAACTCAGCTGTAT-1
backbone 1,3,4,5	1854	AGTAGCTGTGTGTGGA-1
backbone 1,3,4,5	1855	AGCTACACAGACTGCC-1
backbone 1,3,4,5	1856	GGGTTATAGTGATGGC-1
backbone 1,3,4,5	1857	CCCTAACCATGTGTCA-1
backbone 1,3,4,5	1858	AAGGTAACAAGAAATC-1
backbone 1,3,4,5	1859	AGGAGGTGTATCATGC-1
backbone 1,3,4,5	1860	ATCGTCCCATCAGCGC-1
backbone 1,3,4,5	1861	TCATACTTCTCACGAA-1
backbone 1,3,4,5	1862	GTTGTCCTCGGCCCAA-1
backbone 1,3,4,5	1863	CAATTTCTCCCTAGGG-1
backbone 1,3,4,5	1864	ATTGGGTCAGCCCACA-1
backbone 1,3,4,5	1865	ATCGATGAGACTTGTC-1
backbone 1,3,4,5	1866	GATGACTCATCGTTCC-1
backbone 1,3,4,5	1867	GTCGTTCCATTCGGGC-1
backbone 1,3,4,5	1868	GACCGTGCACTGCGTG-1
backbone 1,3,4,5	1869	AACCCAAGTATCGTAC-1
backbone 1,3,4,5	1870	AATTCCTCAAGGCCTC-1
backbone 1,3,4,5	1871	TGGTAGTCAGCAGTTT-1
backbone 1,3,4,5	1872	GGTGTTACACGCTGCA-1
backbone 1,3,4,5	1873	GTAGATCAGCGCCCAT-1
backbone 1,3,4,5	1874	CCACTTGTCGCGTTTC-1
backbone 1,3,4,5	1875	ACACTGAGTGGTATGG-1
backbone 1,3,4,5	1876	AAGGTAAAGGCCTAAG-1
backbone 1,3,4,5	1877	CATGAGTAGAACTTCC-1
backbone 1,3,4,5	1878	TTGTTGTAGGCATCGA-1
backbone 1,3,4,5	1879	GGTCTGGAGGGACAGG-1
backbone 1,3,4,5	1880	TGTCCACGTTCCTTGC-1
backbone 1,3,4,5	1881	TCCTTTCTCCGCTGTT-1
backbone 1,3,4,5	1882	CCTCTCCCAGAGTAAT-1
backbone 1,3,4,5	1883	TCATTGTAGACATCCT-1
backbone 1,3,4,5	1884	AGTCACAGTATTGCCA-1
backbone 1,3,4,5	1885	GGGACAATCACAACCA-1
backbone 1,3,4,5	1886	GGGTATTAGCGCCTCA-1
backbone 1,3,4,5	1887	AGACCATGTTTCACAG-1
backbone 1,3,4,5	1888	TCTTCCTCATACTGTG-1
backbone 1,3,4,5	1889	TCGTCCAAGACTACGG-1
backbone 1,3,4,5	1890	CAGATTGCAGGTGACA-1
backbone 1,3,4,5	1891	TCGGGTGGTCCCGGTA-1
backbone 1,3,4,5	1892	TCAAGTGTCTCCTGTG-1
backbone 1,3,4,5	1893	TGTCCTGCACGATAGG-1
backbone 1,3,4,5	1894	TCTACCGAGAGTTCGG-1
backbone 1,3,4,5	1895	AAGTCGTTCTGTCGCT-1
backbone 1,3,4,5	1896	CTCAGGGGTCTACAGT-1
backbone 1,3,4,5	1897	TCATGTTAGATCCCAT-1
backbone 1,3,4,5	1898	GGGCTACCACTACCCT-1
backbone 1,3,4,5	1899	GTTAGACAGTCCCAGC-1
backbone 1,3,4,5	1900	CAGGTATCAGCTCTGG-1
backbone 1,3,4,5	1901	AAAGAACCATCCTTCG-1
backbone 1,3,4,5	1902	AAGACTCCAATTTCCT-1
backbone 1,3,4,5	1903	TGTTCCGCACGGAAGT-1
backbone 1,3,4,5	1904	ACAGGGATCACGGGAA-1
backbone 1,3,4,5	1905	GGCACGTAGAAGCGCT-1
backbone 1,3,4,5	1906	GTCCACTTCGCGCCAA-1
backbone 1,3,4,5	1907	TACCTCGAGTGGCGAT-1
backbone 1,3,4,5	1908	TTAATCCGTGTGTGTT-1
backbone 1,3,4,5	1909	CGTGAATCAACTACGT-1
backbone 1,3,4,5	1910	AACAAAGGTGCCCAGT-1
backbone 1,3,4,5	1911	CTGCCATCATCCGGTG-1
backbone 1,3,4,5	1912	ATCTCTATCCACTAGA-1
backbone 1,3,4,5	1913	AGAAGCGCAGACGATG-1
backbone 1,3,4,5	1914	GCACATAAGCGTGTCC-1
backbone 1,3,4,5	1915	TCAAGCACACGCAAAG-1
backbone 1,3,4,5	1916	TTTACCAGTTATGTCG-1
backbone 1,3,4,5	1917	CCTAACCAGCATCGAG-1
backbone 1,3,4,5	1918	AACCTGAAGCTGAGTG-1
backbone 1,3,4,5	1919	AACCAACGTGACCGTC-1
backbone 1,3,4,5	1920	GTCTACCTCAATCCGA-1
backbone 1,3,4,5	1921	CTAGGTACACTGGACC-1
backbone 1,3,4,5	1922	CCACGAGAGTAAAGCT-1
backbone 1,3,4,5	1923	TATTCCAGTGGTCCGT-1
backbone 1,3,4,5	1924	TATCTGTCAAGTGCAG-1
backbone 1,3,4,5	1925	TCGGATACACGCCAGT-1
backbone 1,3,4,5	1926	CCTCTAGGTCTTGGTA-1
backbone 1,3,4,5	1927	CACCAAAGTATCGAGG-1
backbone 1,3,4,5	1928	CTCAACCTCTATTTCG-1
backbone 1,3,4,5	1929	GTTGCTCGTATCGAAA-1
backbone 1,3,4,5	1930	TCTTGCGGTTAGTCGT-1
backbone 1,3,4,5	1931	GTAGAGGTCAGAATAG-1
backbone 1,3,4,5	1932	CGCGTGAGTGGCAACA-1
backbone 1,3,4,5	1933	GAGGGATTCCCTCGAT-1
backbone 1,3,4,5	1934	GTATTGGAGTAAACTG-1
backbone 1,3,4,5	1935	GACAGCCCATTATGCG-1
backbone 1,3,4,5	1936	GAGGGTATCATGAAAG-1
backbone 1,3,4,5	1937	ACGATGTCAACAGCCC-1
backbone 1,3,4,5	1938	AACAAAGCAGCTGGTC-1
backbone 1,3,4,5	1939	CCTATCGTCCTCTAAT-1
backbone 1,3,4,5	1940	GTAAGTCTCATTATCC-1
backbone 1,3,4,5	1941	TACAACGAGTCTTCGA-1
backbone 1,3,4,5	1942	GAATCACTCGTGACTA-1
backbone 1,3,4,5	1943	CATACCCAGCCTCATA-1
backbone 1,3,4,5	1944	ACGATGTTCCATTCAT-1
backbone 1,3,4,5	1945	AGTAACCAGATGCAGC-1
backbone 1,3,4,5	1946	AACACACGTACATTGC-1
backbone 1,3,4,5	1947	TGATCAGAGCAGGTCA-1
backbone 1,3,4,5	1948	GCGGAAACAGTAGGAC-1
backbone 1,3,4,5	1949	AGTGACTGTGCAATGG-1
backbone 1,3,4,5	1950	CAGTTCCTCCCTTGTG-1
backbone 1,3,4,5	1951	GGCTGTGTCTTCGATT-1
backbone 1,3,4,5	1952	TCTGGCTAGCCAAGCA-1
backbone 1,3,4,5	1953	CAAGAGGGTTGACTAC-1
backbone 1,3,4,5	1954	TACCCACGTCAAATCC-1
backbone 1,3,4,5	1955	CACGGGTCACTCCGAG-1
backbone 1,3,4,5	1956	TCACACCGTGATGTAA-1
backbone 1,3,4,5	1957	TCACGGGTCCATAGAC-1
backbone 1,3,4,5	1958	CAATTTCGTGGCCACT-1
backbone 1,3,4,5	1959	ACAGAAATCTCAATCT-1
backbone 1,3,4,5	1960	ACAAAGATCGTTCTGC-1
backbone 1,3,4,5	1961	GTTGTAGTCACTACTT-1
backbone 1,3,4,5	1962	AGTTCCCCATTGAAGA-1
backbone 1,3,4,5	1963	TCTTTGACAGATTAAG-1
backbone 1,3,4,5	1964	TCATGCCAGCCTTCTC-1
backbone 1,3,4,5	1965	GTTTGGAAGTCTCGTA-1
backbone 1,3,4,5	1966	TTGTGTTTCCAGTTCC-1
backbone 1,3,4,5	1967	AGCGTCGGTCTGCAAT-1
backbone 1,3,4,5	1968	GTGCGTGCACCGTCTT-1
backbone 1,3,4,5	1969	TTTCGATGTGGAATGC-1
backbone 1,3,4,5	1970	CACGTTCGTGGATCGA-1
backbone 1,3,4,5	1971	GTCGTAACAATGACCT-1
backbone 1,3,4,5	1972	TTCATGTGTCGTGGAA-1
backbone 1,3,4,5	1973	GAACTGTCACTACAGT-1
backbone 1,3,4,5	1974	TACCCACTCAGTGGGA-1
backbone 1,3,4,5	1975	TCTATCAGTAGAGATT-1
backbone 1,3,4,5	1976	AAACGAATCGACGACC-1
backbone 1,3,4,5	1977	CAGGGCTCACCGGTCA-1
backbone 1,3,4,5	1978	ACTTCGCAGTTAACGA-1
backbone 1,3,4,5	1979	AGATGCTCATCAGCAT-1
backbone 1,3,4,5	1980	GATCATGCATAACCCA-1
backbone 1,3,4,5	1981	CCACGTTTCGGTCGGT-1
backbone 1,3,4,5	1982	TATACCTTCTTGCAGA-1
backbone 1,3,4,5	1983	CATTCATAGTATCCTG-1
backbone 1,3,4,5	1984	TGGAGAGAGAGAGCGG-1
backbone 1,3,4,5	1985	GGGATCCAGTCGCTAT-1
backbone 1,3,4,5	1986	ACGGTTAAGATCCGAG-1
backbone 1,3,4,5	1987	TCGGGACCAGCTGGTC-1
backbone 1,3,4,5	1988	CGAGGCTTCCCGTGAG-1
backbone 1,3,4,5	1989	CCACACTTCCGTGTGG-1
backbone 1,3,4,5	1990	TTGCATTTCATGGATC-1
backbone 1,3,4,5	1991	CACGAATAGAACCCGA-1
backbone 1,3,4,5	1992	CATAGACCACATTCGA-1
backbone 1,3,4,5	1993	GTGTTAGTCACCACAA-1
backbone 1,3,4,5	1994	ACAAGCTTCTCGAGTA-1
backbone 1,3,4,5	1995	AGTAGTCTCCTTCAGC-1
backbone 1,3,4,5	1996	TTGTGTTAGTATCTGC-1
backbone 1,3,4,5	1997	ACAAGCTAGATCCTAC-1
backbone 1,3,4,5	1998	GACCAATGTCCGAAGA-1
backbone 1,3,4,5	1999	TCCGGGATCAAGTGTC-1
backbone 1,3,4,5	2000	TGGAGAGCAGGAGGAG-1
backbone 1,3,4,5	2001	GCAGTTATCCGCTGTT-1
backbone 1,3,4,5	2002	CTTCTCTAGTCTGGAG-1
backbone 1,3,4,5	2003	GCCAGGTTCTGTGCTC-1
backbone 1,3,4,5	2004	TTCACGCTCTAGACAC-1
backbone 1,3,4,5	2005	CCTTTGGGTATTCCTT-1
backbone 1,3,4,5	2006	GGGAGATAGACTGTTC-1
backbone 1,3,4,5	2007	GTGTTAGCACTGCGAC-1
backbone 1,3,4,5	2008	CTCACTGTCGTTCCCA-1
backbone 1,3,4,5	2009	CCGAACGGTACGATCT-1
backbone 1,3,4,5	2010	CATTGTTTCGCGCTGA-1
backbone 1,3,4,5	2011	TACTTACCACATGACT-1
backbone 1,3,4,5	2012	CAGATTGTCGCAATTG-1
backbone 1,3,4,5	2013	TCACGGGTCGCCAGTG-1
backbone 1,3,4,5	2014	AGGGCCTAGCAGCAGT-1
backbone 1,3,4,5	2015	TCAGCCTCATATGCGT-1
backbone 1,3,4,5	2016	CTCAAGATCAGCTGAT-1
backbone 1,3,4,5	2017	AGATCCAAGGAACTAT-1
backbone 1,3,4,5	2018	CACTTCGTCTTACCGC-1
backbone 1,3,4,5	2019	CGAAGTTTCCCTTTGG-1
backbone 1,3,4,5	2020	TGATCAGAGCTAGTTC-1
backbone 1,3,4,5	2021	ATTCATCAGAGAGTGA-1
backbone 1,3,4,5	2022	ACGGAAGAGGAACGAA-1
backbone 1,3,4,5	2023	TGCATCCGTGTACAGG-1
backbone 1,3,4,5	2024	ATTTCACAGGTTACAA-1
backbone 1,3,4,5	2025	GTTGTGACATGGAAGC-1
backbone 1,3,4,5	2026	TTGGTTTGTGCCCAGT-1
backbone 1,3,4,5	2027	CATGCTCAGATGCAGC-1
backbone 1,3,4,5	2028	GGAGGTACAAGCTCTA-1
backbone 1,3,4,5	2029	TCGCTTGCACGTAACT-1
backbone 1,3,4,5	2030	AATGGAACAAAGCTCT-1
backbone 1,3,4,5	2031	ATTACTCAGACGCCCT-1
backbone 1,3,4,5	2032	GGAATGGGTATTCCTT-1
backbone 1,3,4,5	2033	GTAGTACTCAATCCGA-1
backbone 1,3,4,5	2034	CGAGGAAGTGCTGTCG-1
backbone 1,3,4,5	2035	TCTGCCAGTAACATGA-1
backbone 1,3,4,5	2036	AATTCCTTCAGAACCT-1
backbone 1,3,4,5	2037	AATTCCTTCTCATGCC-1
backbone 1,3,4,5	2038	AGAGAATCAAGTTGGG-1
backbone 1,3,4,5	2039	GTAGCTAAGACTTGTC-1
backbone 1,3,4,5	2040	GATGGAGGTAGTCTTG-1
backbone 1,3,4,5	2041	CATCAAGGTGGTACAG-1
backbone 1,3,4,5	2042	GTCCACTCAAGCTGCC-1
backbone 1,3,4,5	2043	AAGCGTTCACACGGAA-1
backbone 1,3,4,5	2044	ACGGTCGAGTTTGCTG-1
backbone 1,3,4,5	2045	AGACAGGGTCTAACGT-1
backbone 1,3,4,5	2046	TTGACCCTCTAAGCGT-1
backbone 1,3,4,5	2047	CTCATTACAAAGGTTA-1
backbone 1,3,4,5	2048	AGTGATCCACCTGATA-1
backbone 1,3,4,5	2049	ACGTACAAGAAGCGGG-1
backbone 1,3,4,5	2050	TTTACCATCCACGTCT-1
backbone 1,3,4,5	2051	CTACCTGCAGTAACCT-1
backbone 1,3,4,5	2052	TCTCAGCTCGAAGAAT-1
backbone 1,3,4,5	2053	ATATCCTAGCACTCAT-1
backbone 1,3,4,5	2054	CAGTGCGTCCGCGGAT-1
backbone 1,3,4,5	2055	CTCAACCCACCTCAGG-1
backbone 1,3,4,5	2056	AAGCGTTAGGTCGTCC-1
backbone 1,3,4,5	2057	TAAGCACTCTCGTGGG-1
backbone 1,3,4,5	2058	CCAATTTCAGGACGAT-1
backbone 1,3,4,5	2059	CCTATCGTCTTGTGCC-1
backbone 1,3,4,5	2060	AGGCTGCTCCTCGCAT-1
backbone 1,3,4,5	2061	CAGCCAGGTATTAAGG-1
backbone 1,3,4,5	2062	TGATTCTAGGAAGTGA-1
backbone 1,3,4,5	2063	CATACAGAGCTAATGA-1
backbone 1,3,4,5	2064	GGGACTCAGGATTCCT-1
backbone 1,3,4,5	2065	GGGATGAAGTGAGCCA-1
backbone 1,3,4,5	2066	GAGAGGTTCTCGGGAC-1
backbone 1,3,4,5	2067	CGGGTGTGTTTCCAAG-1
backbone 1,3,4,5	2068	ATCTCTACAGTGGCTC-1
backbone 1,3,4,5	2069	TATCGCCCATAGGTAA-1
backbone 1,3,4,5	2070	TCGGGACAGAAATGGG-1
backbone 1,3,4,5	2071	GATCAGTTCTTAGGAC-1
backbone 1,3,4,5	2072	TATACCTCACGGTCTG-1
backbone 1,3,4,5	2073	AGCTACATCTGCAGCG-1
backbone 1,3,4,5	2074	GGGACTCAGGAAGTAG-1
backbone 1,3,4,5	2075	TCAGCAATCGGCCTTT-1
backbone 1,3,4,5	2076	GGGCGTTAGACGACTG-1
backbone 1,3,4,5	2077	CTACCTGAGTAGGATT-1
backbone 1,3,4,5	2078	GTTTACTCACATTCGA-1
backbone 1,3,4,5	2079	GTTCGCTTCGTAGAGG-1
backbone 1,3,4,5	2080	TGGAGAGGTGACCTGC-1
backbone 1,3,4,5	2081	AGGTAGGGTGACTAAA-1
backbone 1,3,4,5	2082	TCCTCTTAGCTGGTGA-1
backbone 1,3,4,5	2083	TTCCACGAGAAGCGGG-1
backbone 1,3,4,5	2084	TACGTCCTCCTTATGT-1
backbone 1,3,4,5	2085	GCATTAGGTGAAGCGT-1
backbone 1,3,4,5	2086	ATGCCTCGTCCGGATC-1
backbone 1,3,4,5	2087	ACAACCAAGCACCTGC-1
backbone 1,3,4,5	2088	GATGAGGTCCGGCAGT-1
backbone 1,3,4,5	2089	TCCTCGACACAGAGAC-1
backbone 1,3,4,5	2090	AGCGCTGTCCTAGCTC-1
backbone 1,3,4,5	2091	CATAGACCAGGTCTCG-1
backbone 1,3,4,5	2092	TGAGGTTAGAGCTGCA-1
backbone 1,3,4,5	2093	GAGGCAAGTGGCCTCA-1
backbone 1,3,4,5	2094	GTGACGCAGGTCGTAG-1
backbone 1,3,4,5	2095	ACGATGTGTAAGTCAA-1
backbone 1,3,4,5	2096	AGGTTGTTCCATCACC-1
backbone 1,3,4,5	2097	TGGGAGAAGAAGAACG-1
backbone 1,3,4,5	2098	CGAGGAAGTCCAGCCA-1
backbone 1,3,4,5	2099	TAATTCCGTTACCCTC-1
backbone 1,3,4,5	2100	AAGTACCCAAAGTGTA-1
backbone 1,3,4,5	2101	TGAACGTGTTCATCGA-1
backbone 1,3,4,5	2102	ACAACCATCTGGGAGA-1
backbone 1,3,4,5	2103	CGGAGAAGTTAGAAGT-1
backbone 1,3,4,5	2104	TCTCAGCCACGGTAGA-1
backbone 1,3,4,5	2105	CTTTCGGAGTTGTCAC-1
backbone 1,3,4,5	2106	CAGCCAGCAGCTTCCT-1
backbone 1,3,4,5	2107	GAGGCCTTCATCTCTA-1
backbone 1,3,4,5	2108	ATGACCACACTTGTCC-1
backbone 1,3,4,5	2109	GGGAAGTTCCACATAG-1
backbone 1,3,4,5	2110	GTCTCACGTACCAGAG-1
backbone 1,3,4,5	2111	AACCTTTGTGGCACTC-1
backbone 1,3,4,5	2112	CCTGTTGAGCTATCCA-1
backbone 1,3,4,5	2113	AATCACGGTCTACAGT-1
backbone 1,3,4,5	2114	CGAATTGAGAAACACT-1
backbone 1,3,4,5	2115	GGAATGGAGTGCACCC-1
backbone 1,3,4,5	2116	TCAGTCCGTCTTGCGG-1
backbone 1,3,4,5	2117	TTGCTGCAGGGTACGT-1
backbone 1,3,4,5	2118	TCACTCGCAAGATGTA-1
backbone 1,3,4,5	2119	GCATCTCGTCATCGGC-1
backbone 1,3,4,5	2120	GTACAACCAAGACCGA-1
backbone 1,3,4,5	2121	GAGTTACCATAATGAG-1
backbone 1,3,4,5	2122	ATCGTCCAGGCCTGCT-1
backbone 1,3,4,5	2123	TTTATGCAGCTGAAAT-1
backbone 1,3,4,5	2124	GTTCTATAGTGGTGAC-1
backbone 1,3,4,5	2125	GAAGGACAGTGCCGAA-1
backbone 1,3,4,5	2126	GGTCTGGGTTGAAGTA-1
backbone 1,3,4,5	2127	AAGTTCGCAAAGACGC-1
backbone 1,3,4,5	2128	CACTGGGAGATTGAGT-1
backbone 1,3,4,5	2129	TGAGACTCAGGTGAGT-1
backbone 1,3,4,5	2130	CTACTATAGATGACCG-1
backbone 1,3,4,5	2131	AACAACCTCAGACCGC-1
backbone 1,3,4,5	2132	ACATCCCGTGCTATTG-1
backbone 1,3,4,5	2133	GTAACCAGTCAGGTAG-1
backbone 1,3,4,5	2134	CTCATTACAATGCAGG-1
backbone 1,3,4,5	2135	TGAGCATCACATATCG-1
backbone 1,3,4,5	2136	GATCCCTCAGCCGTCA-1
backbone 1,3,4,5	2137	CTCCTCCCATGCGTGC-1
backbone 1,3,4,5	2138	TGTGTGATCAAATAGG-1
backbone 1,3,4,5	2139	TTGTTCATCGGCCTTT-1
backbone 1,3,4,5	2140	AGTACCATCCGCCTAT-1
backbone 1,3,4,5	2141	ATCCACCGTAACAAGT-1
backbone 1,3,4,5	2142	CCGTTCACAGCTGCCA-1
backbone 1,3,4,5	2143	ATTACCTAGTATTCCG-1
backbone 1,3,4,5	2144	GAGGGTATCTAAGCGT-1
backbone 1,3,4,5	2145	AGGCTGCAGCTTAAGA-1
backbone 1,3,4,5	2146	TATCAGGTCCCGGTAG-1
backbone 1,3,4,5	2147	TATCCTAAGCCATTTG-1
backbone 1,3,4,5	2148	TTGCCTGAGAGAGCAA-1
backbone 1,3,4,5	2149	AGCGATTAGGCCTGCT-1
backbone 1,3,4,5	2150	TCTCACGTCCAACCGG-1
backbone 1,3,4,5	2151	ATCGCCTCACTGTGAT-1
backbone 1,3,4,5	2152	GAACTGTCAGTTGAAA-1
backbone 1,3,4,5	2153	ACACCAATCATGAGTC-1
backbone 1,3,4,5	2154	TTACCGCTCGTCTCAC-1
backbone 1,3,4,5	2155	CAGAGCCGTGTCATCA-1
backbone 1,3,4,5	2156	GTAACACGTCCAGAAG-1
backbone 1,3,4,5	2157	CAACAGTCAGATCCTA-1
backbone 1,3,4,5	2158	AAGAACAGTGCCTATA-1
backbone 1,3,4,5	2159	ACTATTCGTGTAACGG-1
backbone 1,3,4,5	2160	CAATTTCGTACAGCGA-1
backbone 1,3,4,5	2161	TCCTTCTTCGGTCAGC-1
backbone 1,3,4,5	2162	ACCTACCCACTTCTCG-1
backbone 1,3,4,5	2163	TCAGGGCGTCTTGAGT-1
backbone 1,3,4,5	2164	GTTAGTGCATCCTCAC-1
backbone 1,3,4,5	2165	ACAACCACACGGTCTG-1
backbone 1,3,4,5	2166	TCCACCACATCGTCCT-1
backbone 1,3,4,5	2167	TTACGTTTCTCTTAAC-1
backbone 1,3,4,5	2168	AGCTTCCCAACGGCCT-1
backbone 1,3,4,5	2169	CTTGAGAAGGACGGAG-1
backbone 1,3,4,5	2170	GTGAGGATCTTCCACG-1
backbone 1,3,4,5	2171	TACTTGTCATGTCTAG-1
backbone 1,3,4,5	2172	CTACCCAGTGGATGAC-1
backbone 1,3,4,5	2173	CCTTGTGTCATGACAC-1
backbone 1,3,4,5	2174	CTTAGGAAGCAAATCA-1
backbone 1,3,4,5	2175	CTAGGTACAATCTAGC-1
backbone 1,3,4,5	2176	CTTCCTTAGCTGACCC-1
backbone 1,3,4,5	2177	CCTGTTGTCAGGTAAA-1
backbone 1,3,4,5	2178	TCGACGGTCTGGTCAA-1
backbone 1,3,4,5	2179	CGGAATTAGTCCGTCG-1
backbone 1,3,4,5	2180	TCCATCGCAGAGGACT-1
backbone 1,3,4,5	2181	AGTGATCGTCAGTTTG-1
backbone 1,3,4,5	2182	AGGTGTTTCAATCTTC-1
backbone 1,3,4,5	2183	TTCTAGTGTTTGAAAG-1
backbone 1,3,4,5	2184	CTCTGGTTCTAGTTCT-1
backbone 1,3,4,5	2185	TGAACGTCACATCATG-1
backbone 1,3,4,5	2186	AGCTTCCCAATGACCT-1
backbone 1,3,4,5	2187	CACACAAGTGAGATTA-1
backbone 1,3,4,5	2188	TTTCATGTCGAGTGGA-1
backbone 1,3,4,5	2189	TCATTGTCATACGCAT-1
backbone 1,3,4,5	2190	TGGCGTGAGAGGTCAC-1
backbone 1,3,4,5	2191	CTGATCCAGGTGATAT-1
backbone 1,3,4,5	2192	GAAGCCCAGTAATACG-1
backbone 1,3,4,5	2193	CCTCCAAGTCCCTGAG-1
backbone 1,3,4,5	2194	TTCCTAAAGCTAAACA-1
backbone 1,3,4,5	2195	GTAACACCAAGGCTTT-1
backbone 1,3,4,5	2196	TCTAACTGTCTGTGGC-1
backbone 1,3,4,5	2197	GAATAGAGTCTCCTGT-1
backbone 1,3,4,5	2198	CTGCGAGAGACTACCT-1
backbone 1,3,4,5	2199	GAGGGTATCGGTCAGC-1
backbone 1,3,4,5	2200	AGCTACAGTAGCGATG-1
backbone 1,3,4,5	2201	CAGGGCTCAAGTGGTG-1
backbone 1,3,4,5	2202	GTCTGTCTCACGGGCT-1
backbone 1,3,4,5	2203	TGATTCTCACAATGCT-1
backbone 1,3,4,5	2204	TTTGTTGTCGCGTCGA-1
backbone 1,3,4,5	2205	CAACCAATCTTCGTGC-1
backbone 1,3,4,5	2206	CATAAGCCAATGGGTG-1
backbone 1,3,4,5	2207	TATTCCAAGATGCGAC-1
backbone 1,3,4,5	2208	CCTCCTCTCACAGTGT-1
backbone 1,3,4,5	2209	TCGACCTGTGGCTGCT-1
backbone 1,3,4,5	2210	CTCCGATGTGAGACGT-1
backbone 1,3,4,5	2211	CGAATTGTCTTCGTGC-1
backbone 1,3,4,5	2212	TTGCTGCAGTTCCAGT-1
backbone 1,3,4,5	2213	CGGCAGTCACCAAATC-1
backbone 1,3,4,5	2214	CTTCGGTCACCCTAGG-1
backbone 1,3,4,5	2215	TCTATCACACCAAATC-1
backbone 1,3,4,5	2216	GCATCTCAGTATTGCC-1
backbone 1,3,4,5	2217	TACAACGCAAGGGCAT-1
backbone 1,3,4,5	2218	TGCATCCAGTGCACTT-1
backbone 1,3,4,5	2219	CACTGAACAAGATGGC-1
backbone 1,3,4,5	2220	TCGATTTGTGATAGAT-1
backbone 1,3,4,5	2221	CGAGTGCAGCATCGAG-1
backbone 1,3,4,5	2222	GTGCACGAGTGCAGCA-1
backbone 1,3,4,5	2223	AGTGTTGAGACTACGG-1
backbone 1,3,4,5	2224	TCATTCAAGGTCCCTG-1
backbone 1,3,4,5	2225	AAGCGTTTCTACGCGG-1
backbone 1,3,4,5	2226	CAAGGGACACGGGCTT-1
backbone 1,3,4,5	2227	CGAAGTTCAACACGTT-1
backbone 1,3,4,5	2228	TGAACGTGTGCATTAC-1
backbone 1,3,4,5	2229	ACAAAGAGTCCAGCCA-1
backbone 1,3,4,5	2230	CAGCACGCATCGCTGG-1
backbone 1,3,4,5	2231	TGAGCGCCACATTACG-1
backbone 1,3,4,5	2232	ATGTCCCGTTTAGTCG-1
backbone 1,3,4,5	2233	CCACGAGGTATCGTAC-1
backbone 1,3,4,5	2234	CACGGGTGTGAAGCGT-1
backbone 1,3,4,5	2235	AGACAGGGTATCTTCT-1
backbone 1,3,4,5	2236	CGCATAAAGCGTGAGT-1
backbone 1,3,4,5	2237	AAAGTGAGTAACGTTC-1
backbone 1,3,4,5	2238	GAGTCATGTGTGAATA-1
backbone 1,3,4,5	2239	GTCATTTGTGGCAGAT-1
backbone 1,3,4,5	2240	TATACCTTCTCGACGG-1
backbone 1,3,4,5	2241	TAACACGGTAGCTGTT-1
backbone 1,3,4,5	2242	CCCTCTCAGTCCCGGT-1
backbone 1,3,4,5	2243	GAGCTGCAGAGAGGTA-1
backbone 1,3,4,5	2244	ATGACCAGTTCCACGG-1
backbone 1,3,4,5	2245	GGAGCAAAGGTAGTAT-1
backbone 1,3,4,5	2246	AGTCATGAGTCCCAGC-1
backbone 1,3,4,5	2247	CCTCTAGCAGATACTC-1
backbone 1,3,4,5	2248	CGGACACCAACACAGG-1
backbone 1,3,4,5	2249	TGGGTTAGTCGAACAG-1
backbone 1,3,4,5	2250	AATTCCTAGCACAAAT-1
backbone 1,3,4,5	2251	ACAGCCGTCACTGCTC-1
backbone 1,3,4,5	2252	TGATCAGCAAGTTCGT-1
backbone 1,3,4,5	2253	GTGTTAGTCACTAGCA-1
backbone 1,3,4,5	2254	CAACAACAGACAGCTG-1
backbone 1,3,4,5	2255	TCTACCGTCCCTGTTG-1
backbone 1,3,4,5	2256	TGGTAGTAGTTCCAGT-1
backbone 1,3,4,5	2257	AACTTCTTCTGACCCT-1
backbone 1,3,4,5	2258	GCGTGCACATCGAACT-1
backbone 1,3,4,5	2259	AGGCCACTCGTTCGCT-1
backbone 1,3,4,5	2260	AGGTTACAGATTGGGC-1
backbone 1,3,4,5	2261	CGAATTGGTCACTCGG-1
backbone 1,3,4,5	2262	CTGAATGGTTCCTACC-1
backbone 1,3,4,5	2263	CATAAGCTCATGCGGC-1
backbone 1,3,4,5	2264	TTCACGCCAATGAGCG-1
backbone 1,3,4,5	2265	GCTACCTTCACCCTGT-1
backbone 1,3,4,5	2266	TGGTACACAACTCCAA-1
backbone 1,3,4,5	2267	GCAGGCTAGTTCGCAT-1
backbone 1,3,4,5	2268	AGGACTTGTTTACCTT-1
backbone 1,3,4,5	2269	GTCACTCTCCGCAACG-1
backbone 1,3,4,5	2270	TCAGGTACAGCACAGA-1
backbone 1,3,4,5	2271	GACTTCCTCTCTCTAA-1
backbone 1,3,4,5	2272	AACCCAAGTTAGGACG-1
backbone 1,3,4,5	2273	CTGCCATTCCGCAACG-1
backbone 1,3,4,5	2274	CAATACGTCGATCCCT-1
backbone 1,3,4,5	2275	AATTCCTCAGGTCTCG-1
backbone 1,3,4,5	2276	TTCCGGTGTCAACCTA-1
backbone 1,3,4,5	2277	TTTCGATAGGACTGGT-1
backbone 1,3,4,5	2278	TGGGATTGTGCGAGTA-1
backbone 1,3,4,5	2279	ACTGCAATCCGAGATT-1
backbone 1,3,4,5	2280	CCTTCAGGTGGACCAA-1
backbone 1,3,4,5	2281	TAACGACTCGCGTTTC-1
backbone 1,3,4,5	2282	ACTGATGCAACTTGGT-1
backbone 1,3,4,5	2283	ACAACCAAGCGCCCAT-1
backbone 1,3,4,5	2284	GACTCTCGTCAACCTA-1
backbone 1,3,4,5	2285	ATCCATTCATAATGCC-1
backbone 1,3,4,5	2286	GGAATCTGTAGCGCCT-1
backbone 1,3,4,5	2287	AGGATCTGTCACAGAG-1
backbone 1,3,4,5	2288	ACATTTCCATGAAGCG-1
backbone 1,3,4,5	2289	TCATGGATCGACCTAA-1
backbone 1,3,4,5	2290	TGTAGACAGCGATTCT-1
backbone 1,3,4,5	2291	CCGTTCATCCGTTTCG-1
backbone 1,3,4,5	2292	GGTTAACAGATACGAT-1
backbone 1,3,4,5	2293	CATACTTTCGTCGATA-1
backbone 1,3,4,5	2294	TGGGAGAGTAGCGTCC-1
backbone 1,3,4,5	2295	TAAGTCGGTTGAGAGC-1
backbone 1,3,4,5	2296	TTCACGCTCCATTTGT-1
backbone 1,3,4,5	2297	GGAGCAAGTCGCTCGA-1
backbone 1,3,4,5	2298	TACATTCGTTAAGGAT-1
backbone 1,3,4,5	2299	TCAGTCCTCGTGGTAT-1
backbone 1,3,4,5	2300	AGGACTTAGGGTGAGG-1
backbone 1,3,4,5	2301	CGAGTTAGTCAGTCGC-1
backbone 1,3,4,5	2302	TTCCGGTCAGCTGCCA-1
backbone 1,3,4,5	2303	GACCAATTCGAGAGCA-1
backbone 1,3,4,5	2304	CAACGGCCAGGGAATC-1
backbone 1,3,4,5	2305	TTACTGTCAAGTTCCA-1
backbone 1,3,4,5	2306	ATGTCTTTCGACGATT-1
backbone 1,3,4,5	2307	AGATGCTCACGACTAT-1
backbone 1,3,4,5	2308	GCATCTCCACGCACCA-1
backbone 1,3,4,5	2309	TAAGCGTGTGTGTTTG-1
backbone 1,3,4,5	2310	TAGACCAGTGTGTACT-1
backbone 1,3,4,5	2311	GATTTCTCACACAGCC-1
backbone 1,3,4,5	2312	GTAGAGGGTCATCACA-1
backbone 1,3,4,5	2313	GAGACTTGTAGTTCCA-1
backbone 1,3,4,5	2314	ATCGCCTTCGTGGCGT-1
backbone 1,3,4,5	2315	CGAGTTACAGACATCT-1
backbone 1,3,4,5	2316	AGCGCCAAGTAGGCCA-1
backbone 1,3,4,5	2317	AGGTCATTCCGCAAAT-1
backbone 1,3,4,5	2318	CGTAATGTCACGGAGA-1
backbone 1,3,4,5	2319	CAGCAGCGTCGGCTAC-1
backbone 1,3,4,5	2320	ATAGACCCAAGATTGA-1
backbone 1,3,4,5	2321	AATCGTGTCGACATAC-1
backbone 1,3,4,5	2322	AGGACGATCCGTTGAA-1
backbone 1,3,4,5	2323	TCAAGTGCAATAGTAG-1
backbone 1,3,4,5	2324	GTCACTCGTCAGTCTA-1
backbone 1,3,4,5	2325	TCATCCGGTTCCCACT-1
backbone 1,3,4,5	2326	TAAGCGTTCGAGAGAC-1
backbone 1,3,4,5	2327	GATCCCTGTCGCATGC-1
backbone 1,3,4,5	2328	CGAAGTTGTCCACAGC-1
backbone 1,3,4,5	2329	TTACGTTAGAGGCTGT-1
backbone 1,3,4,5	2330	GCAACATGTGTCCGTG-1
backbone 1,3,4,5	2331	TTGTTTGTCCAGCCTT-1
backbone 1,3,4,5	2332	CAGCACGAGTAAGCAT-1
backbone 1,3,4,5	2333	CGGGTGTAGGGCAATC-1
backbone 1,3,4,5	2334	CACCAAAGTTGGACCC-1
backbone 1,3,4,5	2335	AAGCGAGCATGCCGGT-1
backbone 1,3,4,5	2336	ACAGGGAAGAGGCGGA-1
backbone 1,3,4,5	2337	CGTGCTTGTCAAGCCC-1
branch: 1,3,4,2	0	TAGGGTTCAATGGCAG-1
branch: 1,3,4,2	1	CAAGGGAGTAACGGTG-1
branch: 1,3,4,2	2	TCCTGCAAGACTCAAA-1
branch: 1,3,4,2	3	TTACGTTCACCAAAGG-1
branch: 1,3,4,2	4	TTTCACACATTCGATG-1
branch: 1,3,4,2	5	CACGTGGGTACTAAGA-1
branch: 1,3,4,2	6	ACATTTCGTGATAGAT-1
branch: 1,3,4,2	7	GTGAGGAAGCTAAACA-1
branch: 1,3,4,2	8	GAGGCAAAGCACGGAT-1
branch: 1,3,4,2	9	TATTCCAAGAGTGAAG-1
branch: 1,3,4,2	10	TCGAAGTAGCTCTTCC-1
branch: 1,3,4,2	11	TACGCTCAGGCCCGTT-1
branch: 1,3,4,2	12	CGTGAATCACACCTTC-1
branch: 1,3,4,2	13	CCGATCTGTGAGATCG-1
branch: 1,3,4,2	14	AGGAAATCAATGCAGG-1
branch: 1,3,4,2	15	CACCGTTTCTCGGTCT-1
branch: 1,3,4,2	16	GTGCGTGGTCAAGCCC-1
branch: 1,3,4,2	17	CCGGTGACAAGTGGTG-1
branch: 1,3,4,2	18	GTCATTTTCTCATTAC-1
branch: 1,3,4,2	19	GGTGTCGGTGCAATAA-1
branch: 1,3,4,2	20	TCGTCCAGTCGCTGCA-1
branch: 1,3,4,2	21	AACGGGAAGACATCCT-1
branch: 1,3,4,2	22	GTAGAGGTCTCCAATT-1
branch: 1,3,4,2	23	CCTCACAAGCAGCAGT-1
branch: 1,3,4,2	24	AAGTTCGCATCCTATT-1
branch: 1,3,4,2	25	CTCTCGACAGTGTGGA-1
branch: 1,3,4,2	26	AAGACAATCAGCGGAA-1
branch: 1,3,4,2	27	AAGATAGCATGGGATG-1
branch: 1,3,4,2	28	GCTGCAGTCAGTCACA-1
branch: 1,3,4,2	29	GTGAGTTCAATAACGA-1
branch: 1,3,4,2	30	TCATACTCAGGATTCT-1
branch: 1,3,4,2	31	TAATTCCCATTGCAAC-1
branch: 1,3,4,2	32	ATCACGATCATGCATG-1
branch: 1,3,4,2	33	GGAAGTGAGATTTGCC-1
branch: 1,3,4,2	34	GATCAGTAGTAAGAGG-1
branch: 1,3,4,2	35	GCGTTTCCATGAAGCG-1
branch: 1,3,4,2	36	TGGGCTGTCCACATAG-1
branch: 1,3,4,2	37	CTCAGGGCAAGAGAGA-1
branch: 1,3,4,2	38	GCCGATGGTCCTCCTA-1
branch: 1,3,4,2	39	GTCGTTCTCGAGCACC-1
branch: 1,3,4,2	40	TCACTCGCACCAGTTA-1
branch: 1,3,4,2	41	TCATCCGCAGGACATG-1
branch: 1,3,4,2	42	TGGTGATGTACACGTT-1
branch: 1,3,4,2	43	CACGTGGGTGACTATC-1
branch: 1,3,4,2	44	ATTGTTCAGGTGCGAT-1
branch: 1,3,4,2	45	AACAAAGAGAAGGTAG-1
branch: 1,3,4,2	46	GGTTCTCTCAAACGTC-1
branch: 1,3,4,2	47	AGATGCTGTGACGCCT-1
branch: 1,3,4,2	48	GCTTGGGCAAGAAATC-1
branch: 1,3,4,2	49	TTACCATTCACATCAG-1
branch: 1,3,4,2	50	ACTATCTCAATCGCGC-1
branch: 1,3,4,2	51	AGAGAGCGTCCAGGTC-1
branch: 1,3,4,2	52	GGGCTCAAGTGGTGAC-1
branch: 1,3,4,2	53	GAAGCCCGTAGCACAG-1
branch: 1,3,4,2	54	CAATGACGTGTAACGG-1
branch: 1,3,4,2	55	TGGTGATGTGCAATGG-1
branch: 1,3,4,2	56	CGTAAGTAGCTTCGTA-1
branch: 1,3,4,2	57	GCAGTTAAGAGGATCC-1
branch: 1,3,4,2	58	ACCCAAAGTCCAAAGG-1
branch: 1,3,4,2	59	CTTCCGACATGGGATG-1
branch: 1,3,4,2	60	CTGCCTACACTTACAG-1
branch: 1,3,4,2	61	CTCCTCCGTCGGTGTC-1
branch: 1,3,4,2	62	GACTTCCCAGTGGTGA-1
branch: 1,3,4,2	63	CCACTTGTCCGCAAAT-1
branch: 1,3,4,2	64	CGTAGTATCACCATGA-1
branch: 1,3,4,2	65	CATGAGTGTGGGTATG-1
branch: 1,3,4,2	66	GCCCGAACAGACGATG-1
branch: 1,3,4,2	67	GACTATGTCACGAACT-1
branch: 1,3,4,2	68	TTTACCAAGCGGTAAC-1
branch: 1,3,4,2	69	GGGTATTGTAAGGCCA-1
branch: 1,3,4,2	70	GGGACCTAGGTTCCAT-1
branch: 1,3,4,2	71	GTGAGGATCATCACTT-1
branch: 1,3,4,2	72	TACGGGCCACTGATTG-1
branch: 1,3,4,2	73	CTCAATTTCGGAAGGT-1
branch: 1,3,4,2	74	CTCTGGTTCTGAGAAA-1
branch: 1,3,4,2	75	CCACCATGTTACCGTA-1
branch: 1,3,4,2	76	GATTCGAGTCACTAGT-1
branch: 1,3,4,2	77	CATCCCACAGCACCCA-1
branch: 1,3,4,2	78	TGTTTGTGTCGAGCAA-1
branch: 1,3,4,2	79	TCAGGTAAGCAGCACA-1
branch: 1,3,4,2	80	ACACAGTCAACTCGTA-1
branch: 1,3,4,2	81	CATTCCGTCGAAACAA-1
branch: 1,3,4,2	82	GTCATCCGTAACGTTC-1
branch: 1,3,4,2	83	AGGAAATTCGTTCATT-1
branch: 1,3,4,2	84	TTTAGTCAGCTCGGCT-1
branch: 1,3,4,2	85	TGAATGCAGCTCTGTA-1
branch: 1,3,4,2	86	CCTGCATAGACGAGCT-1
branch: 1,3,4,2	87	ATTCCTACATTCGATG-1
branch: 1,3,4,2	88	AGCGTCGCAGCACGAA-1
branch: 1,3,4,2	89	CAAGCTATCGTCAAAC-1
branch: 1,3,4,2	90	ATTTACCGTCGATGCC-1
branch: 1,3,4,2	91	TTTGACTCAACGTAAA-1
branch: 1,3,4,2	92	AAGTTCGCAATCCAGT-1
branch: 1,3,4,2	93	CATCCGTCACTACCCT-1
branch: 1,3,4,2	94	GAATAGAGTCACTTAG-1
branch: 1,3,4,2	95	TAGACCAAGTGTACAA-1
branch: 1,3,4,2	96	ACACCAAAGGTCCCGT-1
branch: 1,3,4,2	97	TCTGTCGGTCACCTTC-1
branch: 1,3,4,2	98	TTTCCTCTCAATCAGC-1
branch: 1,3,4,2	99	GAAGGGTCACGGATCC-1
branch: 1,3,4,2	100	TGTTCCGCAGGCGAAT-1
branch: 1,3,4,2	101	AAGCGTTTCCAAGCTA-1
branch: 1,3,4,2	102	TCACGGGTCTCATTTG-1
branch: 1,3,4,2	103	GTAGGTTGTAAGAACT-1
branch: 1,3,4,2	104	CTACGGGAGAAGGTAG-1
branch: 1,3,4,2	105	TCCCACATCTCGTGAA-1
branch: 1,3,4,2	106	AGGAATAGTGTGCCTG-1
branch: 1,3,4,2	107	ATGGTTGCACTTTATC-1
branch: 1,3,4,2	108	TACCCACGTAAGTAGT-1
branch: 1,3,4,2	109	AGGATAATCCCTCTTT-1
branch: 1,3,4,2	110	CTCTGGTCACTATCCC-1
branch: 1,3,4,2	111	GAAGGACCATTGGATC-1
branch: 1,3,4,2	112	CTCAGTCCACTGAATC-1
branch: 1,3,4,2	113	CTGAGGCAGCGTATAA-1
branch: 1,3,4,2	114	AGGAATACATGCCATA-1
branch: 1,3,4,2	115	TAGGTACCAACAGAGC-1
branch: 1,3,4,2	116	ACTACGATCTTCACAT-1
branch: 1,3,4,2	117	CATACTTTCACCATAG-1
branch: 1,3,4,2	118	GCCATTCGTAGAGACC-1
branch: 1,3,4,2	119	AGACTCATCATTTGCT-1
branch: 1,3,4,2	120	GATTGGTTCAGCGCAC-1
branch: 1,3,4,2	121	AAGGAATTCCGGCTTT-1
branch: 1,3,4,2	122	TGTCCACAGAATCGAT-1
branch: 1,3,4,2	123	ACACGCGCAGATCACT-1
branch: 1,3,4,2	124	ACTTCGCGTGAGAGGG-1
branch: 1,3,4,2	125	GATGACTAGCTAAATG-1
branch: 1,3,4,2	126	TCCCATGTCAGACCGC-1
branch: 1,3,4,2	127	TCATATCGTGCCGAAA-1
branch: 1,3,4,2	128	GCTGCAGGTCACATTG-1
branch: 1,3,4,2	129	GTTCATTAGGCACAAC-1
branch: 1,3,4,2	130	TCACAAGTCCAACACA-1
branch: 1,3,4,2	131	TGACAGTGTCCTACGG-1
branch: 1,3,4,2	132	TGCTGAATCTTGCAAG-1
branch: 1,3,4,2	133	CTGTACCCACCACATA-1
branch: 1,3,4,2	134	TCACTCGTCGCCACTT-1
branch: 1,3,4,2	135	ATGAAAGGTCCAAATC-1
branch: 1,3,4,2	136	GTCTCACGTCCTCAGG-1
branch: 1,3,4,2	137	TTGGTTTGTTGTCATG-1
branch: 1,3,4,2	138	CCCAACTCACGCTGCA-1
branch: 1,3,4,2	139	TGGAACTCAGAATCGG-1
branch: 1,3,4,2	140	TGCGGCATCATTCGTT-1
branch: 1,3,4,2	141	ACCTGTCAGGCGTCCT-1
branch: 1,3,4,2	142	GTCCACTTCCGGGACT-1
branch: 1,3,4,2	143	CGACAGCCATTGTCGA-1
branch: 1,3,4,2	144	TCTCTGGCAAACACCT-1
branch: 1,3,4,2	145	GAGGCAAGTGGGTCAA-1
branch: 1,3,4,2	146	CAACCAATCATTGCTT-1
branch: 1,3,4,2	147	GATGCTAAGCTTTCCC-1
branch: 1,3,4,2	148	GGGACTCTCACCTTGC-1
branch: 1,3,4,2	149	ACGATGTAGGGACTGT-1
branch: 1,3,4,2	150	ATCACGATCTTCGGAA-1
branch: 1,3,4,2	151	GAAGCCCTCCTGTAAG-1
branch: 1,3,4,2	152	GTCTCACGTGGTCAAG-1
branch: 1,3,4,2	153	CCAATTTGTCAGATTC-1
branch: 1,3,4,2	154	GTTTACTGTCTCGCGA-1
branch: 1,3,4,2	155	GCCAACGTCCAAGGGA-1
branch: 1,3,4,2	156	ACGGAAGCAAGGTACG-1
branch: 1,3,4,2	157	CAGGGCTCATACAGCT-1
branch: 1,3,4,2	158	TCATTACTCATATGGC-1
branch: 1,3,4,2	159	GTCACGGCACAAGGTG-1
branch: 1,3,4,2	160	GTTCTATTCTCTGAGA-1
branch: 1,3,4,2	161	CCTAAGAAGTAAACGT-1
branch: 1,3,4,2	162	GACCGTGAGTAGGCCA-1
branch: 1,3,4,2	163	TTCCTCTCACGCCACA-1
branch: 1,3,4,2	164	CCAATTTCATTCTTCA-1
branch: 1,3,4,2	165	AAGACTCTCATTTGGG-1
branch: 1,3,4,2	166	GGGCTACGTTGACTGT-1
branch: 1,3,4,2	167	CATACCCAGTAGCATA-1
branch: 1,3,4,2	168	GATCAGTTCCGCAGTG-1
branch: 1,3,4,2	169	ACGGGTCGTGACTGTT-1
branch: 1,3,4,2	170	ATGAGTCAGTAAGCAT-1
branch: 1,3,4,2	171	TGTGTGAAGGACCCAA-1
branch: 1,3,4,2	172	TACCGGGGTTGTGTTG-1
branch: 1,3,4,2	173	GAGACCCAGAACTTCC-1
branch: 1,3,4,2	174	TTCGGTCGTAACGTTC-1
branch: 1,3,4,2	175	CCGAACGTCAGTCAGT-1
branch: 1,3,4,2	176	TATTTCGTCTGTAAGC-1
branch: 1,3,4,2	177	CGTAAGTAGGTAGCAC-1
branch: 1,3,4,2	178	GCCCAGAAGAGCTGAC-1
branch: 1,3,4,2	179	TTCTCTCGTGTTGATC-1
branch: 1,3,4,2	180	AACGAAAAGTGTAGTA-1
branch: 1,3,4,2	181	TAACTTCGTTCACGAT-1
branch: 1,3,4,2	182	CGAAGTTCACATTACG-1
branch: 1,3,4,2	183	CGATCGGAGCATAGGC-1
branch: 1,3,4,2	184	TGCCGAGTCGAGAGAC-1
branch: 1,3,4,2	185	TCCGTGTCAATCTCTT-1
branch: 1,3,4,2	186	TATCTTGAGAGTTCGG-1
branch: 1,3,4,2	187	TGAGCATGTACAGAAT-1
branch: 1,3,4,2	188	TGTGTGAAGGTCGACA-1
branch: 1,3,4,2	189	TCGGTCTGTATCAAGA-1
branch: 1,3,4,2	190	TCTATACCACTCATAG-1
branch: 1,3,4,2	191	TTTGTTGTCTCCGAAA-1
branch: 1,3,4,2	192	GTGGGAATCAGTGGGA-1
branch: 1,3,4,2	193	GAGGGATTCGGTAACT-1
branch: 1,3,4,2	194	GACCCAGCAGAGCTAG-1
branch: 1,3,4,2	195	TTTACGTAGCTGCCAC-1
branch: 1,3,4,2	196	GATCATGAGAAGTCCG-1
branch: 1,3,4,2	197	CCCTAACAGAGTCAAT-1
branch: 1,3,4,2	198	ATGCGATAGTGGAATT-1
branch: 1,3,4,2	199	TCGCACTCAACGAGGT-1
branch: 1,3,4,2	200	TTGGGCGGTATGCGTT-1
branch: 1,3,4,2	201	ACCCTTGTCGGCAGTC-1
branch: 1,3,4,2	202	AGATAGAAGGGATCGT-1
branch: 1,3,4,2	203	CTGGTCTGTCAACATC-1
branch: 1,3,4,2	204	AGACAGGGTTCGGTAT-1
branch: 1,3,4,2	205	CTCCTTTTCCTACCAC-1
branch: 1,3,4,2	206	TGTTGGACACTTCAAG-1
branch: 1,3,4,2	207	GTTGTAGAGCGTGAAC-1
branch: 1,3,4,2	208	CCTATCGTCTAGACAC-1
branch: 1,3,4,2	209	CATTTCAAGCGCCATC-1
branch: 1,3,4,2	210	GCGTTTCCATATGGCT-1
branch: 1,3,4,2	211	TCGACGGAGTATGTAG-1
branch: 1,3,4,2	212	GAAGTAATCCCGATCT-1
branch: 1,3,4,2	213	CGTGTCTCAGCACAGA-1
branch: 1,3,4,2	214	TCATTGTGTTCCAAAC-1
branch: 1,3,4,2	215	AACTTCTTCTCCGCAT-1
branch: 1,3,4,2	216	GCTGGGTTCATTTGTC-1
branch: 1,3,4,2	217	ATCACAGTCGTAGAGG-1
branch: 1,3,4,2	218	TACCTCGTCAGCAGAG-1
branch: 1,3,4,2	219	GTTGAACTCCGTGGGT-1
branch: 1,3,4,2	220	GAGACCCAGACCTCCG-1
branch: 1,3,4,2	221	CTCCTTTTCGCTCTAC-1
branch: 1,3,4,2	222	TTACAGGAGGTTATAG-1
branch: 1,3,4,2	223	CGATGGCTCAGTGGGA-1
branch: 1,3,4,2	224	CACTGGGAGCCGATTT-1
branch: 1,3,4,2	225	TACCGAACAATTCACG-1
branch: 1,3,4,2	226	TTCCTTCGTCCACACG-1
branch: 1,3,4,2	227	TGTAGACTCGTGCAGC-1
branch: 1,3,4,2	228	ACGATGTCATCGTGGC-1
branch: 1,3,4,2	229	ACGTAACCAGCCATTA-1
branch: 1,3,4,2	230	TATTGCTAGTCGTTAC-1
branch: 1,3,4,2	231	TATATCCAGCTTTCCC-1
branch: 1,3,4,2	232	TCGTGCTAGTATGGAT-1
branch: 1,3,4,2	233	GACGTTAAGGCTTAGG-1
branch: 1,3,4,2	234	TCCATGCGTACAAGCG-1
branch: 1,3,4,2	235	TCTACCGAGATTCGAA-1
branch: 1,3,4,2	236	CAAAGAAAGCAGTACG-1
branch: 1,3,4,2	237	GAGCTGCGTCCAGCGT-1
branch: 1,3,4,2	238	AAGATAGCAAGTCATC-1
branch: 1,3,4,2	239	AGTCAACAGAGTACCG-1
branch: 1,3,4,2	240	AACCTGATCAGTAGGG-1
branch: 1,3,4,2	241	TTACTGTGTAACGGTG-1
branch: 1,3,4,2	242	TGAACGTGTGAGCCAA-1
branch: 1,3,4,2	243	CAATCGATCACTGGTA-1
branch: 1,3,4,2	244	GGGTGTCAGGTAAACT-1
branch: 1,3,4,2	245	GAAGTAAGTACTCGAT-1
branch: 1,3,4,2	246	ATGCATGCAACCGTGC-1
branch: 1,3,4,2	247	TCAGCCTAGCTCGAAG-1
branch: 1,3,4,2	248	TCTAACTTCATACGGT-1
branch: 1,3,4,2	249	CAGGCCAAGGAAAGTG-1
branch: 1,3,4,2	250	GGGTATTTCCTCACGT-1
branch: 1,3,4,2	251	ATGGGAGTCCCAGTGG-1
branch: 1,3,4,2	252	GTCTAGAGTGAGTTGG-1
branch: 1,3,4,2	253	TGCTTGCGTTTCACTT-1
branch: 1,3,4,2	254	GTAACCAGTTAGAAGT-1
branch: 1,3,4,2	255	GATCCCTAGGAAACGA-1
branch: 1,3,4,2	256	TGCACGGCATCACCAA-1
branch: 1,3,4,2	257	TTCATTGTCAGAGTTC-1
branch: 1,3,4,2	258	CTCTCAGAGTGACACG-1
branch: 1,3,4,2	259	CTGCTCACAGTCGCAC-1
branch: 1,3,4,2	260	GCTACAATCCCATGGG-1
branch: 1,3,4,2	261	AGGACGAAGCGCCTCA-1
branch: 1,3,4,2	262	TCTACCGCAGGTTTAC-1
branch: 1,3,4,2	263	TGCGGCATCAACCCGG-1
branch: 1,3,4,2	264	TGGGCGTTCTTTGCTA-1
branch: 1,3,4,2	265	AAGAACATCATAGCAC-1
branch: 1,3,4,2	266	CTACAGATCCTGTACC-1
branch: 1,3,4,2	267	CTGCATCAGCGAGGAG-1
branch: 1,3,4,2	268	CGTAATGTCCGATTAG-1
branch: 1,3,4,2	269	TTCCGGTCACTCACTC-1
branch: 1,3,4,2	270	GATCAGTGTTGGTGTT-1
branch: 1,3,4,2	271	GAGTTTGCAAGTGGTG-1
branch: 1,3,4,2	272	TGTGAGTAGTCGCGAA-1
branch: 1,3,4,2	273	GTGATGTAGGGCAGAG-1
branch: 1,3,4,2	274	ATACTTCAGGCCTTGC-1
branch: 1,3,4,2	275	AAACGAACAATTCTCT-1
branch: 1,3,4,2	276	ACCTGTCGTATCCTTT-1
branch: 1,3,4,2	277	CGTAAGTTCCGATGCG-1
branch: 1,3,4,2	278	GATTCGACACTAACCA-1
branch: 1,3,4,2	279	GCCAGGTCACGAGGTA-1
branch: 1,3,4,2	280	CATCAAGAGACGGAAA-1
branch: 1,3,4,2	281	CCTCCAAAGTCTGCGC-1
branch: 1,3,4,2	282	ATCTTCAGTGTTCAGT-1
branch: 1,3,4,2	283	GCTCAAACAGTTGCGC-1
branch: 1,3,4,2	284	TCTGTCGGTACAAACA-1
branch: 1,3,4,2	285	GGAGGTAGTCGCAGTC-1
branch: 1,3,4,2	286	CCCAACTTCGCTTTAT-1
branch: 1,3,4,2	287	AGTAACCGTTGAGGAC-1
branch: 1,3,4,2	288	TGGGTTATCCGAAATC-1
branch: 1,3,4,2	289	AGCCACGCATGGTGGA-1
branch: 1,3,4,2	290	TCTTTGACATGGTGGA-1
branch: 1,3,4,2	291	AGTACTGCAAGCCATT-1
branch: 1,3,4,2	292	CATTGTTCATACCATG-1
branch: 1,3,4,2	293	TCCGTGTTCACTCCGT-1
branch: 1,3,4,2	294	AGTAACCCAAATGAAC-1
branch: 1,3,4,2	295	TCATTACCAAGTCCAT-1
branch: 1,3,4,2	296	GAGTTTGCATCGTTCC-1
branch: 1,3,4,2	297	ATGGAGGAGCCTTTGA-1
branch: 1,3,4,2	298	CAACAGTTCCGAAATC-1
branch: 1,3,4,2	299	TGCAGTAAGTTCCGTA-1
branch: 1,3,4,2	300	AGGAAATCAGAGTTGG-1
branch: 1,3,4,2	301	AAGTGAATCTGGGCCA-1
branch: 1,3,4,2	302	GACCTTCAGAAAGCGA-1
branch: 1,3,4,2	303	CGAGAAGCATAGATCC-1
branch: 1,3,4,2	304	GACCAATAGAAGCCAC-1
branch: 1,3,4,2	305	CGCATGGAGCGATGAC-1
branch: 1,3,4,2	306	AACGGGAGTTCCCAAA-1
branch: 1,3,4,2	307	TAGGTTGTCTACCTTA-1
branch: 1,3,4,2	308	AGATCCAAGGCTAACG-1
branch: 1,3,4,2	309	CATGCAAGTCTCACGG-1
branch: 1,3,4,2	310	CTGTCGTAGGTTGGTG-1
branch: 1,3,4,2	311	TTAGTCTTCAGACCTA-1
branch: 1,3,4,2	312	GAGGCAACAATACGAA-1
branch: 1,3,4,2	313	AATGACCAGGACTTCT-1
branch: 1,3,4,2	314	GCGAGAAAGGCAGGGA-1
branch: 1,3,4,2	315	AGTCACAAGCGGTATG-1
branch: 1,3,4,2	316	TCATCATAGATGCTAA-1
branch: 1,3,4,2	317	ATTCGTTCACATGAAA-1
branch: 1,3,4,2	318	AACCTTTGTAACAGGC-1
branch: 1,3,4,2	319	GGAGATGAGGCCTAAG-1
branch: 1,3,4,2	320	TGAACGTGTTGTCAGT-1
branch: 1,3,4,2	321	GTATTGGAGCCTCTGG-1
branch: 1,3,4,2	322	GCATTAGAGGCACCAA-1
branch: 1,3,4,2	323	GGGATGAGTCCTGGGT-1
branch: 1,3,4,2	324	GAGTTTGAGGCCCGTT-1
branch: 1,3,4,2	325	GAACTGTGTCCACATA-1
branch: 1,3,4,2	326	TGAGCGCCAGCTATTG-1
branch: 1,3,4,2	327	GAATCACGTCATAGTC-1
branch: 1,3,4,2	328	GGCTGTGCACGACTAT-1
branch: 1,3,4,2	329	AGGAAATAGCCTATTG-1
branch: 1,3,4,2	330	GAGACCCAGTGGTGGT-1
branch: 1,3,4,2	331	GTCATTTCACTAACGT-1
branch: 1,3,4,2	332	GTCGTTCCACTGAGGA-1
branch: 1,3,4,2	333	TCGGGCATCCTGTACC-1
branch: 1,3,4,2	334	CACATGACACCAACAT-1
branch: 1,3,4,2	335	TCGGGCACAGCGGTCT-1
branch: 1,3,4,2	336	TACAACGTCCTAGCCT-1
branch: 1,3,4,2	337	TGTTCCGCAGGAACCA-1
branch: 1,3,4,2	338	TGCTTCGAGACGGAAA-1
branch: 1,3,4,2	339	GGTGTTAAGGCGACAT-1
branch: 1,3,4,2	340	TAGGTACTCATTACTC-1
branch: 1,3,4,2	341	ACTCCCATCGCTCCTA-1
branch: 1,3,4,2	342	CACAACACAGCTATAC-1
branch: 1,3,4,2	343	CTACAGACACGTCATA-1
branch: 1,3,4,2	344	TAGGAGGTCGGACAAG-1
branch: 1,3,4,2	345	GGGAAGTGTGGCCACT-1
branch: 1,3,4,2	346	CGTTAGAGTCGTACTA-1
branch: 1,3,4,2	347	GTGCTGGAGCGAGTCA-1
branch: 1,3,4,2	348	CCGTGAGGTCTCCTGT-1
branch: 1,3,4,2	349	TTGGTTTTCTTGAACG-1
branch: 1,3,4,2	350	CGGACACGTGATGAAT-1
branch: 1,3,4,2	351	TCAGTCCCAATACGAA-1
branch: 1,3,4,2	352	GATGTTGAGCACTAAA-1
branch: 1,3,4,2	353	TTGTTGTCAGCAGACA-1
branch: 1,3,4,2	354	TGGTACAGTGCGCTCA-1
branch: 1,3,4,2	355	CAGGCCAAGTGATAAC-1
branch: 1,3,4,2	356	CACCGTTAGTAGACCG-1
branch: 1,3,4,2	357	GAGGGATCAAATCAAG-1
branch: 1,3,4,2	358	ATCGGATAGCTGACTT-1
branch: 1,3,4,2	359	CTTACCGAGGCCACTC-1
branch: 1,3,4,2	360	GAGCTGCAGAACGTGC-1
branch: 1,3,4,2	361	GGGTATTCAAATAAGC-1
branch: 1,3,4,2	362	GCTACAAAGAGCAAGA-1
branch: 1,3,4,2	363	CTGTCGTAGTTTGGCT-1
branch: 1,3,4,2	364	ATCGGCGAGGACAGTC-1
branch: 1,3,4,2	365	TATTCCACATCCTCAC-1
branch: 1,3,4,2	366	TGCGGGTCATCTCGTC-1
branch: 1,3,4,2	367	TCAGGGCGTTCGGTTA-1
branch: 1,3,4,2	368	TATGTTCTCTGACGCG-1
branch: 1,3,4,2	369	AGCTCAAAGGGTATAT-1
branch: 1,3,4,2	370	CATGCCTAGTACTGTC-1
branch: 1,3,4,2	371	CACGTTCCAGCACCCA-1
branch: 1,3,4,2	372	CCACGAGTCGGAGTAG-1
branch: 1,3,4,2	373	GTAGTACAGCGTTCCG-1
branch: 1,3,4,2	374	CAGCAATTCTTCTGTA-1
branch: 1,3,4,2	375	AGAGAATCAGACACCC-1
branch: 1,3,4,2	376	GTTACGATCTGAACGT-1
branch: 1,3,4,2	377	CTATAGGCACCTCTAC-1
branch: 1,3,4,2	378	AACGTCATCACCTTAT-1
branch: 1,3,4,2	379	ACTGCAAAGACGAAGA-1
branch: 1,3,4,2	380	TGAACGTAGTTGGCTT-1
branch: 1,3,4,2	381	CTTAGGAGTTGTGGCC-1
branch: 1,3,4,2	382	ACATTTCCACACTGGC-1
branch: 1,3,4,2	383	TTCATGTTCGCTATTT-1
branch: 1,3,4,2	384	CAGCCAGAGATTACCC-1
branch: 1,3,4,2	385	AGTAGTCCACTCCTGT-1
branch: 1,3,4,2	386	AGATCGTCACTGGCGT-1
branch: 1,3,4,2	387	GATGAGGCAAACTCGT-1
branch: 1,3,4,2	388	TGAGGTTGTTAGAAAC-1
branch: 1,3,4,2	389	CGTGCTTCACAGACGA-1
branch: 1,3,4,2	390	TTCTAGTAGAGGATGA-1
branch: 1,3,4,2	391	ACCAAACGTCAAATCC-1
branch: 1,3,4,2	392	CAACCAACACTAACGT-1
branch: 1,3,4,2	393	AGAACAACAGATCACT-1
branch: 1,3,4,2	394	GTTACGACATACGCAT-1
branch: 1,3,4,2	395	TCCTGCATCGACCAAT-1
branch: 1,3,4,2	396	TTTCGATAGCAAGTGC-1
branch: 1,3,4,2	397	GATGAGGTCCATTTCA-1
branch: 1,3,4,2	398	TCCCATGGTTCTCCTG-1
branch: 1,3,4,2	399	TCATTCACAGTTGTTG-1
branch: 1,3,4,2	400	TACTTGTAGCATCAGG-1
branch: 1,3,4,2	401	TCTCTGGTCCCGAACG-1
branch: 1,3,4,2	402	GGCGTCATCGTCGCTT-1
branch: 1,3,4,2	403	CCCTCAATCACACCCT-1
branch: 1,3,4,2	404	TTGGGTAAGCTGAAGC-1
branch: 1,3,4,2	405	CTGTAGAGTGACATCT-1
branch: 1,3,4,2	406	AAACCCAGTATTAAGG-1
branch: 1,3,4,2	407	GATCATGCAAGACTGG-1
branch: 1,3,4,2	408	AGATCGTTCGGATAAA-1
branch: 1,3,4,2	409	AACGTCATCTGGTGCG-1
branch: 1,3,4,2	410	ATCCTATGTGTTAGCT-1
branch: 1,3,4,2	411	AAGCCATTCCACCTGT-1
branch: 1,3,4,2	412	GGAATCTAGATGCGAC-1
branch: 1,3,4,2	413	CTATCTATCTTTCGAT-1
branch: 1,3,4,2	414	TGATCAGCAGGGTCTC-1
branch: 1,3,4,2	415	TCATCATAGGCAGTCA-1
branch: 1,3,4,2	416	GTAATCGTCGGCGATC-1
branch: 1,3,4,2	417	AGAGAGCAGACATGCG-1
branch: 1,3,4,2	418	ATTCCTATCAACCGAT-1
branch: 1,3,4,2	419	CATGCCTTCAGCGGAA-1
branch: 1,3,4,2	420	GGAGGTAAGAATTTGG-1
branch: 1,3,4,2	421	ACCATTTTCATCTCTA-1
branch: 1,3,4,2	422	GCGTTTCAGAGCAGCT-1
branch: 1,3,4,2	423	GGTTCTCTCATCAGTG-1
branch: 1,3,4,2	424	AGCGTATGTTGAAGTA-1
branch: 1,3,4,2	425	TCGCACTTCCAACACA-1
branch: 1,3,4,2	426	GACATCATCCCTTGGT-1
branch: 1,3,4,2	427	CTTTCGGTCGCGTGCA-1
branch: 1,3,4,2	428	CGTTGGGGTACAGAAT-1
branch: 1,3,4,2	429	TTCCTCTGTGTGTCCG-1
branch: 1,3,4,2	430	TCGTAGAAGATGTAGT-1
branch: 1,3,4,2	431	TCGGTCTCATGGTGGA-1
branch: 1,3,4,2	432	AATGAAGAGTTGGGAC-1
branch: 1,3,4,2	433	AACGTCAGTCTGTAGT-1
branch: 1,3,4,2	434	CATACTTAGCGTCAAG-1
branch: 1,3,4,2	435	TCAATTCCACTGAATC-1
branch: 1,3,4,2	436	AAGACAAAGACGGATC-1
branch: 1,3,4,2	437	TTTGGAGGTCATGACT-1
branch: 1,3,4,2	438	CTACCCAAGAACTGAT-1
branch: 1,3,4,2	439	TCACTCGGTTGTTGAC-1
branch: 1,3,4,2	440	AGCTACAAGGATATAC-1
branch: 1,3,4,2	441	CGAATTGTCATTGCTT-1
branch: 1,3,4,2	442	ATAGAGAGTATGTCCA-1
branch: 1,3,4,2	443	CCTGCATTCTGCTAGA-1
branch: 1,3,4,2	444	CTAGACACACGGCTAC-1
branch: 1,3,4,2	445	ATCTCTATCTAGGAAA-1
branch: 1,3,4,2	446	GTTGTCCAGGGTTAAT-1
branch: 1,3,4,2	447	GTAGAAAAGAGCTTTC-1
branch: 1,3,4,2	448	TCCTCGAAGAGGCGTT-1
branch: 1,3,4,2	449	GCATGATGTGTTAGCT-1
branch: 1,3,4,2	450	TGGATCAAGCATAGGC-1
branch: 1,3,4,2	451	GTCGCGAGTCTTCAAG-1
branch: 1,3,4,2	452	GTATTTCGTCGCTTGG-1
branch: 1,3,4,2	453	GTTATGGAGGTGCAGT-1
branch: 1,3,4,2	454	TCCAGAAGTCGTGGTC-1
branch: 1,3,4,2	455	TCATGAGCATTGTCGA-1
branch: 1,3,4,2	456	AAAGAACAGACGCATG-1
branch: 1,3,4,2	457	TGTAACGGTACGATGG-1
branch: 1,3,4,2	458	TCGTAGACAATTGCTG-1
branch: 1,3,4,2	459	AGTAACCGTTAGAAGT-1
branch: 1,3,4,2	460	CATAGACTCTGAGGCC-1
branch: 1,3,4,2	461	CGGAACCTCTATCGGA-1
branch: 1,3,4,2	462	GTCGAATGTTGTGGAG-1
branch: 1,3,4,2	463	GGAGGATCAGATTCGT-1
branch: 1,3,4,2	464	ACCCAAAGTGTCCGGT-1
branch: 1,3,4,2	465	ATTTCTGCAAACGGCA-1
branch: 1,3,4,2	466	TCCACGTCATGTTCGA-1
branch: 1,3,4,2	467	CAATTTCTCTTCTGTA-1
branch: 1,3,4,2	468	CACAGGCTCTCTATGT-1
branch: 1,3,4,2	469	TATGTTCTCGAACACT-1
branch: 1,3,4,2	470	TGCATCCGTTCGTAAC-1
branch: 1,3,4,2	471	TGCTTCGTCATCTCTA-1
branch: 1,3,4,2	472	CATTCATCAACCAACT-1
branch: 1,3,4,2	473	GGGAAGTAGGGAGTGG-1
branch: 1,3,4,2	474	GTATTGGGTACGACAG-1
branch: 1,3,4,2	475	CGAGAAGGTCAGTCGC-1
branch: 1,3,4,2	476	CATCGGGTCCCGAAAT-1
branch: 1,3,4,2	477	GTCTCACCAACAGATA-1
branch: 1,3,4,2	478	ACTGATGGTAGACAAT-1
branch: 1,3,4,2	479	CATGCGGTCTTCGCTG-1
branch: 1,3,4,2	480	CCGGTAGTCCACACAA-1
branch: 1,3,4,2	481	AACCTGACATGCCATA-1
branch: 1,3,4,2	482	GGTGAAGAGTCACACT-1
branch: 1,3,4,2	483	CATTCATCAGCAATTC-1
branch: 1,3,4,2	484	CCTAAGACAGTGCCTG-1
branch: 1,3,4,2	485	TGCAGTAGTAGCCCTG-1
branch: 1,3,4,2	486	AGGATCTCAGGTAGTG-1
branch: 1,3,4,2	487	TTTACCAGTTGGCCTG-1
branch: 1,3,4,2	488	GGATCTATCCATCTGC-1
branch: 1,3,4,2	489	TACTTCATCAACACCA-1
branch: 1,3,4,2	490	AGTCAACTCTACCTTA-1
branch: 1,3,4,2	491	TTTACCAGTGCGGATA-1
branch: 1,3,4,2	492	AAGATAGGTCTTTATC-1
branch: 1,3,4,2	493	GGGTCACGTAGTATAG-1
branch: 1,3,4,2	494	CACACAATCTTGGTCC-1
branch: 1,3,4,2	495	GGGATCCAGCGTCGAA-1
branch: 1,3,4,2	496	CAACAACCACGCACCA-1
branch: 1,3,4,2	497	CGGGTGTAGGCAGGGA-1
branch: 1,3,4,2	498	ATTTACCGTGTTGATC-1
branch: 1,3,4,2	499	CTATCCGGTGCCCGTA-1
branch: 1,3,4,2	500	TACGGTACAGCACAGA-1
branch: 1,3,4,2	501	GGAAGTGGTCCTGTTC-1
branch: 1,3,4,2	502	CTGTATTTCGATCCAA-1
branch: 1,3,4,2	503	CAGGCCAGTGTAACGG-1
branch: 1,3,4,2	504	GCATTAGTCCAACCAA-1
branch: 1,3,4,2	505	ACTTCCGCATAATCCG-1
branch: 1,3,4,2	506	TCAGTTTGTTTGTGGT-1
branch: 1,3,4,2	507	ACATTTCTCGCAGTGC-1
branch: 1,3,4,2	508	CGTAATGGTGAACCGA-1
branch: 1,3,4,2	509	CGACAGCTCCATTTAC-1
branch: 1,3,4,2	510	AGATGAATCGACGAGA-1
branch: 1,3,4,2	511	TCTAACTAGCAAGCCA-1
branch: 1,3,4,2	512	CCTCCTCCAATTTCCT-1
branch: 1,3,4,2	513	GTTAGTGAGGAACGTC-1
branch: 1,3,4,2	514	ATACCTTCATGGTACT-1
branch: 1,3,4,2	515	TACTTGTAGATCGACG-1
branch: 1,3,4,2	516	ACTTCCGTCGACCAAT-1
branch: 1,3,4,2	517	CACGAATTCAGTGTCA-1
branch: 1,3,4,2	518	TCAAGTGAGGAGGTTC-1
branch: 1,3,4,2	519	CATTGCCAGTGATGGC-1
branch: 1,3,4,2	520	ATAGACCGTACAGTAA-1
branch: 1,3,4,2	521	TGCTCGTCACCATATG-1
branch: 1,3,4,2	522	CCACGAGTCGGAATGG-1
branch: 1,3,4,2	523	GTGAGCCGTGTCTCCT-1
branch: 1,3,4,2	524	TGAGCGCGTTTGGGAG-1
branch: 1,3,4,2	525	GTCTAGAGTACAGCGA-1
branch: 1,3,4,2	526	TCGTGCTAGAACAGGA-1
branch: 1,3,4,2	527	AGAAGCGCACTGCGTG-1
branch: 1,3,4,2	528	GACGCTGAGCTTCTAG-1
branch: 1,3,4,2	529	CCCGGAAGTAGTATAG-1
branch: 1,3,4,2	530	CGCAGGTTCGTTCTGC-1
branch: 1,3,4,2	531	GGAAGTGAGCAATTAG-1
branch: 1,3,4,2	532	CTGGCAGGTCATCCGG-1
branch: 1,3,4,2	533	AGAAGTAAGGCATCGA-1
branch: 1,3,4,2	534	AGCATCATCCTAGAGT-1
branch: 1,3,4,2	535	TGGGCGTCACGCGGTT-1
branch: 1,3,4,2	536	TCCATGCCACTGATTG-1
branch: 1,3,4,2	537	TGTTGAGCAGACAATA-1
branch: 1,3,4,2	538	CTAGACAAGCCAAGCA-1
branch: 1,3,4,2	539	AGTAGTCCAGAGTCAG-1
branch: 1,3,4,2	540	GTAACACGTCAGCGTC-1
branch: 1,3,4,2	541	TGGATGTGTTCGAAGG-1
branch: 1,3,4,2	542	AGAAGTAAGGCCCGTT-1
branch: 1,3,4,2	543	ACGATCAGTCGCTTAA-1
branch: 1,3,4,2	544	TACGGGCCAAGTAGTA-1
branch: 1,3,4,2	545	TTACGCCGTGACGCCT-1
branch: 1,3,4,2	546	ACCTACCCAAGCAATA-1
branch: 1,3,4,2	547	CAGATCAAGAAGCTGC-1
branch: 1,3,4,2	548	CACAGATAGAGCCATG-1
branch: 1,3,4,2	549	ATGGAGGTCATCACTT-1
branch: 1,3,4,2	550	TGCGATAGTCACCGCA-1
branch: 1,3,4,2	551	TCCACCACATGGTGGA-1
branch: 1,3,4,2	552	AGCGTATCACTTCATT-1
branch: 1,3,4,2	553	TCATACTCAACTGATC-1
branch: 1,3,4,2	554	ACCATTTCACCTATCC-1
branch: 1,3,4,2	555	GCCATGGCAACCTATG-1
branch: 1,3,4,2	556	CTTCCGACAGCCGTCA-1
branch: 1,3,4,2	557	TCCGGGATCATTGCTT-1
branch: 1,3,4,2	558	TCAAGCATCCTCACGT-1
branch: 1,3,4,2	559	CATGGTACATGATGCT-1
branch: 1,3,4,2	560	GTCGTTCTCTGATTCT-1
branch: 1,3,4,2	561	GATTCGATCCATGAGT-1
branch: 1,3,4,2	562	TGCGGCAAGGTTGCCC-1
branch: 1,3,4,2	563	ACGTTCCAGGTATAGT-1
branch: 1,3,4,2	564	GAAGAATCATGTTTGG-1
branch: 1,3,4,2	565	CTTCCGAGTTTCTATC-1
branch: 1,3,4,2	566	AGGCCACAGGTTGCCC-1
branch: 1,3,4,2	567	GTAGGAGAGCCTATTG-1
branch: 1,3,4,2	568	TCGCACTGTGACCGTC-1
branch: 1,3,4,2	569	ATGATCGCACAAGCCC-1
branch: 1,3,4,2	570	TACGGTACAGAGTGTG-1
branch: 1,3,4,2	571	ATGCATGAGTGGAAAG-1
branch: 1,3,4,2	572	CACGTGGGTATGAGCG-1
branch: 1,3,4,2	573	AACTTCTCAAACTGCT-1
branch: 1,3,4,2	574	ATTTCTGTCGCCACTT-1
branch: 1,3,4,2	575	GTATTGGGTGATACCT-1
branch: 1,3,4,2	576	GGTCACGCAGGTTCGC-1
branch: 1,3,4,2	577	GGGATGATCCGCATAA-1
branch: 1,3,4,2	578	GTTACCCCAAATCAGA-1
branch: 1,3,4,2	579	CGAGGCTGTGGCTTGC-1
branch: 1,3,4,2	580	TCTACCGGTGGTCCCA-1
branch: 1,3,4,2	581	CCACAAAGTCCCGTGA-1
branch: 1,3,4,2	582	AGGAGGTAGAGGTGCT-1
branch: 1,3,4,2	583	AATTTCCTCATACAGC-1
branch: 1,3,4,2	584	TTTATGCAGTCCGCCA-1
branch: 1,3,4,2	585	GTAGGTTGTTTGGGTT-1
branch: 1,3,4,2	586	CGTAAGTTCAAGTGGG-1
branch: 1,3,4,2	587	TGATTCTGTTAAGTCC-1
branch: 1,3,4,2	588	TTGCGTCGTTTACCAG-1
branch: 1,3,4,2	589	CTACATTAGATCCAAA-1
branch: 1,3,4,2	590	ATCACAGCACTTCAGA-1
branch: 1,3,4,2	591	ATTCTTGCATTGCAAC-1
branch: 1,3,4,2	592	TCACGGGCACTGTTCC-1
branch: 1,3,4,2	593	CATTGTTCAAATCGTC-1
branch: 1,3,4,2	594	CGAGTTATCTTACCAT-1
branch: 1,3,4,2	595	AGGATCTAGTATAACG-1
branch: 1,3,4,2	596	CACCAAACACTTCAGA-1
branch: 1,3,4,2	597	CTCAGGGTCGACATCA-1
branch: 1,3,4,2	598	CTTCCGACAGAAGTGC-1
branch: 1,3,4,2	599	TACTTCATCGAAACAA-1
branch: 1,3,4,2	600	TCCTTTCGTGTCTAAC-1
branch: 1,3,4,2	601	AGTCATGCATTCTTCA-1
branch: 1,3,4,2	602	TTGGGATCAGGTGTGA-1
branch: 1,3,4,2	603	TCCATCGGTATTTCGG-1
branch: 1,3,4,2	604	TGAGCGCCAAGGTCGA-1
branch: 1,3,4,2	605	GTCACTCGTGACCTGC-1
branch: 1,3,4,2	606	GTCATCCAGGGATCGT-1
branch: 1,3,4,2	607	CTCAGGGAGCGCTGCT-1
branch: 1,3,4,2	608	GATCATGTCGCCGATG-1
branch: 1,3,4,2	609	CGGAATTCAACACGTT-1
branch: 1,3,4,2	610	TTACAGGGTGCAGGAT-1
branch: 1,3,4,2	611	GTCTCACCAAGCGATG-1
branch: 1,3,4,2	612	CCTCCTCGTGCTCTTC-1
branch: 1,3,4,2	613	TACGGTAGTTGGCCTG-1
branch: 1,3,4,2	614	TGATGGTGTCCGTACG-1
branch: 1,3,4,2	615	TCTTAGTGTCTGGTTA-1
branch: 1,3,4,2	616	CACTGGGGTGCTCGTG-1
branch: 1,3,4,2	617	CATAAGCCATACAGGG-1
branch: 1,3,4,2	618	TTTATGCAGGAAGAAC-1
branch: 1,3,4,2	619	CATTCCGTCCTACCAC-1
branch: 1,3,4,2	620	GGGTGTCGTTGCGGCT-1
branch: 1,3,4,2	621	TAACGACAGCAGCCCT-1
branch: 1,3,4,2	622	GTGTCCTAGAGGCGTT-1
branch: 1,3,4,2	623	AAGGAATAGGTAAGAG-1
branch: 1,3,4,2	624	CGCCAGAAGAATTTGG-1
branch: 1,3,4,2	625	GTCAAGTTCTCGCCTA-1
branch: 1,3,4,2	626	TGAGACTAGGACGCTA-1
branch: 1,3,4,2	627	AAACGCTTCTCGACCT-1
branch: 1,3,4,2	628	GAGTTGTAGCGTGTCC-1
branch: 1,3,4,2	629	GGAGCAAGTCCCTCAT-1
branch: 1,3,4,2	630	GTGGAGACAACTCGAT-1
branch: 1,3,4,2	631	ACCAAACCATGATGCT-1
branch: 1,3,4,2	632	TGGGATTGTCCACTCT-1
branch: 1,3,4,2	633	CTGCATCCATCGGTTA-1
branch: 1,3,4,2	634	CCCAACTCATTCAGCA-1
branch: 1,3,4,2	635	GTTACGAAGTCAGAGC-1
branch: 1,3,4,2	636	TATTTCGAGGTAAAGG-1
branch: 1,3,4,2	637	TCTGTCGGTGGACAGT-1
branch: 1,3,4,2	638	CACACAACACTTCCTG-1
branch: 1,3,4,2	639	AGACACTAGGTCCAGA-1
branch: 1,3,4,2	640	CCGGACAGTGCAATGG-1
branch: 1,3,4,2	641	AGACACTCATGCACTA-1
branch: 1,3,4,2	642	CATCCACGTCATGCAT-1
branch: 1,3,4,2	643	CTCATTAAGCAAGCCA-1
branch: 1,3,4,2	644	CTGTGAAAGAGCTTTC-1
branch: 1,3,4,2	645	TTGACCCAGTCTCGTA-1
branch: 1,3,4,2	646	GAGGCAATCATGCCAA-1
branch: 1,3,4,2	647	AGAACAAGTGCCGGTT-1
branch: 1,3,4,2	648	TCACACCGTTCCTAGA-1
branch: 1,3,4,2	649	GTTTACTCATTCACCC-1
branch: 1,3,4,2	650	TCCGATCAGTAGTGCG-1
branch: 1,3,4,2	651	CTTAGGAAGTTGCCTA-1
branch: 1,3,4,2	652	AGCTCAATCACTACGA-1
branch: 1,3,4,2	653	CCGGGTAGTCATGGCC-1
branch: 1,3,4,2	654	GTTGTGAGTCCATACA-1
branch: 1,3,4,2	655	TTGCGTCTCTGAGCAT-1
branch: 1,3,4,2	656	ATGTCTTCATCATTGG-1
branch: 1,3,4,2	657	AGCGCTGAGTGGACGT-1
branch: 1,3,4,2	658	GATAGCTTCGCAGAGA-1
branch: 1,3,4,2	659	ATGGAGGAGATCCGAG-1
branch: 1,3,4,2	660	GTTAGTGTCATGAGGG-1
branch: 1,3,4,2	661	CATTCATAGACTACCT-1
branch: 1,3,4,2	662	GCTTGGGTCTGAGAGG-1
branch: 1,3,4,2	663	GTCCTCAGTTGCGTAT-1
branch: 1,3,4,2	664	CATTGTTTCTAGTCAG-1
branch: 1,3,4,2	665	CACATGAAGTCCCTAA-1
branch: 1,3,4,2	666	CGAGTTAAGGTCGTGA-1
branch: 1,3,4,2	667	AGCCAGCCAGTTGCGC-1
branch: 1,3,4,2	668	TCCGGGACACATTACG-1
branch: 1,3,4,2	669	CAAAGAAGTGTGACCC-1
branch: 1,3,4,2	670	AGTTCGATCAAAGAAC-1
branch: 1,3,4,2	671	TACTTCAGTCTCACAA-1
branch: 1,3,4,2	672	AGCTACAAGGTAAAGG-1
branch: 1,3,4,2	673	AAAGGATGTGCGAACA-1
branch: 1,3,4,2	674	AAGCGTTTCAGTGGGA-1
branch: 1,3,4,2	675	TGCTTGCAGCCAAGTG-1
branch: 1,3,4,2	676	CTCATGCTCATAAGGA-1
branch: 1,3,4,2	677	CTTACCGTCATCACTT-1
branch: 1,3,4,2	678	AGCGATTCACTCCTGT-1
branch: 1,3,4,2	679	TTATTGCTCCTGTTAT-1
branch: 1,3,4,2	680	ATTGTTCGTGTTAACC-1
branch: 1,3,4,2	681	AGACCCGAGGTACCTT-1
branch: 1,3,4,2	682	AGTACTGGTTGAGGAC-1
branch: 1,3,4,2	683	AGCCAGCGTTCAGGTT-1
branch: 1,3,4,2	684	GCCAGCAAGTATGATG-1
branch: 1,3,4,2	685	TTCGGTCGTTGGGTTT-1
branch: 1,3,4,2	686	ATGAGGGAGATGCTGG-1
branch: 1,3,4,2	687	CATGAGTGTCCTCATC-1
branch: 1,3,4,2	688	TTCACGCAGTAAAGCT-1
branch: 1,3,4,2	689	CTACAGACAGAGAAAG-1
branch: 1,3,4,2	690	CCACAAAGTCGACTGC-1
branch: 1,3,4,2	691	TGTTCTAAGCACGGAT-1
branch: 1,3,4,2	692	GTTGTAGTCTACTATC-1
branch: 1,3,4,2	693	GCCAGGTTCCCATACC-1
branch: 1,3,4,2	694	CTGAGGCAGTCCTACA-1
branch: 1,3,4,2	695	TATCAGGAGAGCAGAA-1
branch: 1,3,4,2	696	GATCAGTGTCCACAGC-1
branch: 1,3,4,2	697	AACCAACGTGGGCTTC-1
branch: 1,3,4,2	698	ACCCTTGAGAGCAACC-1
branch: 1,3,4,2	699	AGCTTCCCACCATTCC-1
branch: 1,3,4,2	700	TATACCTAGCTTACGT-1
branch: 1,3,4,2	701	TTCGGTCGTAGGTTTC-1
branch: 1,3,4,2	702	GTTCATTCAACATCGT-1
branch: 1,3,4,2	703	ACTGTCCAGGTCGTGA-1
branch: 1,3,4,2	704	TTTGGAGCAAGATGTA-1
branch: 1,3,4,2	705	TGGCGTGTCATGCCGG-1
branch: 1,3,4,2	706	GACCCAGAGCATACTC-1
branch: 1,3,4,2	707	AGGCATTGTATTCCTT-1
branch: 1,3,4,2	708	GTAATCGCACGACGCT-1
branch: 1,3,4,2	709	TGCGGCACAAATGAAC-1
branch: 1,3,4,2	710	CTACCCAAGAAGGCTC-1
branch: 1,3,4,2	711	ATGGGAGAGCAATAAC-1
branch: 1,3,4,2	712	GAAGGGTTCGCAGTCG-1
branch: 1,3,4,2	713	GTCTGTCAGGTTAAAC-1
branch: 1,3,4,2	714	ACGGAAGTCATGAGAA-1
branch: 1,3,4,2	715	AGGAAATAGGCTAAAT-1
branch: 1,3,4,2	716	GGTTAACCATGTACGT-1
branch: 1,3,4,2	717	ACAAGCTCAAGCGCAA-1
branch: 1,3,4,2	718	GTCCCATAGTATGTAG-1
branch: 1,3,4,2	719	CATGCTCAGTAATTGG-1
branch: 1,3,4,2	720	CAAGAGGGTGTTAACC-1
branch: 1,3,4,2	721	GGGTGTCCAACGACAG-1
branch: 1,3,4,2	722	CATGCGGAGGAAGTGA-1
branch: 1,3,4,2	723	CGTGAATCATACGCAT-1
branch: 1,3,4,2	724	TCTACCGTCTCGTTTA-1
branch: 1,3,4,2	725	GGGTGTCCATAGAATG-1
branch: 1,3,4,2	726	ACCAAACGTTCGAGCC-1
branch: 1,3,4,2	727	TGCAGGCCAGCGCGTT-1
branch: 1,3,4,2	728	GGAGATGTCAGAGCAG-1
branch: 1,3,4,2	729	GAGACCCCATGCCGAC-1
branch: 1,3,4,2	730	ACCCAAAAGCTAGAAT-1
branch: 1,3,4,2	731	GAGGGATAGGGAGATA-1
branch: 1,3,4,2	732	CATACTTCAATGCTCA-1
branch: 1,3,4,2	733	ACATCGAGTTCACCGG-1
branch: 1,3,4,2	734	TGGTACAAGTTTGCTG-1
branch: 1,3,4,2	735	TCCACCATCGCCAGTG-1
branch: 1,3,4,2	736	ATTATCCGTGAGTAGC-1
branch: 1,3,4,2	737	AGTAACCAGATGACCG-1
branch: 1,3,4,2	738	GTGTCCTTCCAAGCCG-1
branch: 1,3,4,2	739	GGGCTCATCGAGCTGC-1
branch: 1,3,4,2	740	GCCGATGGTGATAGTA-1
branch: 1,3,4,2	741	GTCGAATAGTGGAAAG-1
branch: 1,3,4,2	742	TCCACCACATATACCG-1
branch: 1,3,4,2	743	TGTCCTGGTTCCTAGA-1
branch: 1,3,4,2	744	TTCCAATTCCACTTTA-1
branch: 1,3,4,2	745	AACACACCACGACAAG-1
branch: 1,3,4,2	746	TCATTGTTCACTGCTC-1
branch: 1,3,4,2	747	TGATTTCAGCAAGTGC-1
branch: 1,3,4,2	748	GGGCTCAGTCAAAGCG-1
branch: 1,3,4,2	749	GTGATGTCAGAAGTTA-1
branch: 1,3,4,2	750	GAAGGACTCCTTCAGC-1
branch: 1,3,4,2	751	TTCTAACAGACGCCAA-1
branch: 1,3,4,2	752	CATGAGTGTATCCCTC-1
branch: 1,3,4,2	753	TGCTGAAGTAGACTGG-1
branch: 1,3,4,2	754	ATCCACCTCGGTAGAG-1
branch: 1,3,4,2	755	ATCGTGAGTTGTGCCG-1
branch: 1,3,4,2	756	ACGTAGTAGCGGCTCT-1
branch: 1,3,4,2	757	TCCGGGATCCCTTGGT-1
branch: 1,3,4,2	758	AGGTGTTTCCATACTT-1
branch: 1,3,4,2	759	AGCTACAGTTACCTTT-1
branch: 1,3,4,2	760	AAGCGTTGTTAAGGAT-1
branch: 1,3,4,2	761	CACATGAGTATCACGT-1
branch: 1,3,4,2	762	TACAACGTCGATTGAC-1
branch: 1,3,4,2	763	CGAAGTTTCGGCTGAC-1
branch: 1,3,4,2	764	TACCGAATCGGTTAGT-1
branch: 1,3,4,2	765	CCGTAGGAGGCTCCCA-1
branch: 1,3,4,2	766	TCATACTAGAGCCGAT-1
branch: 1,3,4,2	767	GGTGATTGTTGACGGA-1
branch: 1,3,4,2	768	AACTTCTTCACTACGA-1
branch: 1,3,4,2	769	GGGCGTTTCTTAAGGC-1
branch: 1,3,4,2	770	TGATGGTTCAGGTAAA-1
branch: 1,3,4,2	771	AAGGTAACACAGCGCT-1
branch: 1,3,4,2	772	GATGAGGTCGTAACAC-1
branch: 1,3,4,2	773	CGGGACTGTCGAGCAA-1
branch: 1,3,4,2	774	TACTTCAAGAATAACC-1
branch: 1,3,4,2	775	GTAGCTAGTGGCCACT-1
branch: 1,3,4,2	776	GAGGCCTAGCCTGGAA-1
branch: 1,3,4,2	777	AAAGTGAGTACAGTTC-1
branch: 1,3,4,2	778	CACTTCGTCCTCACGT-1
branch: 1,3,4,2	779	TTGTTGTAGAGTCGAC-1
branch: 1,3,4,2	780	TCCTTTCAGTAGATCA-1
branch: 1,3,4,2	781	GTGAGTTCACTCCACT-1
branch: 1,3,4,2	782	AAACCCACAAGCTCTA-1
branch: 1,3,4,2	783	GATCCCTCATGTGACT-1
branch: 1,3,4,2	784	TTTCAGTGTGCATGTT-1
branch: 1,3,4,2	785	GTACAACTCCTGGTCT-1
branch: 1,3,4,2	786	AAAGTCCTCCAAGCAT-1
branch: 1,3,4,2	787	CTACATTAGCTAGTTC-1
branch: 1,3,4,2	788	CTATAGGGTTCGAGCC-1
branch: 1,3,4,2	789	GACCGTGAGCACCGTC-1
branch: 1,3,4,2	790	GCGATCGAGGTGATCG-1
branch: 1,3,4,2	791	CATGGATAGGCACTCC-1
branch: 1,3,4,2	792	AATTCCTTCTGAGCAT-1
branch: 1,3,4,2	793	GAGTTACGTACTCGAT-1
branch: 1,3,4,2	794	ATGATCGGTCGCACGT-1
branch: 1,3,4,2	795	ACAGAAAGTAGTCGGA-1
branch: 1,3,4,2	796	ACTTATCCAACAGCTT-1
branch: 1,3,4,2	797	CGTCCATTCTGAGGTT-1
branch: 1,3,4,2	798	TGTCCACTCGAAATCC-1
branch: 1,3,4,2	799	ATGGAGGAGGAGAGGC-1
branch: 1,3,4,2	800	TGCTCCAAGGTAGTAT-1
branch: 1,3,4,2	801	TCAGTCCTCAGCCTTC-1
branch: 1,3,4,2	802	GGCTTGGAGAGCAGCT-1
branch: 1,3,4,2	803	CACAACAAGTCGAGGT-1
branch: 1,3,4,2	804	TCGTGGGCACCCTCTA-1
branch: 1,3,4,2	805	TCCTGCAAGCCGTTGC-1
branch: 1,3,4,2	806	TAAGCGTCAGGTCAAG-1
branch: 1,3,4,2	807	CATTGTTTCCCGAAAT-1
branch: 1,3,4,2	808	AATTTCCGTGTCTTCC-1
branch: 1,3,4,2	809	GTGTAACAGATTCGAA-1
branch: 1,3,4,2	810	TATCCTACACACACTA-1
branch: 1,3,4,2	811	TGCACGGTCCGCACTT-1
branch: 1,3,4,2	812	TCCTGCAAGTAGTCTC-1
branch: 1,3,4,2	813	CGTCAAAGTGCTGTCG-1
branch: 1,3,4,2	814	AGCCACGTCTGTGCTC-1
branch: 1,3,4,2	815	CCGAACGGTGCGGATA-1
branch: 1,3,4,2	816	TGTTCCGGTACGATCT-1
branch: 1,3,4,2	817	TGCTCCATCCTGCTAC-1
branch: 1,3,4,2	818	GATCGTAAGACACACG-1
branch: 1,3,4,2	819	ATTACTCCAAGAAATC-1
branch: 1,3,4,2	820	GATGCTAAGCACTCTA-1
branch: 1,3,4,2	821	AGGTAGGTCTCATAGG-1
branch: 1,3,4,2	822	TTTCAGTGTGTCCGTG-1
branch: 1,3,4,2	823	CGTTAGAAGGGAGGAC-1
branch: 1,3,4,2	824	ATACCTTTCGGACTTA-1
branch: 1,3,4,2	825	ACACTGATCCGATGCG-1
branch: 1,3,4,2	826	CGGGTCATCGATAACC-1
branch: 1,3,4,2	827	ACATCCCGTACAGGTG-1
branch: 1,3,4,2	828	AAGAACAAGCAGTCTT-1
branch: 1,3,4,2	829	CCCTGATGTCGCACAC-1
branch: 1,3,4,2	830	TCATATCTCTCGGCTT-1
branch: 1,3,4,2	831	TGCAGGCGTCACGCTG-1
branch: 1,3,4,2	832	ACAGAAAAGCAGCACA-1
branch: 1,3,4,2	833	AAACGCTCACACACTA-1
branch: 1,3,4,2	834	AGAAGCGAGGTAAACT-1
branch: 1,3,4,2	835	GTTATGGAGAGAGCAA-1
branch: 1,3,4,2	836	CTGAATGTCACATCAG-1
branch: 1,3,4,2	837	TCTGGCTCATAGACTC-1
branch: 1,3,4,2	838	AATGACCAGCGAGGAG-1
branch: 1,3,4,2	839	GCTGAATGTCGCGTTG-1
branch: 1,3,4,2	840	ATCACTTCAGATACCT-1
branch: 1,3,4,2	841	GAGCTGCCAGCCATTA-1
branch: 1,3,4,2	842	CTACCCAAGCCGTCGT-1
branch: 1,3,4,2	843	GTGGTTAGTCTCGGAC-1
branch: 1,3,4,2	844	GGATGTTGTCCAATCA-1
branch: 1,3,4,2	845	CACACAACAACAAGTA-1
branch: 1,3,4,2	846	TCTTAGTTCAATCTTC-1
branch: 1,3,4,2	847	TTAGTCTGTTATGTCG-1
branch: 1,3,4,2	848	TGTCAGAGTTCGGCCA-1
branch: 1,3,4,2	849	GACGTTACATGACAAA-1
branch: 1,3,4,2	850	TCAGGTATCCGTATGA-1
branch: 1,3,4,2	851	TGACCCTAGATCACCT-1
branch: 1,3,4,2	852	CAAGACTCAATGACCT-1
branch: 1,3,4,2	853	CATTGCCAGGTCCGAA-1
branch: 1,3,4,2	854	GAATAGATCTTCCCGA-1
branch: 1,3,4,2	855	CGGTCAGGTTATAGAG-1
branch: 1,3,4,2	856	TCATCATCAGCAGGAT-1
branch: 1,3,4,2	857	TCGTAGAGTCAACCTA-1
branch: 1,3,4,2	858	AGCCACGCACGTAACT-1
branch: 1,3,4,2	859	GTGGAAGGTACTCCGG-1
branch: 1,3,4,2	860	TTGTTCAAGGTACAGC-1
branch: 1,3,4,2	861	CAGCACGGTAGCTCGC-1
branch: 1,3,4,2	862	TTCCGGTCATGCAGGA-1
branch: 1,3,4,2	863	AGGACTTGTAGGTACG-1
branch: 1,3,4,2	864	CTGTATTGTAGTGTGG-1
branch: 1,3,4,2	865	ACTATTCAGGTTCATC-1
branch: 1,3,4,2	866	CTGCAGGAGGAGTCTG-1
branch: 1,3,4,2	867	CGAGGAAGTAATCAGA-1
branch: 1,3,4,2	868	TCAAGTGAGAATAGTC-1
branch: 1,3,4,2	869	CGAGGAAAGCGGTAGT-1
branch: 1,3,4,2	870	TTGGGTAAGGGACAGG-1
branch: 1,3,4,2	871	GTGCACGCAGGACTAG-1
branch: 1,3,4,2	872	AGCCACGGTACCCACG-1
branch: 1,3,4,2	873	CTTCCTTAGGCACCAA-1
branch: 1,3,4,2	874	GAGATGGCAAATGCGG-1
branch: 1,3,4,2	875	TGAATGCTCTCCATAT-1
branch: 1,3,4,2	876	CAGATACAGACTTCCA-1
branch: 1,3,4,2	877	CCCTCAAAGCACCCAC-1
branch: 1,3,4,2	878	CGATGCGAGCGCATCC-1
branch: 1,3,4,2	879	AAGTACCCAGTGGCTC-1
branch: 1,3,4,2	880	AAGACTCAGGCACAAC-1
branch: 1,3,4,2	881	CTCAAGAGTGCTGTCG-1
branch: 1,3,4,2	882	TTTGGTTGTAGGTTTC-1
branch: 1,3,4,2	883	TTTGTTGTCATCGCTC-1
branch: 1,3,4,2	884	TTCGCTGTCTCCTGCA-1
branch: 1,3,4,2	885	CCTCACAAGTGGGAAA-1
branch: 1,3,4,2	886	CCTCAACAGCGTCGAA-1
branch: 1,3,4,2	887	TTCAATCTCCACGTGG-1
branch: 1,3,4,2	888	GAACTGTAGTGCCTCG-1
branch: 1,3,4,2	889	CATGCTCTCCCGAGAC-1
branch: 1,3,4,2	890	AAAGAACAGTCCGTCG-1
branch: 1,3,4,2	891	TCACACCGTAGTGCGA-1
branch: 1,3,4,2	892	GCGGATCCAGAGTTCT-1
branch: 1,3,4,2	893	TGTGCGGCAGTGTGCC-1
branch: 1,3,4,2	894	GTCGTAATCACCTTAT-1
branch: 1,3,4,2	895	GGGCTCAAGGGATGTC-1
branch: 1,3,4,2	896	TAGTGCAGTTCTTCAT-1
branch: 1,3,4,2	897	CCTGTTGGTAGCCCTG-1
branch: 1,3,4,2	898	TATATCCTCCTTCAGC-1
branch: 1,3,4,2	899	ATCCATTGTCTGTTAG-1
branch: 1,3,4,2	900	TTCGGTCGTTCGGACC-1
branch: 1,3,4,2	901	GCTGGGTCAATAGAGT-1
branch: 1,3,4,2	902	CTGAGCGAGCGTGAGT-1
branch: 1,3,4,2	903	AGGAAATGTGCATGAG-1
branch: 1,3,4,2	904	TTACCGCTCGAAACAA-1
branch: 1,3,4,2	905	GGGTCTGGTTATGTGC-1
branch: 1,3,4,2	906	ACGTCCTAGCCTGCCA-1
branch: 1,3,4,2	907	AACGAAAGTCCCTCAT-1
branch: 1,3,4,2	908	GTCACGGCATGCCGGT-1
branch: 1,3,4,2	909	ATGAGTCGTCGTAATC-1
branch: 1,3,4,2	910	AAGCGAGTCGGTATGT-1
branch: 1,3,4,2	911	CCCTTAGTCGATTTCT-1
branch: 1,3,4,2	912	AGAGCAGCAACCCTCT-1
branch: 1,3,4,2	913	TGTTGGACAATTTCCT-1
branch: 1,3,4,2	914	CCTCTAGTCCGCTTAC-1
branch: 1,3,4,2	915	AATGACCAGCAGGCTA-1
branch: 1,3,4,2	916	CAACCAACATACAGCT-1
branch: 1,3,4,2	917	TGCAGATAGAGCAAGA-1
branch: 1,3,4,2	918	CGTGATATCCGAGATT-1
branch: 1,3,4,2	919	GCCAGTGGTTGCAAGG-1
branch: 1,3,4,2	920	TCATGCCGTGGAACCA-1
branch: 1,3,4,2	921	AGTGATCTCCATAGAC-1
branch: 1,3,4,2	922	ATGAAAGTCCAACACA-1
branch: 1,3,4,2	923	ATGAGGGAGTCCGTCG-1
branch: 1,3,4,2	924	AGGGTTTGTTCAGCTA-1
branch: 1,3,4,2	925	AGAAGTAAGTTAACGA-1
branch: 1,3,4,2	926	TGGTTAGAGTAAAGCT-1
branch: 1,3,4,2	927	GGTGATTTCGGTCAGC-1
branch: 1,3,4,2	928	TGGTACATCCACGTGG-1
branch: 1,3,4,2	929	ATCGGATAGTGATAGT-1
branch: 1,3,4,2	930	GTGACGCAGCCTCTGG-1
branch: 1,3,4,2	931	GGAGCAACAAACTCGT-1
branch: 1,3,4,2	932	TGTTGGAAGCTGAGCA-1
branch: 1,3,4,2	933	ACGTAGTTCCGATGTA-1
branch: 1,3,4,2	934	TTACCGCGTAGCACAG-1
branch: 1,3,4,2	935	TCGGGCAAGTTTGGCT-1
branch: 1,3,4,2	936	TGAGACTAGAAGAGCA-1
branch: 1,3,4,2	937	TTTCATGTCAGAGTTC-1
branch: 1,3,4,2	938	ACACGCGAGCGGTATG-1
branch: 1,3,4,2	939	TTGGGATCATGTGGCC-1
branch: 1,3,4,2	940	TTGCGTCAGTCGCTAT-1
branch: 1,3,4,2	941	GACATCAAGTCAGGGT-1
branch: 1,3,4,2	942	CTCAATTGTAGGTGCA-1
branch: 1,3,4,2	943	ATGCCTCCACCTGAAT-1
branch: 1,3,4,2	944	GGTCACGGTAGGCTGA-1
branch: 1,3,4,2	945	CAAGCTAGTCAGGTAG-1
branch: 1,3,4,2	946	GGAGAACCAGCGAGTA-1
branch: 1,3,4,2	947	GGTGATTTCCTTCTAA-1
branch: 1,3,4,2	948	TTGCGTCGTTGATCGT-1
branch: 1,3,4,2	949	AGAACCTAGGTCATTC-1
branch: 1,3,4,2	950	CGGTCAGTCGCCTTGT-1
branch: 1,3,4,2	951	AGGGTGACAGCTAACT-1
branch: 1,3,4,2	952	AGACCATAGAAGCTCG-1
branch: 1,3,4,2	953	TGTCCCATCTAGTGAC-1
branch: 1,3,4,2	954	GGGCGTTAGTGAATAC-1
branch: 1,3,4,2	955	CCCTAACAGTTGGCTT-1
branch: 1,3,4,2	956	CACCGTTTCAAGCTGT-1
branch: 1,3,4,2	957	AAGTCGTCATGTAACC-1
branch: 1,3,4,2	958	TGTAGACAGACAAGCC-1
branch: 1,3,4,2	959	TGGATCAAGAAACTCA-1
branch: 1,3,4,2	960	CATAGACGTGAATGAT-1
branch: 1,3,4,2	961	CCTGTTGCAGTGCCTG-1
branch: 1,3,4,2	962	TCATGTTGTCCACATA-1
branch: 1,3,4,2	963	TGTAGACTCGGAGTGA-1
branch: 1,3,4,2	964	CTACTATTCGGCTCTT-1
branch: 1,3,4,2	965	TGTACAGAGGCGTCCT-1
branch: 1,3,4,2	966	CGAAGGAGTAGCGCTC-1
branch: 1,3,4,2	967	TCCTTTCCAGTGTGCC-1
branch: 1,3,4,2	968	AGAACCTCACTAGGCC-1
branch: 1,3,4,2	969	AATCGACCAGAGTGTG-1
branch: 1,3,4,2	970	AGAAGTATCGTTGTAG-1
branch: 1,3,4,2	971	CGCGTGAAGAAATCCA-1
branch: 1,3,4,2	972	TTCTTGAGTTAAACAG-1
branch: 1,3,4,2	973	GCATCGGCAATTTCTC-1
branch: 1,3,4,2	974	ATCACTTGTGAGTTGG-1
branch: 1,3,4,2	975	CAAAGAACAACGATTC-1
branch: 1,3,4,2	976	ACATTTCAGTGCAGCA-1
branch: 1,3,4,2	977	ATCACAGAGTGAGCCA-1
branch: 1,3,4,2	978	TTCAGGATCATCTCTA-1
branch: 1,3,4,2	979	ACAGCCGAGCCAACCC-1
branch: 1,3,4,2	980	CGCCAGATCCGCTGTT-1
branch: 1,3,4,2	981	AACCCAAGTACGTACT-1
branch: 1,3,4,2	982	ACAACCAGTAAGTTGA-1
branch: 1,3,4,2	983	CCTCCAATCCGAACGC-1
branch: 1,3,4,2	984	GAGAAATAGCCTGAGA-1
branch: 1,3,4,2	985	TGGTTAGGTTACGCCG-1
branch: 1,3,4,2	986	AGATGCTAGGCCCACT-1
branch: 1,3,4,2	987	ACACGCGTCGCAGATT-1
branch: 1,3,4,2	988	TGCCGAGAGCTCGACC-1
branch: 1,3,4,2	989	TTGGGCGCATCCTCAC-1
branch: 1,3,4,2	990	CGTCAAAGTGGAGAAA-1
branch: 1,3,4,2	991	GACACGCTCGGTAGAG-1
branch: 1,3,4,2	992	GAGTTTGGTTGAATCC-1
branch: 1,3,4,2	993	GACTTCCAGGTGAGAA-1
branch: 1,3,4,2	994	TGCATCCCAGGCACTC-1
branch: 1,3,4,2	995	CTGTGAAGTTAATCGC-1
branch: 1,3,4,2	996	CAGATACAGATAGCTA-1
branch: 1,3,4,2	997	GGCTTTCTCTTACCGC-1
branch: 1,3,4,2	998	TCATACTGTAAGTTGA-1
branch: 1,3,4,2	999	CTCATGCGTCCAGCGT-1
branch: 1,3,4,2	1000	AATGCCACAACGATTC-1
branch: 1,3,4,2	1001	GGGACTCCACGTTGGC-1
branch: 1,3,4,2	1002	AATTCCTCACTTGTGA-1
branch: 1,3,4,2	1003	TAGGAGGCAATGTCTG-1
branch: 1,3,4,2	1004	TCTCTGGTCAGCTTCC-1
branch: 1,3,4,2	1005	GCCAGTGAGATTCGAA-1
branch: 1,3,4,2	1006	GAACGTTCAGACAAGC-1
branch: 1,3,4,2	1007	GTTGTAGTCCGTGGGT-1
branch: 1,3,4,2	1008	AACAGGGCATGTCAGT-1
branch: 1,3,4,2	1009	TGCATGAGTTTGGGAG-1
branch: 1,3,4,2	1010	TAGGGTTAGAGCAAGA-1
branch: 1,3,4,2	1011	CATTGTTAGACTTCGT-1
branch: 1,3,4,2	1012	CTGCATCAGTTGCGAG-1
branch: 1,3,4,2	1013	GCATTAGCAGAGACTG-1
branch: 1,3,4,2	1014	GTCAAGTTCCAAAGGG-1
branch: 1,3,4,2	1015	GAATCACAGCGTCGAA-1
branch: 1,3,4,2	1016	TAACACGTCTCTAAGG-1
branch: 1,3,4,2	1017	AGATGAATCTCCTGTG-1
branch: 1,3,4,2	1018	TCAGTTTTCGACTCCT-1
branch: 1,3,4,2	1019	GCGGATCCAGGTTCGC-1
branch: 1,3,4,2	1020	AGTGTTGAGGCGTCCT-1
branch: 1,3,4,2	1021	TCGCTTGTCAACGCTA-1
branch: 1,3,4,2	1022	ACTATGGAGTAAGCAT-1
branch: 1,3,4,2	1023	TTAGGCATCCTTTAGT-1
branch: 1,3,4,2	1024	CCTACGTGTCACTCGG-1
branch: 1,3,4,2	1025	CAACCAAAGCCGTAAG-1
branch: 1,3,4,2	1026	ACACGCGGTTTCGGCG-1
branch: 1,3,4,2	1027	ATGGATCCATAGACTC-1
branch: 1,3,4,2	1028	AGATGAATCTGTGCTC-1
branch: 1,3,4,2	1029	GACGCTGCAACGACAG-1
branch: 1,3,4,2	1030	ATCGGCGGTGCCGAAA-1
branch: 1,3,4,2	1031	TCCTCGACATAACCCA-1
branch: 1,3,4,2	1032	CTGCCATCAGTCAGTT-1
branch: 1,3,4,2	1033	TGTTGGATCATTGCGA-1
branch: 1,3,4,2	1034	ATTTCTGTCGCCAGAC-1
branch: 1,3,4,2	1035	GATTGGTTCTAGTGAC-1
branch: 1,3,4,2	1036	AGCGATTAGGGTAGCT-1
branch: 1,3,4,2	1037	GCAACATCAGCTGGTC-1
branch: 1,3,4,2	1038	GTATTGGGTACGCTAT-1
branch: 1,3,4,2	1039	ACTCTCGTCAGTCTTT-1
branch: 1,3,4,2	1040	ACTGTCCGTCGAGATG-1
branch: 1,3,4,2	1041	ACATTTCTCGGCTTGG-1
branch: 1,3,4,2	1042	GCTGCAGAGTTACGAA-1
branch: 1,3,4,2	1043	TCCTTCTGTATCGGTT-1
branch: 1,3,4,2	1044	GTCGTTCGTTAAACAG-1
branch: 1,3,4,2	1045	AGCGCCAGTGTCTCCT-1
branch: 1,3,4,2	1046	CTCCAACAGTCGCTAT-1
branch: 1,3,4,2	1047	GGGAGTACATCAGTGT-1
branch: 1,3,4,2	1048	GTTAGTGTCACTGGTA-1
branch: 1,3,4,2	1049	CAATTTCTCAAGTTGC-1
branch: 1,3,4,2	1050	CTATCTATCCCGATCT-1
branch: 1,3,4,2	1051	ACACCAAGTAGCCAGA-1
branch: 1,3,4,2	1052	ATGGTTGGTGAGATTA-1
branch: 1,3,4,2	1053	CATACAGAGCCGGATA-1
branch: 1,3,4,2	1054	AAAGTCCAGAGCAGCT-1
branch: 1,3,4,2	1055	ATCGTAGAGATGGGCT-1
branch: 1,3,4,2	1056	AGCGTATTCCGCAACG-1
branch: 1,3,4,2	1057	TCACAAGAGATTACCC-1
branch: 1,3,4,2	1058	AACAGGGCACTGAGTT-1
branch: 1,3,4,2	1059	GAAATGACACGTACTA-1
branch: 1,3,4,2	1060	TTCGATTAGACTTCGT-1
branch: 1,3,4,2	1061	ACTTTCAGTAATTGGA-1
branch: 1,3,4,2	1062	TAGGTACAGTGCGACA-1
branch: 1,3,4,2	1063	CTGTCGTAGGAAAGGT-1
branch: 1,3,4,2	1064	CGGAACCTCATTTGGG-1
branch: 1,3,4,2	1065	AAGCGAGCACCCGTAG-1
branch: 1,3,4,2	1066	GAGACTTCACTGGAAG-1
branch: 1,3,4,2	1067	CATCGTCCATCCAATG-1
branch: 1,3,4,2	1068	CTCCCTCCACTTGAGT-1
branch: 1,3,4,2	1069	ACTTATCTCCGTCACT-1
branch: 1,3,4,2	1070	ACGATCAAGATAGTGT-1
branch: 1,3,4,2	1071	CGTGAATTCTCAGGCG-1
branch: 1,3,4,2	1072	CTGAATGTCGCCAACG-1
branch: 1,3,4,2	1073	GTAGAGGAGCCTCGTG-1
branch: 1,3,4,2	1074	CTGCAGGCATGTCTAG-1
branch: 1,3,4,2	1075	TGGAGAGCAATACGAA-1
branch: 1,3,4,2	1076	CGTTGGGAGTCACGAG-1
branch: 1,3,4,2	1077	TCTTGCGAGTACGAGC-1
branch: 1,3,4,2	1078	ATTGGGTCAGAAACCG-1
branch: 1,3,4,2	1079	TGTTGAGGTGAACTAA-1
branch: 1,3,4,2	1080	CACAGGCTCGGAACTT-1
branch: 1,3,4,2	1081	CACTAAGGTGCCAAGA-1
branch: 1,3,4,2	1082	GGGCTACAGCATGCGA-1
branch: 1,3,4,2	1083	TAAGTCGTCGATGGAG-1
branch: 1,3,4,2	1084	GTTACGATCGTGCATA-1
branch: 1,3,4,2	1085	CACTGTCGTTGGCCTG-1
branch: 1,3,4,2	1086	GGGCCATAGCACGGAT-1
branch: 1,3,4,2	1087	CGAGGAACAACTCATG-1
branch: 1,3,4,2	1088	CTGCCTATCAGACCCG-1
branch: 1,3,4,2	1089	TAAGTCGGTCACGACC-1
branch: 1,3,4,2	1090	CACTGGGGTCGTACTA-1
branch: 1,3,4,2	1091	TCATTCACAGAGTAAT-1
branch: 1,3,4,2	1092	TGACAGTAGTGTTGTC-1
branch: 1,3,4,2	1093	GAGCTGCCAAAGGCAC-1
branch: 1,3,4,2	1094	CATACAGGTGACTGTT-1
branch: 1,3,4,2	1095	CGTGCTTCAATCTCTT-1
branch: 1,3,4,2	1096	TCATTCATCCCGAGAC-1
branch: 1,3,4,2	1097	GAAGTAATCGTAACAC-1
branch: 1,3,4,2	1098	TTGAACGAGCAGCCTC-1
branch: 1,3,4,2	1099	TACCGAATCATTTACC-1
branch: 1,3,4,2	1100	CCCGGAATCTACCAGA-1
branch: 1,3,4,2	1101	TGGCGTGAGAGCATTA-1
branch: 1,3,4,2	1102	CTCTCAGGTGGTTCTA-1
branch: 1,3,4,2	1103	AACCATGCAAATCAGA-1
branch: 1,3,4,2	1104	CAACGGCGTTAAGTCC-1
branch: 1,3,4,2	1105	TGTGCGGCAAAGACGC-1
branch: 1,3,4,2	1106	TCCGAAAAGCATATGA-1
branch: 1,3,4,2	1107	CACTAAGGTCGTGATT-1
branch: 1,3,4,2	1108	TCCACGTGTGAGTAAT-1
branch: 1,3,4,2	1109	AGGCCACTCAACCGAT-1
branch: 1,3,4,2	1110	AATTCCTGTCACAGAG-1
branch: 1,3,4,2	1111	GAGTGTTTCCATACAG-1
branch: 1,3,4,2	1112	TCACAAGAGGCAGTCA-1
branch: 1,3,4,2	1113	TGAGCGCCACTCTCGT-1
branch: 1,3,4,2	1114	CAGTGCGAGGAGTACC-1
branch: 1,3,4,2	1115	CAACAGTGTCTTACTT-1
branch: 1,3,4,2	1116	TACCGAAGTAACAGGC-1
branch: 1,3,4,2	1117	ATGAAAGCAAGAGTGC-1
branch: 1,3,4,2	1118	TCCTGCAGTAGATGTA-1
branch: 1,3,4,2	1119	GTGGAGAGTAGTCTTG-1
branch: 1,3,4,2	1120	AGTTCCCCAAAGCACG-1
branch: 1,3,4,2	1121	CCGTAGGCAGAGAGGG-1
branch: 1,3,4,2	1122	GTCTCACGTTGGGCCT-1
branch: 1,3,4,2	1123	AGATAGAGTTAAAGTG-1
branch: 1,3,4,2	1124	ACTCTCGGTCCTATAG-1
branch: 1,3,4,2	1125	TGTAACGAGTAAGGGA-1
branch: 1,3,4,2	1126	AGGTAGGAGTGATAGT-1
branch: 1,3,4,2	1127	CTCAAGAAGATGGCGT-1
branch: 1,3,4,2	1128	TTTGATCGTCCAGTTA-1
branch: 1,3,4,2	1129	GCAACATTCCTAGCGG-1
branch: 1,3,4,2	1130	GTAGTACGTGTAAATG-1
branch: 1,3,4,2	1131	AACTTCTTCAAGGCTT-1
branch: 1,3,4,2	1132	GCAGGCTAGAGAGCAA-1
branch: 1,3,4,2	1133	GGTTGTAGTCGCAGTC-1
branch: 1,3,4,2	1134	CGACAGCTCTTAATCC-1
branch: 1,3,4,2	1135	TGATTCTTCATCACCC-1
branch: 1,3,4,2	1136	TACCCGTCACCAGACC-1
branch: 1,3,4,2	1137	GTCATCCCAGTTGCGC-1
branch: 1,3,4,2	1138	GATGACTCAAAGGCAC-1
branch: 1,3,4,2	1139	CTCTGGTCACGCGTGT-1
branch: 1,3,4,2	1140	TGACGCGAGGCATGCA-1
branch: 1,3,4,2	1141	GGGCTACAGCTAGCCC-1
branch: 1,3,4,2	1142	CACTGAACAAGGAGTC-1
branch: 1,3,4,2	1143	CTCAATTAGATACAGT-1
branch: 1,3,4,2	1144	TAGGAGGCACCGGTCA-1
branch: 1,3,4,2	1145	TCCACCAGTAGTTACC-1
branch: 1,3,4,2	1146	CGCCAGAGTCGTTGGC-1
branch: 1,3,4,2	1147	TCACACCAGGTAAGTT-1
branch: 1,3,4,2	1148	ACTTCGCAGGAGATAG-1
branch: 1,3,4,2	1149	TAAGCCATCGTCTCAC-1
branch: 1,3,4,2	1150	TCAGGGCTCATCACAG-1
branch: 1,3,4,2	1151	TGCAGATGTTGTTGTG-1
branch: 1,3,4,2	1152	TATCGCCAGTGGAAGA-1
branch: 1,3,4,2	1153	GCCAGCAAGGAAAGGT-1
branch: 1,3,4,2	1154	ATCCACCGTTTCACAG-1
branch: 1,3,4,2	1155	GTCTAGAAGGTCGACA-1
branch: 1,3,4,2	1156	TTGGGATGTGAGACGT-1
branch: 1,3,4,2	1157	CGTTGGGGTTCTTGCC-1
branch: 1,3,4,2	1158	TATCTTGAGATGTTAG-1
branch: 1,3,4,2	1159	CATCGCTTCGATGGAG-1
branch: 1,3,4,2	1160	CCACTTGGTCATAAAG-1
branch: 1,3,4,2	1161	AGGTAGGCATAGAATG-1
branch: 1,3,4,2	1162	AGGTCTAGTATCACGT-1
branch: 1,3,4,2	1163	ACTATTCCAAGCACAG-1
branch: 1,3,4,2	1164	AACAAAGCACCCTTAC-1
branch: 1,3,4,2	1165	GAGTGAGTCGCTAATG-1
branch: 1,3,4,2	1166	CTGTGAAGTACGAAAT-1
branch: 1,3,4,2	1167	AAGAACATCCGGACGT-1
branch: 1,3,4,2	1168	AATTCCTGTACCGGCT-1
branch: 1,3,4,2	1169	TCTAACTAGCAAGTGC-1
branch: 1,3,4,2	1170	TCGACCTTCGGCCTTT-1
branch: 1,3,4,2	1171	TGTAGACCATGCAGCC-1
branch: 1,3,4,2	1172	CTCAACCCATTGACCA-1
branch: 1,3,4,2	1173	AGCTACAGTCTTACTT-1
branch: 1,3,4,2	1174	GACTTCCCAAGGGTCA-1
branch: 1,3,4,2	1175	TATGTTCTCAAGTCGT-1
branch: 1,3,4,2	1176	TATACCTCATCCTAAG-1
branch: 1,3,4,2	1177	TTACCGCAGGCTCACC-1
branch: 1,3,4,2	1178	TCATCCGGTACTAGCT-1
branch: 1,3,4,2	1179	TATACCTGTATGATCC-1
branch: 1,3,4,2	1180	TTACGTTAGACGACTG-1
branch: 1,3,4,2	1181	TAAGCACTCCCATTTA-1
branch: 1,3,4,2	1182	GTGTCCTTCTATTCGT-1
branch: 1,3,4,2	1183	ACGTTCCGTGTTATCG-1
branch: 1,3,4,2	1184	GTGTCCTAGTACGAGC-1
branch: 1,3,4,2	1185	CATGGTAGTGCCCGTA-1
branch: 1,3,4,2	1186	GAACGTTTCTTTGCAT-1
branch: 1,3,4,2	1187	AGGTTACCAACACGTT-1
branch: 1,3,4,2	1188	CCTTCAGGTTGCCAAT-1
branch: 1,3,4,2	1189	TTTCACAAGTCTGCAT-1
branch: 1,3,4,2	1190	GCACATATCTACCTTA-1
branch: 1,3,4,2	1191	CCCTAACCAAATACGA-1
branch: 1,3,4,2	1192	AATGACCAGGTTCATC-1
branch: 1,3,4,2	1193	ACTGTCCTCCGGACGT-1
branch: 1,3,4,2	1194	GATGAGGGTAAGAACT-1
branch: 1,3,4,2	1195	TTCGCTGGTCAACGCC-1
branch: 1,3,4,2	1196	CGTTGGGTCCGAGAAG-1
branch: 1,3,4,2	1197	CGAAGGAGTCGAACGA-1
branch: 1,3,4,2	1198	TCTCTGGTCGGCTCTT-1
branch: 1,3,4,2	1199	TGCTTCGCAATACGCT-1
branch: 1,3,4,2	1200	AGAAATGGTCGAAGCA-1
branch: 1,3,4,2	1201	CTCAAGAGTCACTCTC-1
branch: 1,3,4,2	1202	GTTCGCTCACAAGTTC-1
branch: 1,3,4,2	1203	GCATCTCGTAGTGGCA-1
branch: 1,3,4,2	1204	GTAGCTAGTGGCAACA-1
branch: 1,3,4,2	1205	AATCACGGTACGAAAT-1
branch: 1,3,4,2	1206	GTTGAACCACCTGAAT-1
branch: 1,3,4,2	1207	TCATTTGCACCCTTAC-1
branch: 1,3,4,2	1208	GAGTCATTCATTCGTT-1
branch: 1,3,4,2	1209	CTATAGGTCTCGACCT-1
branch: 1,3,4,2	1210	CACTGGGAGAGAACCC-1
branch: 1,3,4,2	1211	ACAGCCGGTCATGGCC-1
branch: 1,3,4,2	1212	ATCCGTCAGAATCGTA-1
branch: 1,3,4,2	1213	GCTTTCGTCACACCGG-1
branch: 1,3,4,2	1214	CACGAATCAGGAGACT-1
branch: 1,3,4,2	1215	TCTTCCTAGGAAAGTG-1
branch: 1,3,4,2	1216	TCCATGCCATACAGGG-1
branch: 1,3,4,2	1217	TTCTTGAGTGATACAA-1
branch: 1,3,4,2	1218	TGGGAGACAGCTACCG-1
branch: 1,3,4,2	1219	CATTTCATCGTCAGAT-1
branch: 1,3,4,2	1220	GCCAGGTAGCTCCACG-1
branch: 1,3,4,2	1221	TCATGGACATCACGGC-1
branch: 1,3,4,2	1222	AGGATAACAGGCATTT-1
branch: 1,3,4,2	1223	GACTTCCAGGATTTGA-1
branch: 1,3,4,2	1224	TTCCAATTCTGTAAGC-1
branch: 1,3,4,2	1225	GACGTTATCCATAGGT-1
branch: 1,3,4,2	1226	GGCAGTCAGATCGCTT-1
branch: 1,3,4,2	1227	CTAGACATCGCGTTTC-1
branch: 1,3,4,2	1228	GGGCTCAGTAGGTTTC-1
branch: 1,3,4,2	1229	TCAGCAAGTAGCCCTG-1
branch: 1,3,4,2	1230	TTGCATTAGGCGAACT-1
branch: 1,3,4,2	1231	AAGCATCGTTGCATCA-1
branch: 1,3,4,2	1232	CATTCCGCATTGAGCT-1
branch: 1,3,4,2	1233	ACTTCGCCATTATGCG-1
branch: 1,3,4,2	1234	CTACAGAAGCCGAATG-1
branch: 1,3,4,2	1235	GGGACTCAGGTGCGAT-1
branch: 1,3,4,2	1236	GTTCCGTAGAATCGTA-1
branch: 1,3,4,2	1237	CTCATGCTCTGTCAGA-1
branch: 1,3,4,2	1238	ACTATCTGTTTCCAAG-1
branch: 1,3,4,2	1239	GCAGCTGAGGATGGCT-1
branch: 1,3,4,2	1240	TTGTGGAAGCTTTCCC-1
branch: 1,3,4,2	1241	TGGAGAGGTTGGGCCT-1
branch: 1,3,4,2	1242	TATCCTATCACCTCGT-1
branch: 1,3,4,2	1243	GTGCGTGTCAGTCAGT-1
branch: 1,3,4,2	1244	TCCTTTCCAACCGATT-1
branch: 1,3,4,2	1245	GGTGAAGTCTGTCCCA-1
branch: 1,3,4,2	1246	CTTCTCTCACAAGCTT-1
branch: 1,3,4,2	1247	TTCCACGGTTCGGCCA-1
branch: 1,3,4,2	1248	CGAAGTTGTAGAATGT-1
branch: 1,3,4,2	1249	TGTAGACCAACGTAAA-1
branch: 1,3,4,2	1250	CAACGATAGTCAGCCC-1
branch: 1,3,4,2	1251	GCAGTTAAGTGAATAC-1
branch: 1,3,4,2	1252	CCGTGAGTCTTTACAC-1
branch: 1,3,4,2	1253	AAGTTCGGTCATTGCA-1
branch: 1,3,4,2	1254	ACGTTCCCAAGTGATA-1
branch: 1,3,4,2	1255	CCTTCAGGTGAGATAT-1
branch: 1,3,4,2	1256	TACCTCGCATTATGCG-1
branch: 1,3,4,2	1257	CTACCCACAAGTGGTG-1
branch: 1,3,4,2	1258	GAGTGAGCACGCCACA-1
branch: 1,3,4,2	1259	CTGTACCGTGACTGTT-1
branch: 1,3,4,2	1260	CCTACGTTCTCGGGAC-1
branch: 1,3,4,2	1261	CACACAAGTTAGGCCC-1
branch: 1,3,4,2	1262	GAATCGTCATGTCAGT-1
branch: 1,3,4,2	1263	CCCTCAAGTGGGACAT-1
branch: 1,3,4,2	1264	ATGGGAGGTAATGATG-1
branch: 1,3,4,2	1265	GGTGAAGAGCGTTACT-1
branch: 1,3,4,2	1266	AAACGCTAGGCTCTCG-1
branch: 1,3,4,2	1267	GAGGGTAGTATGGTAA-1
branch: 1,3,4,2	1268	CACGAATTCCTGGTCT-1
branch: 1,3,4,2	1269	TCCTTCTAGGAATTAC-1
branch: 1,3,4,2	1270	CTACCCAGTCACTCTC-1
branch: 1,3,4,2	1271	AGATCCAAGATCCTAC-1
branch: 1,3,4,2	1272	CAACGGCTCAATCCAG-1
branch: 1,3,4,2	1273	TGATGCACAGGGCTTC-1
branch: 1,3,4,2	1274	CTGCCATAGTCTGCGC-1
branch: 1,3,4,2	1275	CTAACCCTCAGGAAGC-1
branch: 1,3,4,2	1276	TACAGGTTCCAGCTCT-1
branch: 1,3,4,2	1277	AGGTTACAGAGGTTTA-1
branch: 1,3,4,2	1278	TCACATTGTCTACAGT-1
branch: 1,3,4,2	1279	TGCATGATCAAGCTTG-1
branch: 1,3,4,2	1280	ACGTAACCACGTAGAG-1
branch: 1,3,4,2	1281	TTACCGCTCACATCAG-1
branch: 1,3,4,2	1282	TTCCTAAAGACAACTA-1
branch: 1,3,4,2	1283	GTTCATTGTGAATTGA-1
branch: 1,3,4,2	1284	ATACCGATCACCGGTG-1
branch: 1,3,4,2	1285	CTGTGAAAGCGACAGT-1
branch: 1,3,4,2	1286	TTTACCATCCTTCGAC-1
branch: 1,3,4,2	1287	TCGACGGCAGTGGTGA-1
branch: 1,3,4,2	1288	ACACTGAAGACATCCT-1
branch: 1,3,4,2	1289	TTGTGGAAGGAAGTAG-1
branch: 1,3,4,2	1290	CATTCTATCACCTTAT-1
branch: 1,3,4,2	1291	ATACCTTGTTTACGTG-1
branch: 1,3,4,2	1292	GTGGGAAGTGGACCTC-1
branch: 1,3,4,2	1293	CCGGTAGTCGCAACAT-1
branch: 1,3,4,2	1294	AAGTGAAAGATGAAGG-1
branch: 1,3,4,2	1295	GTGTGATGTGGAAATT-1
branch: 1,3,4,2	1296	TCCTCGAAGGCTCTCG-1
branch: 1,3,4,2	1297	ATGACCACACTGGCGT-1
branch: 1,3,4,2	1298	CTGTGGGCACCGCTGA-1
branch: 1,3,4,2	1299	CCCTCTCCATGGGAAC-1
branch: 1,3,4,2	1300	ACGGTCGTCCAGCACG-1
branch: 1,3,4,2	1301	AGCGCTGTCCGATGCG-1
branch: 1,3,4,2	1302	CCACACTCAGCGACCT-1
branch: 1,3,4,2	1303	TCAGGTATCCACGAAT-1
branch: 1,3,4,2	1304	CAATACGTCTCGTCAC-1
branch: 1,3,4,2	1305	GGGAAGTGTTACCGTA-1
branch: 1,3,4,2	1306	TCACACCAGTACGAGC-1
branch: 1,3,4,2	1307	GATGGAGAGCTTTCTT-1
branch: 1,3,4,2	1308	TGGTACATCTAAACGC-1
branch: 1,3,4,2	1309	CACGTTCGTCGCATGC-1
branch: 1,3,4,2	1310	TCCCAGTTCTCTGCCA-1
branch: 1,3,4,2	1311	TCATTTGAGTCCTACA-1
branch: 1,3,4,2	1312	AGTACTGAGGCGATAC-1
branch: 1,3,4,2	1313	AAAGGGCCAACCCGCA-1
branch: 1,3,4,2	1314	ATGCGATCATCCTTGC-1
branch: 1,3,4,2	1315	ACAAAGAAGTCACTGT-1
branch: 1,3,4,2	1316	TGTTGGAGTTCCCACT-1
branch: 1,3,4,2	1317	GACATCACATCGCTCT-1
branch: 1,3,4,2	1318	CAGGGCTAGCCGTTAT-1
branch: 1,3,4,2	1319	ATCCACCGTAGTCGTT-1
branch: 1,3,4,2	1320	ACTTCGCTCTGGTTGA-1
branch: 1,3,4,2	1321	TCTCACGCAACCAACT-1
branch: 1,3,4,2	1322	TGTCAGAGTCTGTCCT-1
branch: 1,3,4,2	1323	CCGCAAGAGTTCTCTT-1
branch: 1,3,4,2	1324	AGGCATTGTTTATGCG-1
branch: 1,3,4,2	1325	ATCTTCAAGTTGCGAG-1
branch: 1,3,4,2	1326	TGAGTCATCCTCTGCA-1
branch: 1,3,4,2	1327	AACTTCTAGAACAGGA-1
branch: 1,3,4,2	1328	CCTCTAGTCCTCTAAT-1
branch: 1,3,4,2	1329	CATCCGTCAACTCCAA-1
branch: 1,3,4,2	1330	CTCAAGACATGATAGA-1
branch: 1,3,4,2	1331	TCGTCCACAACGTAAA-1
branch: 1,3,4,2	1332	ACGGAAGGTTGTCTAG-1
branch: 1,3,4,2	1333	TCATGGATCTCATAGG-1
branch: 1,3,4,2	1334	GTACAACTCCCGAGGT-1
branch: 1,3,4,2	1335	CGGTCAGTCAGATTGC-1
branch: 1,3,4,2	1336	TCATTGTAGGACGCTA-1
branch: 1,3,4,2	1337	GCTCAAAAGGACTGGT-1
branch: 1,3,4,2	1338	CATCGCTTCCTTTAGT-1
branch: 1,3,4,2	1339	CAACGATGTTAATGAG-1
branch: 1,3,4,2	1340	GTCAGCGGTTCAACGT-1
branch: 1,3,4,2	1341	ACGTCCTTCCTGTACC-1
branch: 1,3,4,2	1342	CTCCTTTAGACGACGT-1
branch: 1,3,4,2	1343	TCATATCAGCACCTGC-1
branch: 1,3,4,2	1344	CATTGCCCATTACGGT-1
branch: 1,3,4,2	1345	CTCCGATCAAACTGCT-1
branch: 1,3,4,2	1346	AGACCCGGTTGAATCC-1
branch: 1,3,4,2	1347	GTGTGGCGTCTAGATC-1
branch: 1,3,4,2	1348	AGATCCATCCCGTGTT-1
branch: 1,3,4,2	1349	ATCACGATCCGATCGG-1
branch: 1,3,4,2	1350	CTTACCGGTCAAGGCA-1
branch: 1,3,4,2	1351	GTAATCGGTGAACTAA-1
branch: 1,3,4,2	1352	CAAGCTACAATACGAA-1
branch: 1,3,4,2	1353	GTCTTTAGTAGGTTTC-1
branch: 1,3,4,2	1354	TACTTACGTCGCACGT-1
branch: 1,3,4,2	1355	CAAGCTATCACCTGGG-1
branch: 1,3,4,2	1356	AACGGGAGTGGCCACT-1
branch: 1,3,4,2	1357	TAAGCCAGTTTGGGAG-1
branch: 1,3,4,2	1358	AGCGCTGCAAACGGCA-1
branch: 1,3,4,2	1359	GTAACACCAATAACCC-1
branch: 1,3,4,2	1360	GAAATGATCCTATTTG-1
branch: 1,3,4,2	1361	TGGGTTATCGACATAC-1
branch: 1,3,4,2	1362	TTGAACGGTCGACGCT-1
branch: 1,3,4,2	1363	GAGTGTTCAAGCGAGT-1
branch: 1,3,4,2	1364	CATAAGCAGGATTTGA-1
branch: 1,3,4,2	1365	TCCTAATCAATTGAGA-1
branch: 1,3,4,2	1366	TCTTAGTCAATGACCT-1
branch: 1,3,4,2	1367	AGTAACCAGCGATCGA-1
branch: 1,3,4,2	1368	GCGTTTCAGTTGAAAC-1
branch: 1,3,4,2	1369	GAAGCGATCCACACCT-1
branch: 1,3,4,2	1370	TGACCCTGTGGTTCTA-1
branch: 1,3,4,2	1371	TCTATACGTCATCGCG-1
branch: 1,3,4,2	1372	CGTGTCTGTATCGTTG-1
branch: 1,3,4,2	1373	ACGGTTAGTCGGTAAG-1
branch: 1,3,4,2	1374	TACCTGCAGGCAATGC-1
branch: 1,3,4,2	1375	CGATGCGGTCGTATTG-1
branch: 1,3,4,2	1376	CAATTTCAGCTAGAAT-1
branch: 1,3,4,2	1377	TCAATTCTCCTCTCTT-1
branch: 1,3,4,2	1378	AAAGGGCGTCATGACT-1
branch: 1,3,4,2	1379	CAAGAGGCAGCAATTC-1
branch: 1,3,4,2	1380	TGGCGTGAGGATATGT-1
branch: 1,3,4,2	1381	GAGGGTAAGTGGACTG-1
branch: 1,3,4,2	1382	TAGTGCATCTAGGCCG-1
branch: 1,3,4,2	1383	CTATCCGCAGCTATTG-1
branch: 1,3,4,2	1384	TAGGAGGCACGTCATA-1
branch: 1,3,4,2	1385	CCACGAGTCAGGTGTT-1
branch: 1,3,4,2	1386	CATCAAGCATGTTCGA-1
branch: 1,3,4,2	1387	AGGGCTCTCAAGCGTT-1
branch: 1,3,4,2	1388	TTTGGTTTCCATTCAT-1
branch: 1,3,4,2	1389	TCTACATCAGATTTCG-1
branch: 1,3,4,2	1390	AGCCAGCGTGCTAGCC-1
branch: 1,3,4,2	1391	TGTTGAGGTTATCTGG-1
branch: 1,3,4,2	1392	GAAGTAACATGAAGGC-1
branch: 1,3,4,2	1393	AGGCTGCGTGGTCAAG-1
branch: 1,3,4,2	1394	GTTACCCCAGAGGGTT-1
branch: 1,3,4,2	1395	CTACCCATCAAGTAAG-1
branch: 1,3,4,2	1396	TCGAAGTCAATCCAGT-1-1
branch: 1,3,4,2	1397	GGTGTTACAACGGTAG-1
branch: 1,3,4,2	1398	GGTTAACTCATCTCTA-1
branch: 1,3,4,2	1399	CAGAGCCCAATTGCTG-1
branch: 1,3,4,2	1400	TTAGGGTCAGGGACTA-1
branch: 1,3,4,2	1401	AGTAACCTCTTGAACG-1
branch: 1,3,4,2	1402	GAAATGAAGGGTTAAT-1
branch: 1,3,4,2	1403	GAGTCTAGTCTCAAGT-1
branch: 1,3,4,2	1404	AGATCCAGTTCGTGCG-1
branch: 1,3,4,2	1405	TACCTGCTCCACCCTA-1
branch: 1,3,4,2	1406	GTGAGTTTCTGGCCTT-1
branch: 1,3,4,2	1407	TTTGTTGGTCGATTTG-1
branch: 1,3,4,2	1408	GTAACCACAACAGAGC-1
branch: 1,3,4,2	1409	TTGGTTTTCACTGCTC-1
branch: 1,3,4,2	1410	AGCGCCACATCCGGTG-1
branch: 1,3,4,2	1411	TACAGGTGTCGTCAGC-1
branch: 1,3,4,2	1412	GGGCCATCATGGGTCC-1
branch: 1,3,4,2	1413	TTTGGTTGTAATTAGG-1
branch: 1,3,4,2	1414	GTGAGCCCAAATGGCG-1
branch: 1,3,4,2	1415	CCCGAAGGTGGTACAG-1
branch: 1,3,4,2	1416	TCTACATCATAACAGA-1
branch: 1,3,4,2	1417	TTTCAGTTCCATAAGC-1
branch: 1,3,4,2	1418	TTTGATCCACCAGACC-1
branch: 1,3,4,2	1419	ATCCATTAGGTCTTTG-1
branch: 1,3,4,2	1420	TACACCCAGGTTGCCC-1
branch: 1,3,4,2	1421	GATCGTAAGGTATCTC-1
branch: 1,3,4,2	1422	ACAGAAAAGACCATTC-1
branch: 1,3,4,2	1423	ACGCACGAGTAGTCAA-1
branch: 1,3,4,2	1424	TGCAGATAGCTCTTCC-1
branch: 1,3,4,2	1425	GTCTTTAAGCAGTAAT-1
branch: 1,3,4,2	1426	TCCTCTTAGTAAGGGA-1
branch: 1,3,4,2	1427	GCCAGGTGTTCTCAGA-1
branch: 1,3,4,2	1428	CGAGAAGAGACATCCT-1
branch: 1,3,4,2	1429	TTCAATCTCACCGGTG-1
branch: 1,3,4,2	1430	TCCCATGCAACCGCCA-1
branch: 1,3,4,2	1431	GTAGAGGCACAATCTG-1
branch: 1,3,4,2	1432	GTTACCCCAATGGCAG-1
branch: 1,3,4,2	1433	CCTCAACTCTACACAG-1
branch: 1,3,4,2	1434	GTCACGGCACTACACA-1
branch: 1,3,4,2	1435	ATCGCCTTCGTTACCC-1
branch: 1,3,4,2	1436	TGCTTGCGTGATACAA-1
branch: 1,3,4,2	1437	AGGGCTCTCTAACACG-1
branch: 1,3,4,2	1438	ACTATCTAGGCTAGCA-1
branch: 1,3,4,2	1439	TAGACCAGTTGTACGT-1
branch: 1,3,4,2	1440	GGTGAAGCAGAGTGTG-1
branch: 1,3,4,2	1441	GTTGTGATCCGACGGT-1
branch: 1,3,4,2	1442	AGAGCAGCATTGCAAC-1
branch: 1,3,4,2	1443	AAAGTGAAGACATACA-1
branch: 1,3,4,2	1444	CACACAATCACTTGGA-1
branch: 1,3,4,2	1445	GAGTCTATCTTCCCAG-1
branch: 1,3,4,2	1446	AACAAAGTCGTTATCT-1
branch: 1,3,4,2	1447	GTGTGGCAGTAACCGG-1
branch: 1,3,4,2	1448	CATTGAGTCACTGCTC-1
branch: 1,3,4,2	1449	TCACTATAGGTCTGGA-1
branch: 1,3,4,2	1450	ATCGTCCGTTAGGGAC-1
branch: 1,3,4,2	1451	CACAGGCCATGATGCT-1
branch: 1,3,4,2	1452	AGGATAACATGCCGCA-1
branch: 1,3,4,2	1453	TTGACCCGTGAATATG-1
branch: 1,3,4,2	1454	TGGTTAGAGCCTGCCA-1
branch: 1,3,4,2	1455	CTTCCGACACTCTCGT-1
branch: 1,3,4,2	1456	CTACCTGGTATAGGAT-1
branch: 1,3,4,2	1457	ACAGCCGTCCCTCTTT-1
branch: 1,3,4,2	1458	TGCTTGCAGTTCTCTT-1
branch: 1,3,4,2	1459	TACCTCGAGACTCATC-1
branch: 1,3,4,2	1460	TCATGGATCGTACACA-1
branch: 1,3,4,2	1461	GCCGTGATCATTCGGA-1
branch: 1,3,4,2	1462	CTGAGGCGTTTACCTT-1
branch: 1,3,4,2	1463	GCAGGCTCAATGCAAA-1
branch: 1,3,4,2	1464	ACTTATCTCACAGAGG-1
branch: 1,3,4,2	1465	GTGGAGAGTCATCAGT-1
branch: 1,3,4,2	1466	CTTTCAACAAAGGTTA-1
branch: 1,3,4,2	1467	TTTACGTGTATTGCCA-1
branch: 1,3,4,2	1468	ACCACAAAGATCACCT-1
branch: 1,3,4,2	1469	ATAGAGATCAGGAGAC-1
branch: 1,3,4,2	1470	GCAACCGTCGCGGACT-1
branch: 1,3,4,2	1471	GTCTGTCGTATCAGCT-1
branch: 1,3,4,2	1472	ATGGGAGTCTTGGGCG-1
branch: 1,3,4,2	1473	AGTGATCTCCTAACAG-1
branch: 1,3,4,2	1474	TCGCACTCAAGCGAAC-1
branch: 1,3,4,2	1475	AAGCCATTCTCTTAAC-1
branch: 1,3,4,2	1476	CGAGAAGAGGTAATCA-1
branch: 1,3,4,2	1477	AACTTCTCACGAAGAC-1
branch: 1,3,4,2	1478	GGGTATTCACATAACC-1
branch: 1,3,4,2	1479	AGACTCATCACCCTGT-1
branch: 1,3,4,2	1480	CATAAGCCATGGAGAC-1
branch: 1,3,4,2	1481	TCGGGACTCGAACACT-1
branch: 1,3,4,2	1482	CGATGCGAGCGCACAA-1
branch: 1,3,4,2	1483	CTCAGTCAGGAATCGC-1
branch: 1,3,4,2	1484	CCTAACCGTTCGTACA-1
branch: 1,3,4,2	1485	ATTCGTTTCGCTAGCG-1
branch: 1,3,4,2	1486	GGGTTTATCTTGGTCC-1
branch: 1,3,4,2	1487	TGCTCCAAGCATAGGC-1
branch: 1,3,4,2	1488	ACACAGTCAGTGAGCA-1
branch: 1,3,4,2	1489	AGCTACAGTCAAGGCA-1
branch: 1,3,4,2	1490	ATTCGTTCATGCCGAC-1
branch: 1,3,4,2	1491	TATCCTAAGTAGAATC-1
branch: 1,3,4,2	1492	GGTAACTTCGTGACTA-1
branch: 1,3,4,2	1493	AGCTTCCCAAACTGCT-1
branch: 1,3,4,2	1494	CCCTTAGGTGATAGAT-1
branch: 1,3,4,2	1495	GCATCTCCACTTGGCG-1
branch: 1,3,4,2	1496	GTCTCACGTCGACGCT-1
branch: 1,3,4,2	1497	TATCCTACATCAGCGC-1
branch: 1,3,4,2	1498	GACTCTCCACAGACGA-1
branch: 1,3,4,2	1499	CAGCGTGAGGATGTTA-1
branch: 1,3,4,2	1500	AGGAAATGTTCTCCAC-1
branch: 1,3,4,2	1501	ATTCCTATCCCAAGCG-1
branch: 1,3,4,2	1502	GTGCGTGAGTAACCGG-1
branch: 1,3,4,2	1503	CATTGAGGTATTGAGA-1
branch: 1,3,4,2	1504	AGTAGTCAGCGACAGT-1
branch: 1,3,4,2	1505	AACGAAAGTGTCATTG-1
branch: 1,3,4,2	1506	TGAATGCAGTTACTCG-1
branch: 1,3,4,2	1507	AATTCCTAGACGCCAA-1
branch: 1,3,4,2	1508	ATTCATCCATGTTCGA-1
branch: 1,3,4,2	1509	TGGTGATTCTGCATAG-1
branch: 1,3,4,2	1510	ACACTGAAGTTCCGTA-1
branch: 1,3,4,2	1511	AGGAAATCATGTGCTA-1
branch: 1,3,4,2	1512	CCCTAACCAAGTAGTA-1
branch: 1,3,4,2	1513	TTCACCGTCTCTCAAT-1
branch: 1,3,4,2	1514	AACAGGGCATTCAGCA-1
branch: 1,3,4,2	1515	TGGTACAAGACCGCCT-1
branch: 1,3,4,2	1516	TACCCACTCAGATTGC-1
branch: 1,3,4,2	1517	TCAAGACGTGTTAACC-1
branch: 1,3,4,2	1518	GTGTTCCCAGACATCT-1
branch: 1,3,4,2	1519	GGCTTTCGTTAAAGTG-1
branch: 1,3,4,2	1520	AACAAAGGTTGTGTAC-1
branch: 1,3,4,2	1521	ACTGTGAAGAGCATCG-1
branch: 1,3,4,2	1522	AGACACTCAGATCCTA-1
branch: 1,3,4,2	1523	TAAGCACGTTACCCTC-1
branch: 1,3,4,2	1524	GATTCGATCTCTAAGG-1
branch: 1,3,4,2	1525	ACTGTGAAGTCCGCCA-1
branch: 1,3,4,2	1526	GACTATGTCCGTTTCG-1
branch: 1,3,4,2	1527	CTGCATCTCCATACAG-1
branch: 1,3,4,2	1528	ACCTACCAGAAGGCTC-1
branch: 1,3,4,2	1529	GGGCTCACACCATTCC-1
branch: 1,3,4,2	1530	TTGTTCAGTGGCAACA-1
branch: 1,3,4,2	1531	GCATCTCAGTAGAGTT-1
branch: 1,3,4,2	1532	TTTATGCCATTCGATG-1
branch: 1,3,4,2	1533	GCTGGGTTCTTTCAGT-1
branch: 1,3,4,2	1534	GACTGATTCACCTTAT-1
branch: 1,3,4,2	1535	AGGTTACAGGTGCCTC-1
branch: 1,3,4,2	1536	AAAGGGCGTTCTCGTC-1
branch: 1,3,4,2	1537	GCTGCAGCAGTTGGTT-1
branch: 1,3,4,2	1538	TGTCAGAGTAACTGCT-1
branch: 1,3,4,2	1539	AGATCGTAGCGATGAC-1
branch: 1,3,4,2	1540	CCTTGTGCATTAGGCT-1
branch: 1,3,4,2	1541	TGATGGTCACATACGT-1
branch: 1,3,4,2	1542	GCCAACGTCGGTCATA-1
branch: 1,3,4,2	1543	TACATTCTCTTCTGGC-1
branch: 1,3,4,2	1544	TTCTGTAGTTATAGAG-1
branch: 1,3,4,2	1545	GCCAGTGGTGTGACCC-1
branch: 1,3,4,2	1546	TAGACCAAGAGTGTGC-1
branch: 1,3,4,2	1547	TCCTTCTGTGTCCACG-1
branch: 1,3,4,2	1548	TTCTCTCAGGCTGTAG-1
branch: 1,3,4,2	1549	AACCAACAGCGTTGTT-1
branch: 1,3,4,2	1550	GCCATTCAGGAGTATT-1
branch: 1,3,4,2	1551	GTGTAACAGGGTTAAT-1
branch: 1,3,4,2	1552	GTAGATCCAGGACTTT-1
branch: 1,3,4,2	1553	TAACCAGCAGTTTCAG-1
branch: 1,3,4,2	1554	ATCCGTCCAACAGAGC-1
branch: 1,3,4,2	1555	TTGGGCGCATAGAGGC-1
branch: 1,3,4,2	1556	TGGATCATCCAACTAG-1
branch: 1,3,4,2	1557	TCATACTAGGTGCATG-1
branch: 1,3,4,2	1558	TCATTACCATCGAACT-1
branch: 1,3,4,2	1559	GCCGTGACATAGGAGC-1
branch: 1,3,4,2	1560	GAGGCCTCATACAGGG-1
branch: 1,3,4,2	1561	TGGGTTAGTACGGCAA-1
branch: 1,3,4,2	1562	CGGAGAACAGTAACAA-1
branch: 1,3,4,2	1563	GGCTGTGGTACACGCC-1
branch: 1,3,4,2	1564	TTGGGATGTCAAGCCC-1
branch: 1,3,4,2	1565	AGGATCTAGATAACGT-1
branch: 1,3,4,2	1566	GAAGAATCATAGGTTC-1
branch: 1,3,4,2	1567	GAGGCAAAGCTGAAGC-1
branch: 1,3,4,2	1568	CTCCTTTAGAGTATAC-1
branch: 1,3,4,2	1569	TCGTAGACAGCAAGAC-1
branch: 1,3,4,2	1570	CTCCAACAGTAGTCTC-1
branch: 1,3,4,2	1571	TTGCCTGGTCATCACA-1
branch: 1,3,4,2	1572	CTCTCGATCAGTGTCA-1
branch: 1,3,4,2	1573	GTCATCCGTCTACAAC-1
branch: 1,3,4,2	1574	TGGTGATCACCGTCGA-1
branch: 1,3,4,2	1575	AGTGTTGCAACAGATA-1
branch: 1,3,4,2	1576	CAGGGCTCACTTGACA-1
branch: 1,3,4,2	1577	GGGTGAATCAGCCCAG-1
branch: 1,3,4,2	1578	ATGAAAGTCGACCCAG-1
branch: 1,3,4,2	1579	GGGACTCAGGTTGGTG-1
branch: 1,3,4,2	1580	TTCAGGATCCACAGCG-1
branch: 1,3,4,2	1581	TTACCATGTACGGGAT-1
branch: 1,3,4,2	1582	TGAGACTAGACCTGGA-1
branch: 1,3,4,2	1583	ATCACTTAGACCAAAT-1
branch: 1,3,4,2	1584	CGCAGGTAGTCATAGA-1
branch: 1,3,4,2	1585	ATCCATTAGATGTTCC-1
branch: 1,3,4,2	1586	TAGCACAAGCAATTAG-1
branch: 1,3,4,2	1587	TCATGTTAGAGGGTAA-1
branch: 1,3,4,2	1588	CTGTGAAAGACGAAGA-1
branch: 1,3,4,2	1589	ACTGATGTCACCTTGC-1
branch: 1,3,4,2	1590	GTCGCGAGTGACAGCA-1
branch: 1,3,4,2	1591	TCGCAGGAGGTATCTC-1
branch: 1,3,4,2	1592	TTAATCCTCCTACGGG-1
branch: 1,3,4,2	1593	GGGCTCACAAAGTATG-1
branch: 1,3,4,2	1594	TACATTCAGCCATTCA-1
branch: 1,3,4,2	1595	AGACTCAAGTGAGTGC-1
branch: 1,3,4,2	1596	CCTTTGGGTTCTCTAT-1
branch: 1,3,4,2	1597	CACAACACACAACGTT-1
branch: 1,3,4,2	1598	CCTCAGTAGGTAGACC-1
branch: 1,3,4,2	1599	GGAGGATGTGGTCTTA-1
branch: 1,3,4,2	1600	GTCAAACCAAATGCTC-1
branch: 1,3,4,2	1601	CATGCTCGTGTCTCCT-1
branch: 1,3,4,2	1602	CTGCGAGGTGTTGATC-1
branch: 1,3,4,2	1603	TCTCACGGTTCTTAGG-1
branch: 1,3,4,2	1604	AACGTCATCATAGACC-1
branch: 1,3,4,2	1605	TTGGATGCAGAGATGC-1
branch: 1,3,4,2	1606	AGTAGTCGTGAAAGTT-1
branch: 1,3,4,2	1607	TCAGTTTGTTTGGAAA-1
branch: 1,3,4,2	1608	TCGACGGCAGTTGAAA-1
branch: 1,3,4,2	1609	GGGATGAGTGAGATTA-1
branch: 1,3,4,2	1610	CTTCCTTCACCCGTAG-1
branch: 1,3,4,2	1611	TAGGAGGCAGGTGGAT-1
branch: 1,3,4,2	1612	CCACACTGTACCTATG-1
branch: 1,3,4,2	1613	CCCGAAGGTCAAAGCG-1
branch: 1,3,4,2	1614	ACCCTTGCAGGGCTTC-1
branch: 1,3,4,2	1615	GTTTGGACACTTCTCG-1
branch: 1,3,4,2	1616	TGGGCTGGTCTTTCTA-1
branch: 1,3,4,2	1617	CAAAGAATCGGTTCAA-1
branch: 1,3,4,2	1618	TGGGCGTTCCGATGTA-1
branch: 1,3,4,2	1619	AAGCATCGTGAGGATC-1
branch: 1,3,4,2	1620	GTGTAACTCTCTCGCA-1
branch: 1,3,4,2	1621	TGTTACTCAGAAGCTG-1
branch: 1,3,4,2	1622	GCCAGGTGTAACATCC-1
branch: 1,3,4,2	1623	CTCACTGGTCGGCTAC-1
branch: 1,3,4,2	1624	CTCCCTCAGATGGCAC-1
branch: 1,3,4,2	1625	AGGCTGCGTTAAGGGC-1
branch: 1,3,4,2	1626	CATTGCCCAAACACGG-1
branch: 1,3,4,2	1627	TTTGACTAGCACCGAA-1
branch: 1,3,4,2	1628	AGTGATCGTTAACAGA-1
branch: 1,3,4,2	1629	GCCGATGGTACAGTAA-1
branch: 1,3,4,2	1630	GGAGGTACACGGCGTT-1
branch: 1,3,4,2	1631	TCACTATGTCCACAGC-1
branch: 1,3,4,2	1632	ACAGGGAAGATGAAGG-1
branch: 1,3,4,2	1633	TCCAGAAGTAATGATG-1
branch: 1,3,4,2	1634	GTGTGGCCAGGAAGTC-1
branch: 1,3,4,2	1635	AACCAACAGCTCGTGC-1
branch: 1,3,4,2	1636	GTCACGGGTCAAAGCG-1
branch: 1,3,4,2	1637	ATCACAGCAATACCTG-1
branch: 1,3,4,2	1638	ATAGGCTAGATGAACT-1
branch: 1,3,4,2	1639	GTCCCATTCCGAGGCT-1
branch: 1,3,4,2	1640	TACGGTACATTCCTAT-1
branch: 1,3,4,2	1641	CAGCAGCGTTTGGGAG-1
branch: 1,3,4,2	1642	GGAAGTGGTCAGGTGA-1
branch: 1,3,4,2	1643	ACTGCAAAGTACAGAT-1
branch: 1,3,4,2	1644	GTGTCCTAGGGAGAAT-1
branch: 1,3,4,2	1645	AAACCCACACAGTGAG-1
branch: 1,3,4,2	1646	AACACACCAGCGAACA-1
branch: 1,3,4,2	1647	ACTTTCAAGAGCTGCA-1
branch: 1,3,4,2	1648	CTTGAGAAGGGAACAA-1
branch: 1,3,4,2	1649	CGTGAATGTAAGATAC-1
branch: 1,3,4,2	1650	AATAGAGCAGCACAAG-1
branch: 1,3,4,2	1651	ATTCGTTCATCATTTC-1
branch: 1,3,4,2	1652	AGCCAGCGTCAACCAT-1
branch: 1,3,4,2	1653	TCCACGTGTCGGTAAG-1
branch: 1,3,4,2	1654	GACATCACATCCAACA-1
branch: 1,3,4,2	1655	GGTGAAGCATAGAAAC-1
branch: 1,3,4,2	1656	CAGTGCGAGACGAGCT-1
branch: 1,3,4,2	1657	GCGGATCAGCCGTTGC-1
branch: 1,3,4,2	1658	CAAGCTATCCATCGTC-1
branch: 1,3,4,2	1659	GACCAATCATCTAACG-1
branch: 1,3,4,2	1660	CATCAAGCAGTCAACT-1
branch: 1,3,4,2	1661	TTGTTCAGTCTATGAC-1
branch: 1,3,4,2	1662	TACAGGTTCGAAGCAG-1
branch: 1,3,4,2	1663	TCCTGCATCTAGCCTC-1
branch: 1,3,4,2	1664	TGGTAGTCATACAGAA-1
branch: 1,3,4,2	1665	TCACGCTTCGCCACTT-1
branch: 1,3,4,2	1666	TCGACCTTCGATAACC-1
branch: 1,3,4,2	1667	GAGCTGCAGTCGCCAC-1
branch: 1,3,4,2	1668	GAACGTTTCGAATGCT-1
branch: 1,3,4,2	1669	TCTGCCACAGTCGCTG-1
branch: 1,3,4,2	1670	TGCATCCAGTGGTTGG-1
branch: 1,3,4,2	1671	GTAGAGGAGGACTATA-1
branch: 1,3,4,2	1672	GTGCTGGAGTCGGGAT-1
branch: 1,3,4,2	1673	CTCAACCTCACGGAGA-1
branch: 1,3,4,2	1674	TGATTTCGTATGATCC-1
branch: 1,3,4,2	1675	AACCAACTCATCCTAT-1
branch: 1,3,4,2	1676	AGGGCCTCAAAGGCAC-1
branch: 1,3,4,2	1677	GTACAACGTGGTCCGT-1
branch: 1,3,4,2	1678	CACGGGTCATTACGGT-1
branch: 1,3,4,2	1679	TGCTCGTCAGACGATG-1
branch: 1,3,4,2	1680	GACCCTTCAATCAAGA-1
branch: 1,3,4,2	1681	CTCAACCTCTTCGACC-1
branch: 1,3,4,2	1682	CTCATCGGTAACTAAG-1
branch: 1,3,4,2	1683	CTCAGGGTCCGTGGTG-1
branch: 1,3,4,2	1684	CGAGTTAGTTATAGAG-1
branch: 1,3,4,2	1685	AAAGTCCTCACTGGTA-1
branch: 1,3,4,2	1686	AGAGCCCCATACACCA-1
branch: 1,3,4,2	1687	AGTAACCGTCTACATG-1
branch: 1,3,4,2	1688	GCCAGCAAGAGCACTG-1
branch: 1,3,4,2	1689	ACCCTTGCAGCTACCG-1
branch: 1,3,4,2	1690	TCGGATATCACTCCGT-1
branch: 1,3,4,2	1691	GCATCTCCACGCGTGT-1
branch: 1,3,4,2	1692	ACGGTCGGTTGCCGCA-1
branch: 1,3,4,2	1693	GAGCCTGCACCAGTTA-1
branch: 1,3,4,2	1694	TGTTCCGCACTAACGT-1
branch: 1,3,4,2	1695	CCTGTTGAGTATCTGC-1
branch: 1,3,4,2	1696	GCTGAATCACTACCGG-1
branch: 1,3,4,2	1697	TTTACCAGTTTACGTG-1
branch: 1,3,4,2	1698	TCACATTAGCGTGCTC-1
branch: 1,3,4,2	1699	ATTTACCAGCCTAACT-1
branch: 1,3,4,2	1700	ATCCACCTCCAATCCC-1
branch: 1,3,4,2	1701	GCCAGTGTCTTCGATT-1
branch: 1,3,4,2	1702	ACATCCCGTACAGCGA-1
branch: 1,3,4,2	1703	TGTGTGAGTACGATTC-1
branch: 1,3,4,2	1704	TCCGTGTGTGGGTCAA-1
branch: 1,3,4,2	1705	TAAGCCAAGACGGTCA-1
branch: 1,3,4,2	1706	GCACTAAGTCTCTCTG-1
branch: 1,3,4,2	1707	GTGTGATTCAAGCCTA-1
branch: 1,3,4,2	1708	GTTTGGAAGTCACTAC-1
branch: 1,3,4,2	1709	GCAGCCAGTTAAGCAA-1
branch: 1,3,4,2	1710	TCGACCTGTACTGTTG-1
branch: 1,3,4,2	1711	CTGTATTCACGCTGCA-1
branch: 1,3,4,2	1712	GTCAAGTTCTCGGTAA-1
branch: 1,3,4,2	1713	AGGAGGTGTGCGGCTT-1
branch: 1,3,4,2	1714	ATTCCTAGTTGGAGGT-1
branch: 1,3,4,2	1715	ACTGTGATCATCACTT-1
branch: 1,3,4,2	1716	CTCGAGGGTGCGAACA-1
branch: 1,3,4,2	1717	TCAGTCCTCTGTCTCG-1
branch: 1,3,4,2	1718	AAGAACACACGCTATA-1
branch: 1,3,4,2	1719	AGACCCGCAGAACGCA-1
branch: 1,3,4,2	1720	AGACAAACAAATGGTA-1
branch: 1,3,4,2	1721	TCACACCAGTCATCGT-1
branch: 1,3,4,2	1722	CCCATTGGTCCGGACT-1
branch: 1,3,4,2	1723	ACTTTCAGTTCTAAGC-1
branch: 1,3,4,2	1724	TCACACCCAACGGCCT-1
branch: 1,3,4,2	1725	GAGCCTGGTCAACCTA-1
branch: 1,3,4,2	1726	GTCATCCAGGGCTTCC-1
branch: 1,3,4,2	1727	TACTTACCACTACCCT-1
branch: 1,3,4,2	1728	TTTGTTGCAACGTATC-1
branch: 1,3,4,2	1729	CTGTAGAGTACAAACA-1
branch: 1,3,4,2	1730	GTGATGTCACACGTGC-1
branch: 1,3,4,2	1731	AGAACAAAGGCCCACT-1
branch: 1,3,4,2	1732	AGGATCTTCCACTGGG-1
branch: 1,3,4,2	1733	AACGTCACAAATGGAT-1
branch: 1,3,4,2	1734	ATTACCTTCGCGGACT-1
branch: 1,3,4,2	1735	TCGTAGAGTTCTAACG-1
branch: 1,3,4,2	1736	TAGGTACTCCATTTAC-1
branch: 1,3,4,2	1737	TTTAGTCCAAACCGGA-1
branch: 1,3,4,2	1738	GCTGGGTAGGACAGCT-1
branch: 1,3,4,2	1739	ATGAAAGCACATACTG-1
branch: 1,3,4,2	1740	TACTGCCAGACAGCGT-1
branch: 1,3,4,2	1741	TGTTCCGGTTACCCAA-1
branch: 1,3,4,2	1742	TTCCTCTTCAGCCCAG-1
branch: 1,3,4,2	1743	CAGGGCTCACTGAATC-1
branch: 1,3,4,2	1744	CCGTGAGAGGCGATAC-1
branch: 1,3,4,2	1745	TCAGGGCTCGGAGTAG-1
branch: 1,3,4,2	1746	TCACTCGAGAACGCGT-1
branch: 1,3,4,2	1747	TCTGTCGTCGTGCTCT-1
branch: 1,3,4,2	1748	TCGTGCTCACGTCGGT-1
branch: 1,3,4,2	1749	GAGACTTTCACCTCGT-1
branch: 1,3,4,2	1750	CCTCATGTCGACCTAA-1
branch: 1,3,4,2	1751	GTGCGTGTCCTGTACC-1
branch: 1,3,4,2	1752	GTGGTTAGTGATTCTG-1
branch: 1,3,4,2	1753	AGACAGGAGGTCATTC-1
branch: 1,3,4,2	1754	AGGCTGCCACCCTAGG-1
branch: 1,3,4,2	1755	CGAAGTTCACAACGCC-1
branch: 1,3,4,2	1756	CGCATGGAGAGGTCGT-1
branch: 1,3,4,2	1757	AATCACGTCCCATACC-1
branch: 1,3,4,2	1758	CGAGTGCGTATCCCTC-1
branch: 1,3,4,2	1759	GCATCTCCAGCCGGTT-1
branch: 1,3,4,2	1760	CGTGATAGTTTCTTAC-1
branch: 1,3,4,2	1761	GTTAGTGTCGTGTTCC-1
branch: 1,3,4,2	1762	GATGGAGGTGACACGA-1
branch: 1,3,4,2	1763	TACTTCAGTACCAGAG-1
branch: 1,3,4,2	1764	GATTCTTAGCCTAACT-1
branch: 1,3,4,2	1765	AAGCGTTTCGGAGTAG-1
branch: 1,3,4,2	1766	CCATCACCAAGTGCAG-1
branch: 1,3,4,2	1767	CATGCAACACTTCAAG-1
branch: 1,3,4,2	1768	CTGGACGAGACTGAGC-1
branch: 1,3,4,2	1769	GTCATTTGTTAAGAAC-1
branch: 1,3,4,2	1770	GCACATATCTGGAGAG-1
branch: 1,3,4,2	1771	TAGCACATCTACGGTA-1
branch: 1,3,4,2	1772	TCTACCGCAGTCGAGA-1
branch: 1,3,4,2	1773	GTGCAGCTCTTTCGAT-1
branch: 1,3,4,2	1774	TCATTACGTCCTGAAT-1
branch: 1,3,4,2	1775	GGGTTATGTGTGCTTA-1
branch: 1,3,4,2	1776	CATGCTCTCACCCTTG-1
branch: 1,3,4,2	1777	ACCACAACACGTAACT-1
branch: 1,3,4,2	1778	GACTTCCTCGTGTTCC-1
branch: 1,3,4,2	1779	ACATTTCTCCTCACTG-1
branch: 1,3,4,2	1780	TCGGATATCGACATCA-1
branch: 1,3,4,2	1781	AGACCCGTCGTACCTC-1
branch: 1,3,4,2	1782	AGATCCAAGTCATCGT-1
branch: 1,3,4,2	1783	CTCAGTCCATCCGAGC-1
branch: 1,3,4,2	1784	AGACACTTCCGCTAGG-1
branch: 1,3,4,2	1785	AGCATCATCTTGCGCT-1
branch: 1,3,4,2	1786	GGAGCAAAGGCTAAAT-1
branch: 1,3,4,2	1787	AAAGTCCGTGCCCAGT-1
branch: 1,3,4,2	1788	TGGTGATTCAACTTTC-1
branch: 1,3,4,2	1789	CGAAGGACATTGACAC-1
branch: 1,3,4,2	1790	AGACAAACACCCTCTA-1
branch: 1,3,4,2	1791	CGAGGAAAGTGGGAAA-1
branch: 1,3,4,2	1792	CTTCTAAAGCCGGAAT-1
branch: 1,3,4,2	1793	GTGCTTCAGGGTAGCT-1
branch: 1,3,4,2	1794	GTTGAACTCCGGGACT-1
branch: 1,3,4,2	1795	AATCGTGCACAATGAA-1
branch: 1,3,4,2	1796	CACTGGGAGCGGGTAT-1
branch: 1,3,4,2	1797	AGAGAGCAGATGCTTC-1
branch: 1,3,4,2	1798	AAGGTAATCCTAAACG-1
branch: 1,3,4,2	1799	TCCTCCCTCGTTTACT-1
branch: 1,3,4,2	1800	CACGTTCTCAAGCTGT-1
branch: 1,3,4,2	1801	GGAACCCGTGGCTACC-1
branch: 1,3,4,2	1802	TCCCAGTCACGCTATA-1
branch: 1,3,4,2	1803	CAACCTCGTCAGGAGT-1
branch: 1,3,4,2	1804	CTGCCATAGCAAGTCG-1
branch: 1,3,4,2	1805	TTACGCCGTTGCCAAT-1
branch: 1,3,4,2	1806	CGGAACCTCCATCACC-1
branch: 1,3,4,2	1807	TCGTGCTTCTACCCAC-1
branch: 1,3,4,2	1808	TACGCTCAGCGACTGA-1
branch: 1,3,4,2	1809	ACTATCTTCCCAGGAC-1
branch: 1,3,4,2	1810	AGCGATTAGGTGCCTC-1
branch: 1,3,4,2	1811	ATGCATGGTCGCATCG-1
branch: 1,3,4,2	1812	ATCTTCAAGCGATCGA-1
branch: 1,3,4,2	1813	AGGAAATAGAGCAACC-1
branch: 1,3,4,2	1814	CGCGTGACACTTGTCC-1
branch: 1,3,4,2	1815	TGTCAGATCACTTTGT-1
branch: 1,3,4,2	1816	CGAAGTTCAAGTATCC-1
branch: 1,3,4,2	1817	AAGCCATGTCACGTGC-1
branch: 1,3,4,2	1818	AGTCACAAGCTACGTT-1
branch: 1,3,4,2	1819	TATTTCGTCTCACCCA-1
branch: 1,3,4,2	1820	GTTAGACTCATTGTGG-1
branch: 1,3,4,2	1821	CAATACGTCCACCCTA-1
branch: 1,3,4,2	1822	GGAGAACCAGCTTTGA-1
branch: 1,3,4,2	1823	AATCGACGTAGCTGAG-1
branch: 1,3,4,2	1824	CAGTGCGAGAGAGGGC-1
branch: 1,3,4,2	1825	ATTGGGTAGAGCCCAA-1
branch: 1,3,4,2	1826	CACTGGGAGCGGGTTA-1
branch: 1,3,4,2	1827	GTCTACCAGGGAGGAC-1
branch: 1,3,4,2	1828	TCCACCATCATTCGGA-1
branch: 1,3,4,2	1829	AATGGCTTCTGAACGT-1
branch: 1,3,4,2	1830	TTGGGATCAAGACGAC-1
branch: 1,3,4,2	1831	AACGGGAAGTGCACTT-1
branch: 1,3,4,2	1832	TTCTTCCCAAGGCGTA-1
branch: 1,3,4,2	1833	CTCCATGGTGGTTTGT-1
branch: 1,3,4,2	1834	CCCTCTCTCACTTATC-1
branch: 1,3,4,2	1835	AACAACCTCCCTTGTG-1
branch: 1,3,4,2	1836	AGATCGTCAATCTGCA-1
branch: 1,3,4,2	1837	GATCAGTGTTTGGGTT-1
branch: 1,3,4,2	1838	TTCGATTCACGGCTAC-1
branch: 1,3,4,2	1839	AACGGGATCTACTTCA-1
branch: 1,3,4,2	1840	CCTGTTGTCCCAAGCG-1
branch: 1,3,4,2	1841	GGTCACGAGGCTTTCA-1
branch: 1,3,4,2	1842	CACTTCGAGCAATAGT-1
branch: 1,3,4,2	1843	TTCTAGTCATTCGGGC-1
branch: 1,3,4,2	1844	ATGGAGGGTTGCATGT-1
branch: 1,3,4,2	1845	GACCCAGTCGACGTCG-1
branch: 1,3,4,2	1846	TGTTCTAGTGAGCAGT-1
branch: 1,3,4,2	1847	TCATCATCACTGAGTT-1
branch: 1,3,4,2	1848	TCGAAGTCATGGGATG-1
branch: 1,3,4,2	1849	CGAGTGCTCACCTGTC-1
branch: 1,3,4,2	1850	CAAGAGGGTATTCCGA-1
branch: 1,3,4,2	1851	TAGGAGGCAGGCTACC-1
branch: 1,3,4,2	1852	GCTCAAATCCGTAATG-1
branch: 1,3,4,2	1853	TTAATCCCACTAGAGG-1
branch: 1,3,4,2	1854	ACCGTTCTCCACCTGT-1
branch: 1,3,4,2	1855	TGGGTTATCAACTACG-1
branch: 1,3,4,2	1856	ATTATCCAGTGCACAG-1
branch: 1,3,4,2	1857	CTCAAGAGTCAGTCGC-1
branch: 1,3,4,2	1858	AAAGGATCATGCTGCG-1
branch: 1,3,4,2	1859	TACGTCCAGTAGACAT-1
branch: 1,3,4,2	1860	TTGGGTATCTTACACT-1
branch: 1,3,4,2	1861	GTGTCCTAGACCAAAT-1
branch: 1,3,4,2	1862	AAGGTAATCGTTCCTG-1
branch: 1,3,4,2	1863	GAGTCATTCATGGATC-1
branch: 1,3,4,2	1864	CTACCTGTCTCAGTCC-1
branch: 1,3,4,2	1865	GTAGTACAGACGACGT-1
branch: 1,3,4,2	1866	CTATAGGGTCAGGCAA-1
branch: 1,3,4,2	1867	CTGGCAGTCTTCGCTG-1
branch: 1,3,4,2	1868	GTCGCGAAGACTCATC-1
branch: 1,3,4,2	1869	ACACTGAAGCAGTACG-1
branch: 1,3,4,2	1870	TATCAGGAGATGTAGT-1
branch: 1,3,4,2	1871	ATCGTGATCACTTGTT-1
branch: 1,3,4,2	1872	GAGAGGTTCTTCCACG-1
branch: 1,3,4,2	1873	GGCTTTCGTACCGTGC-1
branch: 1,3,4,2	1874	CCTATCGAGCATTGAA-1
branch: 1,3,4,2	1875	GATTTCTAGTATGGAT-1
branch: 1,3,4,2	1876	TCTGCCAAGGCCACTC-1
branch: 1,3,4,2	1877	AGGTTGTCATAGCACT-1
branch: 1,3,4,2	1878	GAACACTTCCTGTTGC-1
branch: 1,3,4,2	1879	ACGGGTCAGTCACTGT-1
branch: 1,3,4,2	1880	TGATCAGCATGACGAG-1
branch: 1,3,4,2	1881	AGTACTGCAGTGTACT-1
branch: 1,3,4,2	1882	AGATCGTTCGTGTGGC-1
branch: 1,3,4,2	1883	TAGGTTGCACCGTGCA-1
branch: 1,3,4,2	1884	CATAGACTCACTCTTA-1
branch: 1,3,4,2	1885	TACACCCTCCACAAGT-1
branch: 1,3,4,2	1886	ATGCGATGTCTAACGT-1
branch: 1,3,4,2	1887	CTACTATAGTATAGAC-1
branch: 1,3,4,2	1888	GTTGTGAGTCGCAGTC-1
branch: 1,3,4,2	1889	AAAGAACAGGCAATGC-1
branch: 1,3,4,2	1890	CAATCGACATCGCTAA-1
branch: 1,3,4,2	1891	CAACAGTGTGGTATGG-1
branch: 1,3,4,2	1892	CTCATTAAGCCTAGGA-1
branch: 1,3,4,2	1893	CCACGTTCAAACACGG-1
branch: 1,3,4,2	1894	TCAGTTTAGAGCCCAA-1
branch: 1,3,4,2	1895	ACACAGTGTAGGCAGT-1
branch: 1,3,4,2	1896	TGAATCGTCCATGCAA-1
branch: 1,3,4,2	1897	TACGGGCTCGCCTTTG-1
branch: 1,3,4,2	1898	ACATGCAGTGCTGCAC-1
branch: 1,3,4,2	1899	CGCATAAGTCCGTACG-1
branch: 1,3,4,2	1900	TACCGAATCGTTACCC-1
branch: 1,3,4,2	1901	GCTGCAGCAGTCCCGA-1
branch: 1,3,4,2	1902	CTTCAATAGTCCCAGC-1
branch: 1,3,4,2	1903	CTAACCCGTTCGCGTG-1
branch: 1,3,4,2	1904	CCACACTGTCTTTATC-1
branch: 1,3,4,2	1905	TACTTCACATAGTCAC-1
branch: 1,3,4,2	1906	AAACGCTTCCATCTGC-1
branch: 1,3,4,2	1907	TACGTCCCACCCGTAG-1
branch: 1,3,4,2	1908	GATTCGATCACGACTA-1
branch: 1,3,4,2	1909	TGCTCCATCGGACTTA-1
branch: 1,3,4,2	1910	ATCTTCAGTACCTATG-1
branch: 1,3,4,2	1911	AGCCAGCAGATTGATG-1
branch: 1,3,4,2	1912	TCCTCGAGTCAGACGA-1
branch: 1,3,4,2	1913	CATTGTTCACTCCTGT-1
branch: 1,3,4,2	1914	GTAGATCTCACTGTCC-1
branch: 1,3,4,2	1915	TATCTGTTCCCATGGG-1
branch: 1,3,4,2	1916	AGTCAACAGTGGACTG-1
branch: 1,3,4,2	1917	GCATCTCGTGGAATGC-1
branch: 1,3,4,2	1918	AGGAAATGTTCGGGTC-1
branch: 1,3,4,2	1919	GCCGATGGTGTAAACA-1
branch: 1,3,4,2	1920	CGTTGGGAGCAGAAAG-1
branch: 1,3,4,2	1921	TTGCCTGAGGTGAGAA-1
branch: 1,3,4,2	1922	CTGTCGTCAATGTCAC-1
branch: 1,3,4,2	1923	AGCGTATTCTTCCACG-1
branch: 1,3,4,2	1924	GTTCGCTAGTGCTACT-1
branch: 1,3,4,2	1925	GGTGAAGAGCACTCGC-1
branch: 1,3,4,2	1926	CTTCCGATCACCATGA-1
branch: 1,3,4,2	1927	CCACCATGTTCTATCT-1
branch: 1,3,4,2	1928	CTATCTAAGATTTGCC-1
branch: 1,3,4,2	1929	TGGATCAGTCCAGCAC-1
branch: 1,3,4,2	1930	CACATGAAGGGAGGAC-1
branch: 1,3,4,2	1931	CTGAGGCTCTTGGTCC-1
branch: 1,3,4,2	1932	CATTGTTCATACAGGG-1
branch: 1,3,4,2	1933	TCTTGCGAGTGCCTCG-1
branch: 1,3,4,2	1934	AGCTTCCTCAACTGGT-1
branch: 1,3,4,2	1935	CTGTCGTCAGCGACAA-1
branch: 1,3,4,2	1936	CTCTGGTAGCCGTAAG-1
branch: 1,3,4,2	1937	TCCTCTTTCGTCTCAC-1
branch: 1,3,4,2	1938	GCCCGAACAGTCAACT-1
branch: 1,3,4,2	1939	CGGGTGTCACCAGCTG-1
branch: 1,3,4,2	1940	TTCACGCGTAACCCGC-1
branch: 1,3,4,2	1941	ATCGCCTTCCGTGCGA-1
branch: 1,3,4,2	1942	GCCGTGAGTGAGTAAT-1
branch: 1,3,4,2	1943	GAAGCCCCAACACAAA-1
branch: 1,3,4,2	1944	CAGCGTGCAGCTGGTC-1
branch: 1,3,4,2	1945	GTGGAGAAGTCATCCA-1
branch: 1,3,4,2	1946	CACTAAGGTCGACTGC-1
branch: 1,3,4,2	1947	CTCATTAGTCCTGTCT-1
branch: 1,3,4,2	1948	CAATCGAGTCAGCGTC-1
branch: 1,3,4,2	1949	TGGGCGTCAAATCGGG-1
branch: 1,3,4,2	1950	GATGGAGCAGTAACGG-1
branch: 1,3,4,2	1951	TCCTAATTCCGTAATG-1
branch: 1,3,4,2	1952	GTCAAGTCATCCAATG-1
branch: 1,3,4,2	1953	TGAGGGAGTTGAATCC-1
branch: 1,3,4,2	1954	CATTCCGCACTTGACA-1
branch: 1,3,4,2	1955	CATGCAAAGAGGTCGT-1
branch: 1,3,4,2	1956	TGATTCTAGCGTTCCG-1
branch: 1,3,4,2	1957	TACTTCACAGAGTTCT-1
branch: 1,3,4,2	1958	GTCTAGACAAGGTCGA-1
branch: 1,3,4,2	1959	TCCCAGTCAGTATACC-1
branch: 1,3,4,2	1960	CGCGTGAGTACAGCGA-1
branch: 1,3,4,2	1961	TCAGTGATCGGCACTG-1
branch: 1,3,4,2	1962	TTGGTTTTCAAAGCCT-1
branch: 1,3,4,2	1963	GGAATCTGTGCATTAC-1
branch: 1,3,4,2	1964	GAGACTTTCTAACGGT-1
branch: 1,3,4,2	1965	GACAGCCGTTGCTTGA-1
branch: 1,3,4,2	1966	ACCCAAAGTCGCACGT-1
branch: 1,3,4,2	1967	GCAACATCAGATCCTA-1
branch: 1,3,4,2	1968	CCTCAACGTCTTCGAA-1
branch: 1,3,4,2	1969	GATGTTGGTGTTAAAG-1
branch: 1,3,4,2	1970	GACTCTCTCTTTACAC-1
branch: 1,3,4,2	1971	CGAGTGCGTCTGATCA-1
branch: 1,3,4,2	1972	GTACAACGTTCGGTTA-1
branch: 1,3,4,2	1973	TCAATCTAGAGCTGAC-1
branch: 1,3,4,2	1974	TATTGCTCAACCTAAC-1
branch: 1,3,4,2	1975	CCTAACCCAATGAGCG-1
branch: 1,3,4,2	1976	TCGGGTGTCAAGCTGT-1
branch: 1,3,4,2	1977	TCTACATGTTAGGGTG-1
branch: 1,3,4,2	1978	CGTCCATGTTCTTGCC-1
branch: 1,3,4,2	1979	AATTTCCCAGCGGATA-1
branch: 1,3,4,2	1980	TTAATCCAGGCACTCC-1
branch: 1,3,4,2	1981	AGGTTGTTCTCCTGCA-1
branch: 1,3,4,2	1982	GTTAGTGTCTTTCTAG-1
branch: 1,3,4,2	1983	CGAGGCTGTACGATTC-1
branch: 1,3,4,2	1984	TCTGGCTCATCGAACT-1
branch: 1,3,4,2	1985	ATGGTTGGTGCGGCTT-1
branch: 1,3,4,2	1986	ACAACCAAGGTGGCTA-1
branch: 1,3,4,2	1987	AAACGCTTCATTCGTT-1
branch: 1,3,4,2	1988	CATGCTCTCTGAGATC-1
branch: 1,3,4,2	1989	CCACTTGTCACTTCTA-1
branch: 1,3,4,2	1990	TCTATCACAATTCTTC-1
branch: 1,3,4,2	1991	CCTTCAGGTCCTCAGG-1
branch: 1,3,4,2	1992	GAGCCTGGTTGTCCCT-1
branch: 1,3,4,2	1993	TGCGGCAAGTCACACT-1
branch: 1,3,4,2	1994	CCTCCTCCAGTTTCGA-1
branch: 1,3,4,2	1995	TGTCCTGTCAGGGATG-1
branch: 1,3,4,2	1996	TTGGTTTGTGGACCTC-1
branch: 1,3,4,2	1997	GTACAGTCACTGCGTG-1
branch: 1,3,4,2	1998	TGCGGCAGTATGTCCA-1
branch: 1,3,4,2	1999	CCGCAAGGTAGACACG-1
branch: 1,3,4,2	2000	GGTTAACTCAAACCCA-1
branch: 1,3,4,2	2001	GTAGAAAAGACTACCT-1
branch: 1,3,4,2	2002	AACCTGATCGCCTTGT-1
branch: 1,3,4,2	2003	AAGAACATCGGTATGT-1
branch: 1,3,4,2	2004	GAAACCTCACGTTCGG-1
branch: 1,3,4,2	2005	AATCGACCACGTCGTG-1
branch: 1,3,4,2	2006	ATAGAGAGTACGAGCA-1
branch: 1,3,4,2	2007	ATTTCACGTCCTCAGG-1
branch: 1,3,4,2	2008	CGAAGGACACCGTGGT-1
branch: 1,3,4,2	2009	TTCAGGATCGGCTTGG-1
branch: 1,3,4,2	2010	TGATGCATCGAAGCAG-1
branch: 1,3,4,2	2011	ATGACCACATCATGAC-1
branch: 1,3,4,2	2012	TCGGTCTCACTAGGCC-1
branch: 1,3,4,2	2013	TCCACGTTCTGGAGAG-1
branch: 1,3,4,2	2014	TCGAAGTAGACATAAC-1
branch: 1,3,4,2	2015	GGGTGAACAATCGCAT-1
branch: 1,3,4,2	2016	AGGTGTTTCCGGCAAC-1
branch: 1,3,4,2	2017	AGGCATTAGCACGATG-1
branch: 1,3,4,2	2018	GTGCTTCGTTGGGATG-1
branch: 1,3,4,2	2019	TCAAGCATCGAGAATA-1
branch: 1,3,4,2	2020	CATTCCGGTACGGTTT-1
branch: 1,3,4,2	2021	ACTGTCCTCTGTAAGC-1
branch: 1,3,4,2	2022	AACAAAGCATATGCGT-1
branch: 1,3,4,2	2023	AACGGGAAGCGGATCA-1
branch: 1,3,4,2	2024	TTCTCTCAGTATGAGT-1
branch: 1,3,4,2	2025	CCATAAGGTGGTAACG-1
branch: 1,3,4,2	2026	GCCATTCCATGACTGT-1
branch: 1,3,4,2	2027	AACAAGACATAGGTAA-1
branch: 1,3,4,2	2028	TCAAGACTCTCTTAAC-1
branch: 1,3,4,2	2029	CGCCATTGTGAGTTTC-1
branch: 1,3,4,2	2030	TCCCATGTCGATTTCT-1
branch: 1,3,4,2	2031	ACTTAGGTCTGAATGC-1
branch: 1,3,4,2	2032	GCGTTTCTCGGCTCTT-1
branch: 1,3,4,2	2033	GATCCCTCAACTACGT-1
branch: 1,3,4,2	2034	CCTTGTGGTCAGCGTC-1
branch: 1,3,4,2	2035	ACACCAATCCAGCCTT-1
branch: 1,3,4,2	2036	CTTTCAAGTATGTCTG-1
branch: 1,3,4,2	2037	ATCCATTTCACGTAGT-1
branch: 1,3,4,2	2038	TCTGCCACACCCAAGC-1
branch: 1,3,4,2	2039	TTGCATTGTCGCATTA-1
branch: 1,3,4,2	2040	CTTCCGATCCTTGAAG-1
branch: 1,3,4,2	2041	TGCGGGTTCTACGCGG-1
branch: 1,3,4,2	2042	ATACCTTTCTGCCTGT-1
branch: 1,3,4,2	2043	AGTCAACGTACTAGCT-1
branch: 1,3,4,2	2044	GTCGAATTCTGGAAGG-1
branch: 1,3,4,2	2045	CTACCTGTCGTACACA-1
branch: 1,3,4,2	2046	GGAGGATAGTACCATC-1
branch: 1,3,4,2	2047	CGAGTGCTCAGGACAG-1
branch: 1,3,4,2	2048	AATCACGTCCTTTAGT-1
branch: 1,3,4,2	2049	TGCTCGTCAGCGAGTA-1
branch: 1,3,4,2	2050	TCCACGTAGCGAGGAG-1
branch: 1,3,4,2	2051	TTTCCTCTCACTACGA-1
branch: 1,3,4,2	2052	CGAATTGCAGTCTACA-1
branch: 1,3,4,2	2053	TCTAACTGTATTGCCA-1
branch: 1,3,4,2	2054	GAAGAATTCCGTAGTA-1
branch: 1,3,4,2	2055	GCCAGCATCGTGGGAA-1
branch: 1,3,4,2	2056	TTGCTGCGTGGAAGTC-1
branch: 1,3,4,2	2057	GAGCTGCGTGCTCTTC-1
branch: 1,3,4,2	2058	CAGCAGCGTGTCTTAG-1
branch: 1,3,4,2	2059	GCACGTGAGCCGGAAT-1
branch: 1,3,4,2	2060	TACCTCGCAGATAAAC-1
branch: 1,3,4,2	2061	AGTAGCTAGCTAAATG-1
branch: 1,3,4,2	2062	TAATTCCGTTCTCACC-1
branch: 1,3,4,2	2063	ATCCGTCGTCAATCTG-1
branch: 1,3,4,2	2064	TTCCGGTTCCCAGGCA-1
branch: 1,3,4,2	2065	CGAAGTTCAGAACATA-1
branch: 1,3,4,2	2066	CACACAAAGCAGCACA-1
branch: 1,3,4,2	2067	AGACACTCATACAGCT-1
branch: 1,3,4,2	2068	TAGCACATCATGCCCT-1
branch: 1,3,4,2	2069	ACCTACCAGGTAAGGA-1
branch: 1,3,4,2	2070	TCGTGGGCACAAGCAG-1
branch: 1,3,4,2	2071	TGGGAAGAGAGGCTGT-1
branch: 1,3,4,2	2072	AGGTTACGTAGTACGG-1
branch: 1,3,4,2	2073	GTGTGGCTCCTACCAC-1
branch: 1,3,4,2	2074	TCAGCCTAGTCGTTAC-1
branch: 1,3,4,2	2075	TATTTCGCACGGCTAC-1
branch: 1,3,4,2	2076	GACTCTCTCGTCGGGT-1
branch: 1,3,4,2	2077	CATTGAGAGTTTGTCG-1
branch: 1,3,4,2	2078	CCCATTGAGCTTTGTG-1
branch: 1,3,4,2	2079	AATGAAGAGCTTAGTC-1
branch: 1,3,4,2	2080	ATAGGCTGTCGATTCA-1
branch: 1,3,4,2	2081	TGACGCGTCTAGTCAG-1
branch: 1,3,4,2	2082	TTGGTTTGTCAAGTTC-1
branch: 1,3,4,2	2083	CGAGGAACACATTCGA-1
branch: 1,3,4,2	2084	TCACACCGTTGCTGAT-1
branch: 1,3,4,2	2085	AACAGGGCAAAGGCAC-1
branch: 1,3,4,2	2086	AGCGATTGTCCCTGTT-1
branch: 1,3,4,2	2087	TTGGTTTAGGATTTCC-1
branch: 1,3,4,2	2088	ACACAGTGTGACAGCA-1
branch: 1,3,4,2	2089	TAATCTCAGTATGAAC-1
branch: 1,3,4,2	2090	AACCACAAGCTAGTTC-1
branch: 1,3,4,2	2091	CGGACACGTAGAGATT-1
branch: 1,3,4,2	2092	AACGTCACAACCCTAA-1
branch: 1,3,4,2	2093	GTGCTTCCAGGACTTT-1
branch: 1,3,4,2	2094	GGGAAGTGTGGTCCCA-1
branch: 1,3,4,2	2095	GTCTCACGTAGTGATA-1
branch: 1,3,4,2	2096	TGAGCATCAAGTATAG-1
branch: 1,3,4,2	2097	TACCGGGTCGCGAAGA-1
branch: 1,3,4,2	2098	GAACGTTAGAGAGCAA-1
branch: 1,3,4,2	2099	TCACTATTCATCTACT-1
branch: 1,3,4,2	2100	CTCAGTCCACTCATAG-1
branch: 1,3,4,2	2101	CGGAATTGTGCCCTTT-1
branch: 1,3,4,2	2102	CCTCCTCCATCCTGTC-1
branch: 1,3,4,2	2103	TACGCTCAGTGCAGGT-1
branch: 1,3,4,2	2104	CTGATCCCAAATTGCC-1
branch: 1,3,4,2	2105	CTTGAGAAGAGTGAAG-1
branch: 1,3,4,2	2106	AGGGTTTCAGGTTCCG-1
branch: 1,3,4,2	2107	GTCACTCAGTTTCGGT-1
branch: 1,3,4,2	2108	TGACTCCCAGCGTATT-1
branch: 1,3,4,2	2109	TCTCACGAGTGTGTTC-1
branch: 1,3,4,2	2110	AACCTGATCTGTCCCA-1
branch: 1,3,4,2	2111	GTGAGGACAGGATGAC-1
branch: 1,3,4,2	2112	CAATGACTCCTTCTGG-1
branch: 1,3,4,2	2113	TCATTCAAGCGGGTAT-1
branch: 1,3,4,2	2114	CTAACCCTCTGTCGCT-1
branch: 1,3,4,2	2115	GGACGTCGTAGGCTCC-1
branch: 1,3,4,2	2116	ACTGTGAGTGACTCTA-1
branch: 1,3,4,2	2117	AGCCACGAGTTGAATG-1
branch: 1,3,4,2	2118	GTTATGGGTGAAGCTG-1
branch: 1,3,4,2	2119	CGTAGTAGTCCGAAGA-1
branch: 1,3,4,2	2120	ATGTCTTTCGGAGTGA-1
branch: 1,3,4,2	2121	TTCAATCCAGCCGTCA-1
branch: 1,3,4,2	2122	TAAGCCAGTTGAGTCT-1
branch: 1,3,4,2	2123	GAGACCCAGCATTGAA-1
branch: 1,3,4,2	2124	AAGGTAAAGACTGTTC-1
branch: 1,3,4,2	2125	GCAACCGAGCCGGAAT-1
branch: 1,3,4,2	2126	CATGAGTAGTCAACAA-1
branch: 1,3,4,2	2127	ACGGTTAAGACTCTTG-1
branch: 1,3,4,2	2128	AATCGACTCGGAAGGT-1
branch: 1,3,4,2	2129	ATCGTGATCAGACTGT-1
branch: 1,3,4,2	2130	TGATCTTAGTCAGCCC-1
branch: 1,3,4,2	2131	TCCTCGACAAGTTCGT-1
branch: 1,3,4,2	2132	AGAGAATGTTCAGCGC-1
branch: 1,3,4,2	2133	CGATGCGTCCTCAGAA-1
branch: 1,3,4,2	2134	AGACCATGTGCCTGAC-1
branch: 1,3,4,2	2135	GATAGCTTCTTTGCAT-1
branch: 1,3,4,2	2136	CACGGGTTCGGTAACT-1
branch: 1,3,4,2	2137	TCATTACTCCAAAGGG-1
branch: 1,3,4,2	2138	TCTATCATCACTTATC-1
branch: 1,3,4,2	2139	CTGATCCTCCTTGAAG-1
branch: 1,3,4,2	2140	GGCTTTCAGTGCAGGT-1
branch: 1,3,4,2	2141	GCCATGGTCGACATTG-1
branch: 1,3,4,2	2142	GCTACAACACGTCATA-1
branch: 1,3,4,2	2143	CTCTGGTTCTCTAGGA-1
branch: 1,3,4,2	2144	GCCCGAAAGTATTGCC-1
branch: 1,3,4,2	2145	TGAATCGAGTTGGAAT-1
branch: 1,3,4,2	2146	CACCAAAAGTAATTGG-1
branch: 1,3,4,2	2147	AGAACAAGTACGGATG-1
branch: 1,3,4,2	2148	AGGCATTCACCAGACC-1
branch: 1,3,4,2	2149	TTTCATGCACCAATTG-1
branch: 1,3,4,2	2150	TTCAATCTCCAAAGGG-1
branch: 1,3,4,2	2151	AGTAACCTCTCCCAAC-1
branch: 1,3,4,2	2152	CCAATTTCAGGTGGAT-1
branch: 1,3,4,2	2153	CCCTCTCGTAACACGG-1
branch: 1,3,4,2	2154	GGTGGCTTCTCGCTCA-1
branch: 1,3,4,2	2155	AGCCAGCAGCGATGAC-1
branch: 1,3,4,2	2156	TTCTTCCCATCTATCT-1
branch: 1,3,4,2	2157	TGTTACTAGGTTCATC-1
branch: 1,3,4,2	2158	GACGTTAGTCTACACA-1
branch: 1,3,4,2	2159	TTAATCCAGGCTAACG-1
branch: 1,3,4,2	2160	GAGTCTATCGCCGTGA-1
branch: 1,3,4,2	2161	GTAGAGGTCTGGGCAC-1
branch: 1,3,4,2	2162	GTATTTCGTTTGTTCT-1
branch: 1,3,4,2	2163	TTTCATGTCCCAGGCA-1
branch: 1,3,4,2	2164	GTCCACTCAAGGCGTA-1
branch: 1,3,4,2	2165	TTTCGATCAATGCTCA-1
branch: 1,3,4,2	2166	GTTCGCTCAGGTCAAG-1
branch: 1,3,4,2	2167	GTCTCACGTTAATCGC-1
branch: 1,3,4,2	2168	AACCCAAAGATACGAT-1
branch: 1,3,4,2	2169	ATCGGATCACTAGTAC-1
branch: 1,3,4,2	2170	TCAGGTAAGGCGTTAG-1
branch: 1,3,4,2	2171	TCTGCCAGTAACCAGG-1
branch: 1,3,4,2	2172	TGGCGTGTCCAATCTT-1
branch: 1,3,4,2	2173	ATCCACCAGTCGAGGT-1
branch: 1,3,4,2	2174	TTCGGTCTCTTCGGAA-1
branch: 1,3,4,2	2175	CACATGAGTTAAGGGC-1
branch: 1,3,4,2	2176	CATCGTCAGTAGAGTT-1
branch: 1,3,4,2	2177	ATTCTACCAAATGAGT-1
branch: 1,3,4,2	2178	CCGTTCACACCAGCCA-1
branch: 1,3,4,2	2179	GTTCGCTGTGACTATC-1
branch: 1,3,4,2	2180	TCGGGACAGCTAGAGC-1
branch: 1,3,4,2	2181	CCCATTGCAATTGCAC-1
branch: 1,3,4,2	2182	CATAAGCCAGCACACC-1
branch: 1,3,4,2	2183	CCATAAGTCGTGTGGC-1
branch: 1,3,4,2	2184	GAGTCTACAGAGGCTA-1
branch: 1,3,4,2	2185	CATGCCTCAGAGTCAG-1
branch: 1,3,4,2	2186	AGATCGTGTCTACGAT-1
branch: 1,3,4,2	2187	TTGACCCTCGGCGATC-1
branch: 1,3,4,2	2188	TCGGTCTAGCACCGTC-1
branch: 1,3,4,2	2189	CGGGTGTAGAAACTGT-1
branch: 1,3,4,2	2190	GTGCAGCCAGGCATTT-1
branch: 1,3,4,2	2191	ATGTCCCAGATTCGAA-1
branch: 1,3,4,2	2192	CATGCAACAGTCAACT-1
branch: 1,3,4,2	2193	GTAATCGGTGCAGTGA-1
branch: 1,3,4,2	2194	GACTCTCAGTCGAAGC-1
branch: 1,3,4,2	2195	GACTATGCATACAGGG-1
branch: 1,3,4,2	2196	TCCCAGTGTCAGTCGC-1
branch: 1,3,4,2	2197	GTGGCGTGTCAGCGTC-1
branch: 1,3,4,2	2198	ATAGACCAGCGCCGTT-1
branch: 1,3,4,2	2199	CATCGTCCACTAGAGG-1
branch: 1,3,4,2	2200	GCCAGGTGTTCCTAAG-1
branch: 1,3,4,2	2201	TGCTCCAAGGCAGGGA-1
branch: 1,3,4,2	2202	GATAGCTTCTATGTGG-1
branch: 1,3,4,2	2203	TCTGTCGGTCTAGATC-1
branch: 1,3,4,2	2204	CATACCCGTAGTGTGG-1-1
branch: 1,3,4,2	2205	TACCGGGCAACGCATT-1
branch: 1,3,4,2	2206	CTACTATAGTGCGCTC-1
branch: 1,3,4,2	2207	ATCTCTAGTTGGTACT-1
branch: 1,3,4,2	2208	CAAAGAAAGATGCCGA-1
branch: 1,3,4,2	2209	GAACTGTAGGTTGGAC-1
branch: 1,3,4,2	2210	GACCCAGCAGCTTTGA-1
branch: 1,3,4,2	2211	TTCATTGCACGTTCGG-1
branch: 1,3,4,2	2212	TTGCTGCAGGAGGCAG-1
branch: 1,3,4,2	2213	CGGGTCATCTGCATGA-1
branch: 1,3,4,2	2214	GCAGCTGGTACACGCC-1
branch: 1,3,4,2	2215	ACTACGAAGACGAGCT-1
branch: 1,3,4,2	2216	AAACGCTAGCGTGTCC-1
branch: 1,3,4,2	2217	TCGTGCTCATGGGAAC-1
branch: 1,3,4,2	2218	TCCTTTCGTGCCCTTT-1
branch: 1,3,4,2	2219	TCTTAGTTCTGAGAAA-1
branch: 1,3,4,2	2220	GTAATGCCAGTCGCTG-1
branch: 1,3,4,2	2221	ACCCTCAGTGTTCATG-1
branch: 1,3,4,2	2222	CTAACTTAGGATTTCC-1
branch: 1,3,4,2	2223	TGTAAGCGTTGGGACA-1
branch: 1,3,4,2	2224	CCCTGATGTAAGATAC-1
branch: 1,3,4,2	2225	CCTTGTGAGTTTGGCT-1
branch: 1,3,4,2	2226	AAGTACCGTGATGGCA-1
branch: 1,3,4,2	2227	GTTACGACATTACTCT-1
branch: 1,3,4,2	2228	GTGAGGATCTCTAAGG-1
branch: 1,3,4,2	2229	ACCACAATCTGTTCAT-1
branch: 1,3,4,2	2230	TGCAGGCCAATAGTAG-1
branch: 1,3,4,2	2231	TGTCAGAAGATCCGAG-1
branch: 1,3,4,2	2232	TGGGAAGGTCGCAACC-1
branch: 1,3,4,2	2233	ATTCAGGCACAGTCAT-1
branch: 1,3,4,2	2234	ACCTGTCAGGTCACAG-1
branch: 1,3,4,2	2235	AAGCGAGAGTTACGAA-1
branch: 1,3,4,2	2236	ATGTCTTTCTCCTGTG-1
branch: 1,3,4,2	2237	CAGGCCACAACCGTGC-1
branch: 1,3,4,2	2238	AGTCACAAGATTGTGA-1
branch: 1,3,4,2	2239	CTCATCGAGATCGCCC-1
branch: 1,3,4,2	2240	GTGTAACGTTGAGGAC-1
branch: 1,3,4,2	2241	AGTGATCGTTCCACGG-1
branch: 1,3,4,2	2242	CCGATCTTCTCTAGGA-1
branch: 1,3,4,2	2243	CATGCGGGTCGTATTG-1
branch: 1,3,4,2	2244	GTCTAGAAGCATGCGA-1
branch: 1,3,4,2	2245	AGGATAAAGCCTGGAA-1
branch: 1,3,4,2	2246	AAGCATCAGTGACACG-1
branch: 1,3,4,2	2247	ATTGTTCGTGGTAATA-1
branch: 1,3,4,2	2248	CTGTATTGTCAACATC-1
branch: 1,3,4,2	2249	TTGTGTTCAGGGTTGA-1
branch: 1,3,4,2	2250	ACTCCCAAGCGAGTAC-1
branch: 1,3,4,2	2251	TGAGCATAGTTCTCTT-1
branch: 1,3,4,2	2252	CTCATCGAGGTGCTAG-1
branch: 1,3,4,2	2253	GTTGCTCTCCAGTGCG-1
branch: 1,3,4,2	2254	AAGTTCGGTAGCGCCT-1
branch: 1,3,4,2	2255	AATCGTGCAATAGTGA-1
branch: 1,3,4,2	2256	TGGAACTAGGATTTCC-1
branch: 1,3,4,2	2257	GTGTCCTCAATTTCGG-1
branch: 1,3,4,2	2258	AAACGAAGTTCTTGCC-1
branch: 1,3,4,2	2259	GAACGTTAGGACAGCT-1
branch: 1,3,4,2	2260	GGGCGTTTCTGTCAGA-1
branch: 1,3,4,2	2261	TCAAGTGGTGTAAACA-1
branch: 1,3,4,2	2262	CGCATAACAGCTATTG-1
branch: 1,3,4,2	2263	CACTGTCCACTCCTGT-1
branch: 1,3,4,2	2264	TCATGTTTCTTTGCTA-1
branch: 1,3,4,2	2265	GTCAAACTCGGCCTTT-1
branch: 1,3,4,2	2266	ATCGTGATCCTACACC-1
branch: 1,3,4,2	2267	GTTCTATGTTGCGAAG-1
branch: 1,3,4,2	2268	ATTCCATCAGCACAGA-1
branch: 1,3,4,2	2269	ATCGGATGTGCGGTAA-1
branch: 1,3,4,2	2270	ACAACCAAGCCAAGGT-1
branch: 1,3,4,2	2271	TCGTAGATCACGTCCT-1
branch: 1,3,4,2	2272	CTTCTAAAGGTCTTTG-1
branch: 1,3,4,2	2273	GTGTCCTCAACCAGAG-1
branch: 1,3,4,2	2274	TAGTGCATCGCGTGAC-1
branch: 1,3,4,2	2275	CTCATTAGTGAGCTCC-1
branch: 1,3,4,2	2276	ACGTAGTGTCCAATCA-1
branch: 1,3,4,2	2277	AGGTTGTCACATACTG-1
branch: 1,3,4,2	2278	TCGGATAGTCGAGCTC-1
branch: 1,3,4,2	2279	TTGTGTTCAGAAGTTA-1
branch: 1,3,4,2	2280	AATGAAGTCACATTGG-1
branch: 1,3,4,2	2281	CCGGACAGTGTAACGG-1
branch: 1,3,4,2	2282	GTGCGTGAGTCCTGTA-1
branch: 1,3,4,2	2283	AAGTCGTTCTAGACAC-1
branch: 1,3,4,2	2284	TCGTCCATCCTTATGT-1
branch: 1,3,4,2	2285	AACCACAGTTCGGTCG-1
branch: 1,3,4,2	2286	TTCCGGTTCCCAAGCG-1
branch: 1,3,4,2	2287	TTTATGCCAACAGAGC-1
branch: 1,3,4,2	2288	GAGTGAGTCCAGTGCG-1
branch: 1,3,4,2	2289	CTCTCGACAACTTCTT-1
branch: 1,3,4,2	2290	AGTAGTCCAGCTGAGA-1
branch: 1,3,4,2	2291	TTTACGTCAGTGGTGA-1
branch: 1,3,4,2	2292	CTTTCAAGTCACGTGC-1
branch: 1,3,4,2	2293	CGTTGGGCACCGCTGA-1
branch: 1,3,4,2	2294	AAACCCAGTTGACGGA-1
branch: 1,3,4,2	2295	GTAGAGGAGGTAAAGG-1
branch: 1,3,4,2	2296	GCTGCAGTCCCGAGTG-1
branch: 1,3,4,2	2297	AGCCAATCAAGAAACT-1
branch: 1,3,4,2	2298	GAGGGTAAGATTGATG-1
branch: 1,3,4,2	2299	GTGGAAGGTGGCTAGA-1
branch: 1,3,4,2	2300	TGTCCTGCACGCAAAG-1
branch: 1,3,4,2	2301	GGGAGTATCATAAGGA-1
branch: 2,4,5	0	GGGAGTATCATAAGGA-1
branch: 2,4,5	1	TGTCCTGCACGCAAAG-1
branch: 2,4,5	2	GTGGAAGGTGGCTAGA-1
branch: 2,4,5	3	GAGGGTAAGATTGATG-1
branch: 2,4,5	4	AGCCAATCAAGAAACT-1
branch: 2,4,5	5	GCTGCAGTCCCGAGTG-1
branch: 2,4,5	6	GTAGAGGAGGTAAAGG-1
branch: 2,4,5	7	AAACCCAGTTGACGGA-1
branch: 2,4,5	8	CGTTGGGCACCGCTGA-1
branch: 2,4,5	9	CTTTCAAGTCACGTGC-1
branch: 2,4,5	10	TTTACGTCAGTGGTGA-1
branch: 2,4,5	11	AGTAGTCCAGCTGAGA-1
branch: 2,4,5	12	CTCTCGACAACTTCTT-1
branch: 2,4,5	13	GAGTGAGTCCAGTGCG-1
branch: 2,4,5	14	TTTATGCCAACAGAGC-1
branch: 2,4,5	15	TTCCGGTTCCCAAGCG-1
branch: 2,4,5	16	AACCACAGTTCGGTCG-1
branch: 2,4,5	17	TCGTCCATCCTTATGT-1
branch: 2,4,5	18	AAGTCGTTCTAGACAC-1
branch: 2,4,5	19	GTGCGTGAGTCCTGTA-1
branch: 2,4,5	20	CCGGACAGTGTAACGG-1
branch: 2,4,5	21	AATGAAGTCACATTGG-1
branch: 2,4,5	22	TTGTGTTCAGAAGTTA-1
branch: 2,4,5	23	TCGGATAGTCGAGCTC-1
branch: 2,4,5	24	AGGTTGTCACATACTG-1
branch: 2,4,5	25	ACGTAGTGTCCAATCA-1
branch: 2,4,5	26	CTCATTAGTGAGCTCC-1
branch: 2,4,5	27	TAGTGCATCGCGTGAC-1
branch: 2,4,5	28	GTGTCCTCAACCAGAG-1
branch: 2,4,5	29	CTTCTAAAGGTCTTTG-1
branch: 2,4,5	30	TCGTAGATCACGTCCT-1
branch: 2,4,5	31	ACAACCAAGCCAAGGT-1
branch: 2,4,5	32	ATCGGATGTGCGGTAA-1
branch: 2,4,5	33	ATTCCATCAGCACAGA-1
branch: 2,4,5	34	GTTCTATGTTGCGAAG-1
branch: 2,4,5	35	ATCGTGATCCTACACC-1
branch: 2,4,5	36	GTCAAACTCGGCCTTT-1
branch: 2,4,5	37	TCATGTTTCTTTGCTA-1
branch: 2,4,5	38	CACTGTCCACTCCTGT-1
branch: 2,4,5	39	CGCATAACAGCTATTG-1
branch: 2,4,5	40	TCAAGTGGTGTAAACA-1
branch: 2,4,5	41	GGGCGTTTCTGTCAGA-1
branch: 2,4,5	42	GAACGTTAGGACAGCT-1
branch: 2,4,5	43	AAACGAAGTTCTTGCC-1
branch: 2,4,5	44	GTGTCCTCAATTTCGG-1
branch: 2,4,5	45	TGGAACTAGGATTTCC-1
branch: 2,4,5	46	AATCGTGCAATAGTGA-1
branch: 2,4,5	47	AAGTTCGGTAGCGCCT-1
branch: 2,4,5	48	GTTGCTCTCCAGTGCG-1
branch: 2,4,5	49	CTCATCGAGGTGCTAG-1
branch: 2,4,5	50	TGAGCATAGTTCTCTT-1
branch: 2,4,5	51	ACTCCCAAGCGAGTAC-1
branch: 2,4,5	52	TTGTGTTCAGGGTTGA-1
branch: 2,4,5	53	CTGTATTGTCAACATC-1
branch: 2,4,5	54	ATTGTTCGTGGTAATA-1
branch: 2,4,5	55	AAGCATCAGTGACACG-1
branch: 2,4,5	56	AGGATAAAGCCTGGAA-1
branch: 2,4,5	57	GTCTAGAAGCATGCGA-1
branch: 2,4,5	58	CATGCGGGTCGTATTG-1
branch: 2,4,5	59	CCGATCTTCTCTAGGA-1
branch: 2,4,5	60	AGTGATCGTTCCACGG-1
branch: 2,4,5	61	GTGTAACGTTGAGGAC-1
branch: 2,4,5	62	CTCATCGAGATCGCCC-1
branch: 2,4,5	63	AGTCACAAGATTGTGA-1
branch: 2,4,5	64	CAGGCCACAACCGTGC-1
branch: 2,4,5	65	ATGTCTTTCTCCTGTG-1
branch: 2,4,5	66	AAGCGAGAGTTACGAA-1
branch: 2,4,5	67	ACCTGTCAGGTCACAG-1
branch: 2,4,5	68	ATTCAGGCACAGTCAT-1
branch: 2,4,5	69	TGGGAAGGTCGCAACC-1
branch: 2,4,5	70	TGTCAGAAGATCCGAG-1
branch: 2,4,5	71	TGCAGGCCAATAGTAG-1
branch: 2,4,5	72	ACCACAATCTGTTCAT-1
branch: 2,4,5	73	GTGAGGATCTCTAAGG-1
branch: 2,4,5	74	GTTACGACATTACTCT-1
branch: 2,4,5	75	AAGTACCGTGATGGCA-1
branch: 2,4,5	76	CCTTGTGAGTTTGGCT-1
branch: 2,4,5	77	CCCTGATGTAAGATAC-1
branch: 2,4,5	78	TGTAAGCGTTGGGACA-1
branch: 2,4,5	79	CTAACTTAGGATTTCC-1
branch: 2,4,5	80	ACCCTCAGTGTTCATG-1
branch: 2,4,5	81	GTAATGCCAGTCGCTG-1
branch: 2,4,5	82	TCTTAGTTCTGAGAAA-1
branch: 2,4,5	83	TCCTTTCGTGCCCTTT-1
branch: 2,4,5	84	TCGTGCTCATGGGAAC-1
branch: 2,4,5	85	AAACGCTAGCGTGTCC-1
branch: 2,4,5	86	ACTACGAAGACGAGCT-1
branch: 2,4,5	87	GCAGCTGGTACACGCC-1
branch: 2,4,5	88	CGGGTCATCTGCATGA-1
branch: 2,4,5	89	TTGCTGCAGGAGGCAG-1
branch: 2,4,5	90	TTCATTGCACGTTCGG-1
branch: 2,4,5	91	GACCCAGCAGCTTTGA-1
branch: 2,4,5	92	GAACTGTAGGTTGGAC-1
branch: 2,4,5	93	CAAAGAAAGATGCCGA-1
branch: 2,4,5	94	ATCTCTAGTTGGTACT-1
branch: 2,4,5	95	CTACTATAGTGCGCTC-1
branch: 2,4,5	96	TACCGGGCAACGCATT-1
branch: 2,4,5	97	CATACCCGTAGTGTGG-1-1
branch: 2,4,5	98	TCTGTCGGTCTAGATC-1
branch: 2,4,5	99	GATAGCTTCTATGTGG-1
branch: 2,4,5	100	TGCTCCAAGGCAGGGA-1
branch: 2,4,5	101	GCCAGGTGTTCCTAAG-1
branch: 2,4,5	102	CATCGTCCACTAGAGG-1
branch: 2,4,5	103	ATAGACCAGCGCCGTT-1
branch: 2,4,5	104	GTGGCGTGTCAGCGTC-1
branch: 2,4,5	105	TCCCAGTGTCAGTCGC-1
branch: 2,4,5	106	GACTATGCATACAGGG-1
branch: 2,4,5	107	GACTCTCAGTCGAAGC-1
branch: 2,4,5	108	GTAATCGGTGCAGTGA-1
branch: 2,4,5	109	CATGCAACAGTCAACT-1
branch: 2,4,5	110	ATGTCCCAGATTCGAA-1
branch: 2,4,5	111	GTGCAGCCAGGCATTT-1
branch: 2,4,5	112	CGGGTGTAGAAACTGT-1
branch: 2,4,5	113	TCGGTCTAGCACCGTC-1
branch: 2,4,5	114	TTGACCCTCGGCGATC-1
branch: 2,4,5	115	AGATCGTGTCTACGAT-1
branch: 2,4,5	116	CATGCCTCAGAGTCAG-1
branch: 2,4,5	117	GAGTCTACAGAGGCTA-1
branch: 2,4,5	118	CCATAAGTCGTGTGGC-1
branch: 2,4,5	119	CATAAGCCAGCACACC-1
branch: 2,4,5	120	CCCATTGCAATTGCAC-1
branch: 2,4,5	121	TCGGGACAGCTAGAGC-1
branch: 2,4,5	122	GTTCGCTGTGACTATC-1
branch: 2,4,5	123	CCGTTCACACCAGCCA-1
branch: 2,4,5	124	ATTCTACCAAATGAGT-1
branch: 2,4,5	125	CATCGTCAGTAGAGTT-1
branch: 2,4,5	126	CACATGAGTTAAGGGC-1
branch: 2,4,5	127	TTCGGTCTCTTCGGAA-1
branch: 2,4,5	128	ATCCACCAGTCGAGGT-1
branch: 2,4,5	129	TGGCGTGTCCAATCTT-1
branch: 2,4,5	130	TCTGCCAGTAACCAGG-1
branch: 2,4,5	131	TCAGGTAAGGCGTTAG-1
branch: 2,4,5	132	ATCGGATCACTAGTAC-1
branch: 2,4,5	133	AACCCAAAGATACGAT-1
branch: 2,4,5	134	GTCTCACGTTAATCGC-1
branch: 2,4,5	135	GTTCGCTCAGGTCAAG-1
branch: 2,4,5	136	TTTCGATCAATGCTCA-1
branch: 2,4,5	137	GTCCACTCAAGGCGTA-1
branch: 2,4,5	138	TTTCATGTCCCAGGCA-1
branch: 2,4,5	139	GTATTTCGTTTGTTCT-1
branch: 2,4,5	140	GTAGAGGTCTGGGCAC-1
branch: 2,4,5	141	GAGTCTATCGCCGTGA-1
branch: 2,4,5	142	TTAATCCAGGCTAACG-1
branch: 2,4,5	143	GACGTTAGTCTACACA-1
branch: 2,4,5	144	TGTTACTAGGTTCATC-1
branch: 2,4,5	145	TTCTTCCCATCTATCT-1
branch: 2,4,5	146	AGCCAGCAGCGATGAC-1
branch: 2,4,5	147	GGTGGCTTCTCGCTCA-1
branch: 2,4,5	148	CCCTCTCGTAACACGG-1
branch: 2,4,5	149	CCAATTTCAGGTGGAT-1
branch: 2,4,5	150	AGTAACCTCTCCCAAC-1
branch: 2,4,5	151	TTCAATCTCCAAAGGG-1
branch: 2,4,5	152	TTTCATGCACCAATTG-1
branch: 2,4,5	153	AGGCATTCACCAGACC-1
branch: 2,4,5	154	AGAACAAGTACGGATG-1
branch: 2,4,5	155	CACCAAAAGTAATTGG-1
branch: 2,4,5	156	TGAATCGAGTTGGAAT-1
branch: 2,4,5	157	GCCCGAAAGTATTGCC-1
branch: 2,4,5	158	CTCTGGTTCTCTAGGA-1
branch: 2,4,5	159	GCTACAACACGTCATA-1
branch: 2,4,5	160	GCCATGGTCGACATTG-1
branch: 2,4,5	161	GGCTTTCAGTGCAGGT-1
branch: 2,4,5	162	CTGATCCTCCTTGAAG-1
branch: 2,4,5	163	TCTATCATCACTTATC-1
branch: 2,4,5	164	TCATTACTCCAAAGGG-1
branch: 2,4,5	165	CACGGGTTCGGTAACT-1
branch: 2,4,5	166	GATAGCTTCTTTGCAT-1
branch: 2,4,5	167	AGACCATGTGCCTGAC-1
branch: 2,4,5	168	CGATGCGTCCTCAGAA-1
branch: 2,4,5	169	AGAGAATGTTCAGCGC-1
branch: 2,4,5	170	TCCTCGACAAGTTCGT-1
branch: 2,4,5	171	TGATCTTAGTCAGCCC-1
branch: 2,4,5	172	ATCGTGATCAGACTGT-1
branch: 2,4,5	173	AATCGACTCGGAAGGT-1
branch: 2,4,5	174	ACGGTTAAGACTCTTG-1
branch: 2,4,5	175	CATGAGTAGTCAACAA-1
branch: 2,4,5	176	GCAACCGAGCCGGAAT-1
branch: 2,4,5	177	AAGGTAAAGACTGTTC-1
branch: 2,4,5	178	GAGACCCAGCATTGAA-1
branch: 2,4,5	179	TAAGCCAGTTGAGTCT-1
branch: 2,4,5	180	TTCAATCCAGCCGTCA-1
branch: 2,4,5	181	ATGTCTTTCGGAGTGA-1
branch: 2,4,5	182	CGTAGTAGTCCGAAGA-1
branch: 2,4,5	183	GTTATGGGTGAAGCTG-1
branch: 2,4,5	184	AGCCACGAGTTGAATG-1
branch: 2,4,5	185	ACTGTGAGTGACTCTA-1
branch: 2,4,5	186	GGACGTCGTAGGCTCC-1
branch: 2,4,5	187	CTAACCCTCTGTCGCT-1
branch: 2,4,5	188	TCATTCAAGCGGGTAT-1
branch: 2,4,5	189	CAATGACTCCTTCTGG-1
branch: 2,4,5	190	GTGAGGACAGGATGAC-1
branch: 2,4,5	191	AACCTGATCTGTCCCA-1
branch: 2,4,5	192	TCTCACGAGTGTGTTC-1
branch: 2,4,5	193	TGACTCCCAGCGTATT-1
branch: 2,4,5	194	GTCACTCAGTTTCGGT-1
branch: 2,4,5	195	AGGGTTTCAGGTTCCG-1
branch: 2,4,5	196	CTTGAGAAGAGTGAAG-1
branch: 2,4,5	197	CTGATCCCAAATTGCC-1
branch: 2,4,5	198	TACGCTCAGTGCAGGT-1
branch: 2,4,5	199	CCTCCTCCATCCTGTC-1
branch: 2,4,5	200	CGGAATTGTGCCCTTT-1
branch: 2,4,5	201	CTCAGTCCACTCATAG-1
branch: 2,4,5	202	TCACTATTCATCTACT-1
branch: 2,4,5	203	GAACGTTAGAGAGCAA-1
branch: 2,4,5	204	TACCGGGTCGCGAAGA-1
branch: 2,4,5	205	TGAGCATCAAGTATAG-1
branch: 2,4,5	206	GTCTCACGTAGTGATA-1
branch: 2,4,5	207	GGGAAGTGTGGTCCCA-1
branch: 2,4,5	208	GTGCTTCCAGGACTTT-1
branch: 2,4,5	209	AACGTCACAACCCTAA-1
branch: 2,4,5	210	CGGACACGTAGAGATT-1
branch: 2,4,5	211	AACCACAAGCTAGTTC-1
branch: 2,4,5	212	TAATCTCAGTATGAAC-1
branch: 2,4,5	213	ACACAGTGTGACAGCA-1
branch: 2,4,5	214	TTGGTTTAGGATTTCC-1
branch: 2,4,5	215	AGCGATTGTCCCTGTT-1
branch: 2,4,5	216	AACAGGGCAAAGGCAC-1
branch: 2,4,5	217	TCACACCGTTGCTGAT-1
branch: 2,4,5	218	CGAGGAACACATTCGA-1
branch: 2,4,5	219	TTGGTTTGTCAAGTTC-1
branch: 2,4,5	220	TGACGCGTCTAGTCAG-1
branch: 2,4,5	221	ATAGGCTGTCGATTCA-1
branch: 2,4,5	222	AATGAAGAGCTTAGTC-1
branch: 2,4,5	223	CCCATTGAGCTTTGTG-1
branch: 2,4,5	224	CATTGAGAGTTTGTCG-1
branch: 2,4,5	225	GACTCTCTCGTCGGGT-1
branch: 2,4,5	226	TATTTCGCACGGCTAC-1
branch: 2,4,5	227	TCAGCCTAGTCGTTAC-1
branch: 2,4,5	228	GTGTGGCTCCTACCAC-1
branch: 2,4,5	229	AGGTTACGTAGTACGG-1
branch: 2,4,5	230	TGGGAAGAGAGGCTGT-1
branch: 2,4,5	231	TCGTGGGCACAAGCAG-1
branch: 2,4,5	232	ACCTACCAGGTAAGGA-1
branch: 2,4,5	233	TAGCACATCATGCCCT-1
branch: 2,4,5	234	AGACACTCATACAGCT-1
branch: 2,4,5	235	CACACAAAGCAGCACA-1
branch: 2,4,5	236	CGAAGTTCAGAACATA-1
branch: 2,4,5	237	TTCCGGTTCCCAGGCA-1
branch: 2,4,5	238	ATCCGTCGTCAATCTG-1
branch: 2,4,5	239	TAATTCCGTTCTCACC-1
branch: 2,4,5	240	AGTAGCTAGCTAAATG-1
branch: 2,4,5	241	TACCTCGCAGATAAAC-1
branch: 2,4,5	242	GCACGTGAGCCGGAAT-1
branch: 2,4,5	243	CAGCAGCGTGTCTTAG-1
branch: 2,4,5	244	GAGCTGCGTGCTCTTC-1
branch: 2,4,5	245	TTGCTGCGTGGAAGTC-1
branch: 2,4,5	246	GCCAGCATCGTGGGAA-1
branch: 2,4,5	247	GAAGAATTCCGTAGTA-1
branch: 2,4,5	248	TCTAACTGTATTGCCA-1
branch: 2,4,5	249	CGAATTGCAGTCTACA-1
branch: 2,4,5	250	TTTCCTCTCACTACGA-1
branch: 2,4,5	251	TCCACGTAGCGAGGAG-1
branch: 2,4,5	252	TGCTCGTCAGCGAGTA-1
branch: 2,4,5	253	AATCACGTCCTTTAGT-1
branch: 2,4,5	254	CGAGTGCTCAGGACAG-1
branch: 2,4,5	255	GGAGGATAGTACCATC-1
branch: 2,4,5	256	CTACCTGTCGTACACA-1
branch: 2,4,5	257	GTCGAATTCTGGAAGG-1
branch: 2,4,5	258	AGTCAACGTACTAGCT-1
branch: 2,4,5	259	ATACCTTTCTGCCTGT-1
branch: 2,4,5	260	TGCGGGTTCTACGCGG-1
branch: 2,4,5	261	CTTCCGATCCTTGAAG-1
branch: 2,4,5	262	TTGCATTGTCGCATTA-1
branch: 2,4,5	263	TCTGCCACACCCAAGC-1
branch: 2,4,5	264	ATCCATTTCACGTAGT-1
branch: 2,4,5	265	CTTTCAAGTATGTCTG-1
branch: 2,4,5	266	ACACCAATCCAGCCTT-1
branch: 2,4,5	267	CCTTGTGGTCAGCGTC-1
branch: 2,4,5	268	GATCCCTCAACTACGT-1
branch: 2,4,5	269	GCGTTTCTCGGCTCTT-1
branch: 2,4,5	270	ACTTAGGTCTGAATGC-1
branch: 2,4,5	271	TCCCATGTCGATTTCT-1
branch: 2,4,5	272	CGCCATTGTGAGTTTC-1
branch: 2,4,5	273	TCAAGACTCTCTTAAC-1
branch: 2,4,5	274	AACAAGACATAGGTAA-1
branch: 2,4,5	275	GCCATTCCATGACTGT-1
branch: 2,4,5	276	CCATAAGGTGGTAACG-1
branch: 2,4,5	277	TTCTCTCAGTATGAGT-1
branch: 2,4,5	278	AACGGGAAGCGGATCA-1
branch: 2,4,5	279	AACAAAGCATATGCGT-1
branch: 2,4,5	280	ACTGTCCTCTGTAAGC-1
branch: 2,4,5	281	CATTCCGGTACGGTTT-1
branch: 2,4,5	282	TCAAGCATCGAGAATA-1
branch: 2,4,5	283	GTGCTTCGTTGGGATG-1
branch: 2,4,5	284	AGGCATTAGCACGATG-1
branch: 2,4,5	285	AGGTGTTTCCGGCAAC-1
branch: 2,4,5	286	GGGTGAACAATCGCAT-1
branch: 2,4,5	287	TCGAAGTAGACATAAC-1
branch: 2,4,5	288	TCCACGTTCTGGAGAG-1
branch: 2,4,5	289	TCGGTCTCACTAGGCC-1
branch: 2,4,5	290	ATGACCACATCATGAC-1
branch: 2,4,5	291	TGATGCATCGAAGCAG-1
branch: 2,4,5	292	TTCAGGATCGGCTTGG-1
branch: 2,4,5	293	CGAAGGACACCGTGGT-1
branch: 2,4,5	294	ATTTCACGTCCTCAGG-1
branch: 2,4,5	295	ATAGAGAGTACGAGCA-1
branch: 2,4,5	296	AATCGACCACGTCGTG-1
branch: 2,4,5	297	GAAACCTCACGTTCGG-1
branch: 2,4,5	298	AAGAACATCGGTATGT-1
branch: 2,4,5	299	AACCTGATCGCCTTGT-1
branch: 2,4,5	300	GTAGAAAAGACTACCT-1
branch: 2,4,5	301	GGTTAACTCAAACCCA-1
branch: 2,4,5	302	CCGCAAGGTAGACACG-1
branch: 2,4,5	303	TGCGGCAGTATGTCCA-1
branch: 2,4,5	304	GTACAGTCACTGCGTG-1
branch: 2,4,5	305	TTGGTTTGTGGACCTC-1
branch: 2,4,5	306	TGTCCTGTCAGGGATG-1
branch: 2,4,5	307	CCTCCTCCAGTTTCGA-1
branch: 2,4,5	308	TGCGGCAAGTCACACT-1
branch: 2,4,5	309	GAGCCTGGTTGTCCCT-1
branch: 2,4,5	310	CCTTCAGGTCCTCAGG-1
branch: 2,4,5	311	TCTATCACAATTCTTC-1
branch: 2,4,5	312	CCACTTGTCACTTCTA-1
branch: 2,4,5	313	CATGCTCTCTGAGATC-1
branch: 2,4,5	314	AAACGCTTCATTCGTT-1
branch: 2,4,5	315	ACAACCAAGGTGGCTA-1
branch: 2,4,5	316	ATGGTTGGTGCGGCTT-1
branch: 2,4,5	317	TCTGGCTCATCGAACT-1
branch: 2,4,5	318	CGAGGCTGTACGATTC-1
branch: 2,4,5	319	GTTAGTGTCTTTCTAG-1
branch: 2,4,5	320	AGGTTGTTCTCCTGCA-1
branch: 2,4,5	321	TTAATCCAGGCACTCC-1
branch: 2,4,5	322	AATTTCCCAGCGGATA-1
branch: 2,4,5	323	CGTCCATGTTCTTGCC-1
branch: 2,4,5	324	TCTACATGTTAGGGTG-1
branch: 2,4,5	325	TCGGGTGTCAAGCTGT-1
branch: 2,4,5	326	CCTAACCCAATGAGCG-1
branch: 2,4,5	327	TATTGCTCAACCTAAC-1
branch: 2,4,5	328	TCAATCTAGAGCTGAC-1
branch: 2,4,5	329	GTACAACGTTCGGTTA-1
branch: 2,4,5	330	CGAGTGCGTCTGATCA-1
branch: 2,4,5	331	GACTCTCTCTTTACAC-1
branch: 2,4,5	332	GATGTTGGTGTTAAAG-1
branch: 2,4,5	333	CCTCAACGTCTTCGAA-1
branch: 2,4,5	334	GCAACATCAGATCCTA-1
branch: 2,4,5	335	ACCCAAAGTCGCACGT-1
branch: 2,4,5	336	GACAGCCGTTGCTTGA-1
branch: 2,4,5	337	GAGACTTTCTAACGGT-1
branch: 2,4,5	338	GGAATCTGTGCATTAC-1
branch: 2,4,5	339	TTGGTTTTCAAAGCCT-1
branch: 2,4,5	340	TCAGTGATCGGCACTG-1
branch: 2,4,5	341	CGCGTGAGTACAGCGA-1
branch: 2,4,5	342	TCCCAGTCAGTATACC-1
branch: 2,4,5	343	GTCTAGACAAGGTCGA-1
branch: 2,4,5	344	TACTTCACAGAGTTCT-1
branch: 2,4,5	345	TGATTCTAGCGTTCCG-1
branch: 2,4,5	346	CATGCAAAGAGGTCGT-1
branch: 2,4,5	347	CATTCCGCACTTGACA-1
branch: 2,4,5	348	TGAGGGAGTTGAATCC-1
branch: 2,4,5	349	GTCAAGTCATCCAATG-1
branch: 2,4,5	350	TCCTAATTCCGTAATG-1
branch: 2,4,5	351	GATGGAGCAGTAACGG-1
branch: 2,4,5	352	TGGGCGTCAAATCGGG-1
branch: 2,4,5	353	CAATCGAGTCAGCGTC-1
branch: 2,4,5	354	CTCATTAGTCCTGTCT-1
branch: 2,4,5	355	CACTAAGGTCGACTGC-1
branch: 2,4,5	356	GTGGAGAAGTCATCCA-1
branch: 2,4,5	357	CAGCGTGCAGCTGGTC-1
branch: 2,4,5	358	GAAGCCCCAACACAAA-1
branch: 2,4,5	359	GCCGTGAGTGAGTAAT-1
branch: 2,4,5	360	ATCGCCTTCCGTGCGA-1
branch: 2,4,5	361	TTCACGCGTAACCCGC-1
branch: 2,4,5	362	CGGGTGTCACCAGCTG-1
branch: 2,4,5	363	GCCCGAACAGTCAACT-1
branch: 2,4,5	364	TCCTCTTTCGTCTCAC-1
branch: 2,4,5	365	CTCTGGTAGCCGTAAG-1
branch: 2,4,5	366	CTGTCGTCAGCGACAA-1
branch: 2,4,5	367	AGCTTCCTCAACTGGT-1
branch: 2,4,5	368	TCTTGCGAGTGCCTCG-1
branch: 2,4,5	369	CATTGTTCATACAGGG-1
branch: 2,4,5	370	CTGAGGCTCTTGGTCC-1
branch: 2,4,5	371	CACATGAAGGGAGGAC-1
branch: 2,4,5	372	TGGATCAGTCCAGCAC-1
branch: 2,4,5	373	CTATCTAAGATTTGCC-1
branch: 2,4,5	374	CCACCATGTTCTATCT-1
branch: 2,4,5	375	CTTCCGATCACCATGA-1
branch: 2,4,5	376	GGTGAAGAGCACTCGC-1
branch: 2,4,5	377	GTTCGCTAGTGCTACT-1
branch: 2,4,5	378	AGCGTATTCTTCCACG-1
branch: 2,4,5	379	CTGTCGTCAATGTCAC-1
branch: 2,4,5	380	TTGCCTGAGGTGAGAA-1
branch: 2,4,5	381	CGTTGGGAGCAGAAAG-1
branch: 2,4,5	382	GCCGATGGTGTAAACA-1
branch: 2,4,5	383	AGGAAATGTTCGGGTC-1
branch: 2,4,5	384	GCATCTCGTGGAATGC-1
branch: 2,4,5	385	AGTCAACAGTGGACTG-1
branch: 2,4,5	386	TATCTGTTCCCATGGG-1
branch: 2,4,5	387	GTAGATCTCACTGTCC-1
branch: 2,4,5	388	CATTGTTCACTCCTGT-1
branch: 2,4,5	389	TCCTCGAGTCAGACGA-1
branch: 2,4,5	390	AGCCAGCAGATTGATG-1
branch: 2,4,5	391	ATCTTCAGTACCTATG-1
branch: 2,4,5	392	TGCTCCATCGGACTTA-1
branch: 2,4,5	393	GATTCGATCACGACTA-1
branch: 2,4,5	394	TACGTCCCACCCGTAG-1
branch: 2,4,5	395	AAACGCTTCCATCTGC-1
branch: 2,4,5	396	TACTTCACATAGTCAC-1
branch: 2,4,5	397	CCACACTGTCTTTATC-1
branch: 2,4,5	398	CTAACCCGTTCGCGTG-1
branch: 2,4,5	399	CTTCAATAGTCCCAGC-1
branch: 2,4,5	400	GCTGCAGCAGTCCCGA-1
branch: 2,4,5	401	TACCGAATCGTTACCC-1
branch: 2,4,5	402	CGCATAAGTCCGTACG-1
branch: 2,4,5	403	ACATGCAGTGCTGCAC-1
branch: 2,4,5	404	TACGGGCTCGCCTTTG-1
branch: 2,4,5	405	TGAATCGTCCATGCAA-1
branch: 2,4,5	406	ACACAGTGTAGGCAGT-1
branch: 2,4,5	407	TCAGTTTAGAGCCCAA-1
branch: 2,4,5	408	CCACGTTCAAACACGG-1
branch: 2,4,5	409	CTCATTAAGCCTAGGA-1
branch: 2,4,5	410	CAACAGTGTGGTATGG-1
branch: 2,4,5	411	CAATCGACATCGCTAA-1
branch: 2,4,5	412	AAAGAACAGGCAATGC-1
branch: 2,4,5	413	GTTGTGAGTCGCAGTC-1
branch: 2,4,5	414	CTACTATAGTATAGAC-1
branch: 2,4,5	415	ATGCGATGTCTAACGT-1
branch: 2,4,5	416	TACACCCTCCACAAGT-1
branch: 2,4,5	417	CATAGACTCACTCTTA-1
branch: 2,4,5	418	TAGGTTGCACCGTGCA-1
branch: 2,4,5	419	AGATCGTTCGTGTGGC-1
branch: 2,4,5	420	AGTACTGCAGTGTACT-1
branch: 2,4,5	421	TGATCAGCATGACGAG-1
branch: 2,4,5	422	ACGGGTCAGTCACTGT-1
branch: 2,4,5	423	GAACACTTCCTGTTGC-1
branch: 2,4,5	424	AGGTTGTCATAGCACT-1
branch: 2,4,5	425	TCTGCCAAGGCCACTC-1
branch: 2,4,5	426	GATTTCTAGTATGGAT-1
branch: 2,4,5	427	CCTATCGAGCATTGAA-1
branch: 2,4,5	428	GGCTTTCGTACCGTGC-1
branch: 2,4,5	429	GAGAGGTTCTTCCACG-1
branch: 2,4,5	430	ATCGTGATCACTTGTT-1
branch: 2,4,5	431	TATCAGGAGATGTAGT-1
branch: 2,4,5	432	ACACTGAAGCAGTACG-1
branch: 2,4,5	433	GTCGCGAAGACTCATC-1
branch: 2,4,5	434	CTGGCAGTCTTCGCTG-1
branch: 2,4,5	435	CTATAGGGTCAGGCAA-1
branch: 2,4,5	436	GTAGTACAGACGACGT-1
branch: 2,4,5	437	CTACCTGTCTCAGTCC-1
branch: 2,4,5	438	GAGTCATTCATGGATC-1
branch: 2,4,5	439	AAGGTAATCGTTCCTG-1
branch: 2,4,5	440	GTGTCCTAGACCAAAT-1
branch: 2,4,5	441	TTGGGTATCTTACACT-1
branch: 2,4,5	442	TACGTCCAGTAGACAT-1
branch: 2,4,5	443	AAAGGATCATGCTGCG-1
branch: 2,4,5	444	CTCAAGAGTCAGTCGC-1
branch: 2,4,5	445	ATTATCCAGTGCACAG-1
branch: 2,4,5	446	TGGGTTATCAACTACG-1
branch: 2,4,5	447	ACCGTTCTCCACCTGT-1
branch: 2,4,5	448	TTAATCCCACTAGAGG-1
branch: 2,4,5	449	GCTCAAATCCGTAATG-1
branch: 2,4,5	450	TAGGAGGCAGGCTACC-1
branch: 2,4,5	451	CAAGAGGGTATTCCGA-1
branch: 2,4,5	452	CGAGTGCTCACCTGTC-1
branch: 2,4,5	453	TCGAAGTCATGGGATG-1
branch: 2,4,5	454	TCATCATCACTGAGTT-1
branch: 2,4,5	455	TGTTCTAGTGAGCAGT-1
branch: 2,4,5	456	GACCCAGTCGACGTCG-1
branch: 2,4,5	457	ATGGAGGGTTGCATGT-1
branch: 2,4,5	458	TTCTAGTCATTCGGGC-1
branch: 2,4,5	459	CACTTCGAGCAATAGT-1
branch: 2,4,5	460	GGTCACGAGGCTTTCA-1
branch: 2,4,5	461	CCTGTTGTCCCAAGCG-1
branch: 2,4,5	462	AACGGGATCTACTTCA-1
branch: 2,4,5	463	TTCGATTCACGGCTAC-1
branch: 2,4,5	464	GATCAGTGTTTGGGTT-1
branch: 2,4,5	465	AGATCGTCAATCTGCA-1
branch: 2,4,5	466	AACAACCTCCCTTGTG-1
branch: 2,4,5	467	CCCTCTCTCACTTATC-1
branch: 2,4,5	468	CTCCATGGTGGTTTGT-1
branch: 2,4,5	469	TTCTTCCCAAGGCGTA-1
branch: 2,4,5	470	AACGGGAAGTGCACTT-1
branch: 2,4,5	471	TTGGGATCAAGACGAC-1
branch: 2,4,5	472	AATGGCTTCTGAACGT-1
branch: 2,4,5	473	TCCACCATCATTCGGA-1
branch: 2,4,5	474	GTCTACCAGGGAGGAC-1
branch: 2,4,5	475	CACTGGGAGCGGGTTA-1
branch: 2,4,5	476	ATTGGGTAGAGCCCAA-1
branch: 2,4,5	477	CAGTGCGAGAGAGGGC-1
branch: 2,4,5	478	AATCGACGTAGCTGAG-1
branch: 2,4,5	479	GGAGAACCAGCTTTGA-1
branch: 2,4,5	480	CAATACGTCCACCCTA-1
branch: 2,4,5	481	GTTAGACTCATTGTGG-1
branch: 2,4,5	482	TATTTCGTCTCACCCA-1
branch: 2,4,5	483	AGTCACAAGCTACGTT-1
branch: 2,4,5	484	AAGCCATGTCACGTGC-1
branch: 2,4,5	485	CGAAGTTCAAGTATCC-1
branch: 2,4,5	486	TGTCAGATCACTTTGT-1
branch: 2,4,5	487	CGCGTGACACTTGTCC-1
branch: 2,4,5	488	AGGAAATAGAGCAACC-1
branch: 2,4,5	489	ATCTTCAAGCGATCGA-1
branch: 2,4,5	490	ATGCATGGTCGCATCG-1
branch: 2,4,5	491	AGCGATTAGGTGCCTC-1
branch: 2,4,5	492	ACTATCTTCCCAGGAC-1
branch: 2,4,5	493	TACGCTCAGCGACTGA-1
branch: 2,4,5	494	TCGTGCTTCTACCCAC-1
branch: 2,4,5	495	CGGAACCTCCATCACC-1
branch: 2,4,5	496	TTACGCCGTTGCCAAT-1
branch: 2,4,5	497	CTGCCATAGCAAGTCG-1
branch: 2,4,5	498	CAACCTCGTCAGGAGT-1
branch: 2,4,5	499	TCCCAGTCACGCTATA-1
branch: 2,4,5	500	GGAACCCGTGGCTACC-1
branch: 2,4,5	501	CACGTTCTCAAGCTGT-1
branch: 2,4,5	502	TCCTCCCTCGTTTACT-1
branch: 2,4,5	503	AAGGTAATCCTAAACG-1
branch: 2,4,5	504	AGAGAGCAGATGCTTC-1
branch: 2,4,5	505	CACTGGGAGCGGGTAT-1
branch: 2,4,5	506	AATCGTGCACAATGAA-1
branch: 2,4,5	507	GTTGAACTCCGGGACT-1
branch: 2,4,5	508	GTGCTTCAGGGTAGCT-1
branch: 2,4,5	509	CTTCTAAAGCCGGAAT-1
branch: 2,4,5	510	CATGCAACACAATTCG-1
branch: 2,4,5	511	TGGATGTTCCATTTGT-1
branch: 2,4,5	512	CAGCACGTCAAACGAA-1
branch: 2,4,5	513	ACATGCATCAGACAAA-1
branch: 2,4,5	514	TCATTACTCCTCAGGG-1
branch: 2,4,5	515	TAACTTCCACGACTAT-1
branch: 2,4,5	516	CAGGGCTCAGGCGATA-1
branch: 2,4,5	517	CAACAACTCCACTAGA-1
branch: 2,4,5	518	CATCCGTTCACTTTGT-1
branch: 2,4,5	519	TGTTCTATCGCGGTAC-1
branch: 2,4,5	520	GTGGCGTTCTGCGGGT-1
branch: 2,4,5	521	TCACGCTCAGTTACCA-1
branch: 2,4,5	522	TCTTAGTTCTCAGTCC-1
branch: 2,4,5	523	AATAGAGGTGGCCACT-1
branch: 2,4,5	524	TTACCATGTACTCGCG-1
branch: 2,4,5	525	CACAGATAGACCATAA-1
branch: 2,4,5	526	TTACCATGTCATCGCG-1
branch: 2,4,5	527	CGTTCTGGTTGCCTAA-1
branch: 2,4,5	528	ACGGGTCAGTAGGGTC-1
branch: 2,4,5	529	TCATTTGAGCAACAGC-1
branch: 2,4,5	530	TGTTACTGTTGGATCT-1
branch: 2,4,5	531	CAATGACAGGAACGTC-1
branch: 2,4,5	532	CTGTGAAAGGAAGTAG-1
branch: 2,4,5	533	CCCTAACGTGACGCCT-1
branch: 2,4,5	534	CCCGAAGGTAGCTGAG-1
branch: 2,4,5	535	GGGAGATCATGGCGCT-1
branch: 2,4,5	536	TAGAGTCCAACCCTCT-1
branch: 2,4,5	537	AAGGTAAAGAAGAACG-1
branch: 2,4,5	538	TCAAGCAAGACGAGCT-1
branch: 2,4,5	539	TGAACGTTCGAGCCAC-1
branch: 2,4,5	540	ACTTTGTTCCGAGAAG-1
branch: 2,4,5	541	TTCTTGACAGGTCCGT-1
branch: 2,4,5	542	TGCGATAGTATGTGTC-1
branch: 2,4,5	543	TGCATGAGTGGTACAG-1
branch: 2,4,5	544	TTGAACGTCCAAGCTA-1
branch: 2,4,5	545	AACGGGAAGGAGGCAG-1
branch: 2,4,5	546	TTCTAACTCCTGCTAC-1
branch: 2,4,5	547	GATTCTTAGGATTCCT-1
branch: 2,4,5	548	TGAGCGCTCTGAGGCC-1
branch: 2,4,5	549	AGCTTCCAGTTGGAAT-1
branch: 2,4,5	550	CAACCTCAGTGTTCAC-1
branch: 2,4,5	551	CATACAGAGAGCATCG-1
branch: 2,4,5	552	CTATCCGCATTAAAGG-1
branch: 2,4,5	553	CTACATTAGTTAACAG-1
branch: 2,4,5	554	GATGTTGGTGTCCATA-1
branch: 2,4,5	555	GAGTTGTTCATGGTAC-1
branch: 2,4,5	556	GTGAGGAGTCCAAAGG-1
branch: 2,4,5	557	TCAGCAAGTGTTGACT-1
branch: 2,4,5	558	TTTCGATCAAAGTATG-1
branch: 2,4,5	559	CAGGGCTCATACATCG-1
branch: 2,4,5	560	GCCATTCGTCTACAGT-1
branch: 2,4,5	561	ACATCCCAGCTGAGCA-1
branch: 2,4,5	562	CATACAGTCGCTTACC-1
branch: 2,4,5	563	GTGTTAGGTGTTCGTA-1
branch: 2,4,5	564	ATTCCTATCTTTGATC-1
branch: 2,4,5	565	ACGGGTCTCTGTCCGT-1
branch: 2,4,5	566	CGTCCATCAGATTTCG-1
branch: 2,4,5	567	AGAACAATCTTTCCAA-1
branch: 2,4,5	568	ATGATCGTCATCACCC-1
branch: 2,4,5	569	TTCAATCAGGGATGTC-1
branch: 2,4,5	570	TGGTAGTAGTGCTCGC-1
branch: 2,4,5	571	TGGAACTCAGCTGTAT-1
branch: 2,4,5	572	AGTAGCTGTGTGTGGA-1
branch: 2,4,5	573	AGCTACACAGACTGCC-1
branch: 2,4,5	574	GGGTTATAGTGATGGC-1
branch: 2,4,5	575	CCCTAACCATGTGTCA-1
branch: 2,4,5	576	AAGGTAACAAGAAATC-1
branch: 2,4,5	577	AGGAGGTGTATCATGC-1
branch: 2,4,5	578	ATCGTCCCATCAGCGC-1
branch: 2,4,5	579	TCATACTTCTCACGAA-1
branch: 2,4,5	580	GTTGTCCTCGGCCCAA-1
branch: 2,4,5	581	CAATTTCTCCCTAGGG-1
branch: 2,4,5	582	ATTGGGTCAGCCCACA-1
branch: 2,4,5	583	ATCGATGAGACTTGTC-1
branch: 2,4,5	584	GATGACTCATCGTTCC-1
branch: 2,4,5	585	GTCGTTCCATTCGGGC-1
branch: 2,4,5	586	GACCGTGCACTGCGTG-1
branch: 2,4,5	587	AACCCAAGTATCGTAC-1
branch: 2,4,5	588	AATTCCTCAAGGCCTC-1
branch: 2,4,5	589	TGGTAGTCAGCAGTTT-1
branch: 2,4,5	590	GGTGTTACACGCTGCA-1
branch: 2,4,5	591	GTAGATCAGCGCCCAT-1
branch: 2,4,5	592	CCACTTGTCGCGTTTC-1
branch: 2,4,5	593	ACACTGAGTGGTATGG-1
branch: 2,4,5	594	AAGGTAAAGGCCTAAG-1
branch: 2,4,5	595	CATGAGTAGAACTTCC-1
branch: 2,4,5	596	TTGTTGTAGGCATCGA-1
branch: 2,4,5	597	GGTCTGGAGGGACAGG-1
branch: 2,4,5	598	TGTCCACGTTCCTTGC-1
branch: 2,4,5	599	TCCTTTCTCCGCTGTT-1
branch: 2,4,5	600	CCTCTCCCAGAGTAAT-1
branch: 2,4,5	601	TCATTGTAGACATCCT-1
branch: 2,4,5	602	AGTCACAGTATTGCCA-1
branch: 2,4,5	603	GGGACAATCACAACCA-1
branch: 2,4,5	604	GGGTATTAGCGCCTCA-1
branch: 2,4,5	605	AGACCATGTTTCACAG-1
branch: 2,4,5	606	TCTTCCTCATACTGTG-1
branch: 2,4,5	607	TCGTCCAAGACTACGG-1
branch: 2,4,5	608	CAGATTGCAGGTGACA-1
branch: 2,4,5	609	TCGGGTGGTCCCGGTA-1
branch: 2,4,5	610	TCAAGTGTCTCCTGTG-1
branch: 2,4,5	611	TGTCCTGCACGATAGG-1
branch: 2,4,5	612	TCTACCGAGAGTTCGG-1
branch: 2,4,5	613	AAGTCGTTCTGTCGCT-1
branch: 2,4,5	614	CTCAGGGGTCTACAGT-1
branch: 2,4,5	615	TCATGTTAGATCCCAT-1
branch: 2,4,5	616	GGGCTACCACTACCCT-1
branch: 2,4,5	617	GTTAGACAGTCCCAGC-1
branch: 2,4,5	618	CAGGTATCAGCTCTGG-1
branch: 2,4,5	619	AAAGAACCATCCTTCG-1
branch: 2,4,5	620	AAGACTCCAATTTCCT-1
branch: 2,4,5	621	TGTTCCGCACGGAAGT-1
branch: 2,4,5	622	ACAGGGATCACGGGAA-1
branch: 2,4,5	623	GGCACGTAGAAGCGCT-1
branch: 2,4,5	624	GTCCACTTCGCGCCAA-1
branch: 2,4,5	625	TACCTCGAGTGGCGAT-1
branch: 2,4,5	626	TTAATCCGTGTGTGTT-1
branch: 2,4,5	627	CGTGAATCAACTACGT-1
branch: 2,4,5	628	AACAAAGGTGCCCAGT-1
branch: 2,4,5	629	CTGCCATCATCCGGTG-1
branch: 2,4,5	630	ATCTCTATCCACTAGA-1
branch: 2,4,5	631	AGAAGCGCAGACGATG-1
branch: 2,4,5	632	GCACATAAGCGTGTCC-1
branch: 2,4,5	633	TCAAGCACACGCAAAG-1
branch: 2,4,5	634	TTTACCAGTTATGTCG-1
branch: 2,4,5	635	CCTAACCAGCATCGAG-1
branch: 2,4,5	636	AACCTGAAGCTGAGTG-1
branch: 2,4,5	637	AACCAACGTGACCGTC-1
branch: 2,4,5	638	GTCTACCTCAATCCGA-1
branch: 2,4,5	639	CTAGGTACACTGGACC-1
branch: 2,4,5	640	CCACGAGAGTAAAGCT-1
branch: 2,4,5	641	TATTCCAGTGGTCCGT-1
branch: 2,4,5	642	TATCTGTCAAGTGCAG-1
branch: 2,4,5	643	TCGGATACACGCCAGT-1
branch: 2,4,5	644	CCTCTAGGTCTTGGTA-1
branch: 2,4,5	645	CACCAAAGTATCGAGG-1
branch: 2,4,5	646	CTCAACCTCTATTTCG-1
branch: 2,4,5	647	GTTGCTCGTATCGAAA-1
branch: 2,4,5	648	TCTTGCGGTTAGTCGT-1
branch: 2,4,5	649	GTAGAGGTCAGAATAG-1
branch: 2,4,5	650	CGCGTGAGTGGCAACA-1
branch: 2,4,5	651	GAGGGATTCCCTCGAT-1
branch: 2,4,5	652	GTATTGGAGTAAACTG-1
branch: 2,4,5	653	GACAGCCCATTATGCG-1
branch: 2,4,5	654	GAGGGTATCATGAAAG-1
branch: 2,4,5	655	ACGATGTCAACAGCCC-1
branch: 2,4,5	656	AACAAAGCAGCTGGTC-1
branch: 2,4,5	657	CCTATCGTCCTCTAAT-1
branch: 2,4,5	658	GTAAGTCTCATTATCC-1
branch: 2,4,5	659	TACAACGAGTCTTCGA-1
branch: 2,4,5	660	GAATCACTCGTGACTA-1
branch: 2,4,5	661	CATACCCAGCCTCATA-1
branch: 2,4,5	662	ACGATGTTCCATTCAT-1
branch: 2,4,5	663	AGTAACCAGATGCAGC-1
branch: 2,4,5	664	AACACACGTACATTGC-1
branch: 2,4,5	665	TGATCAGAGCAGGTCA-1
branch: 2,4,5	666	GCGGAAACAGTAGGAC-1
branch: 2,4,5	667	AGTGACTGTGCAATGG-1
branch: 2,4,5	668	CAGTTCCTCCCTTGTG-1
branch: 2,4,5	669	GGCTGTGTCTTCGATT-1
branch: 2,4,5	670	TCTGGCTAGCCAAGCA-1
branch: 2,4,5	671	CAAGAGGGTTGACTAC-1
branch: 2,4,5	672	TACCCACGTCAAATCC-1
branch: 2,4,5	673	CACGGGTCACTCCGAG-1
branch: 2,4,5	674	TCACACCGTGATGTAA-1
branch: 2,4,5	675	TCACGGGTCCATAGAC-1
branch: 2,4,5	676	CAATTTCGTGGCCACT-1
branch: 2,4,5	677	ACAGAAATCTCAATCT-1
branch: 2,4,5	678	ACAAAGATCGTTCTGC-1
branch: 2,4,5	679	GTTGTAGTCACTACTT-1
branch: 2,4,5	680	AGTTCCCCATTGAAGA-1
branch: 2,4,5	681	TCTTTGACAGATTAAG-1
branch: 2,4,5	682	TCATGCCAGCCTTCTC-1
branch: 2,4,5	683	GTTTGGAAGTCTCGTA-1
branch: 2,4,5	684	TTGTGTTTCCAGTTCC-1
branch: 2,4,5	685	AGCGTCGGTCTGCAAT-1
branch: 2,4,5	686	GTGCGTGCACCGTCTT-1
branch: 2,4,5	687	TTTCGATGTGGAATGC-1
branch: 2,4,5	688	CACGTTCGTGGATCGA-1
branch: 2,4,5	689	GTCGTAACAATGACCT-1
branch: 2,4,5	690	TTCATGTGTCGTGGAA-1
branch: 2,4,5	691	GAACTGTCACTACAGT-1
branch: 2,4,5	692	TACCCACTCAGTGGGA-1
branch: 2,4,5	693	TCTATCAGTAGAGATT-1
branch: 2,4,5	694	AAACGAATCGACGACC-1
branch: 2,4,5	695	CAGGGCTCACCGGTCA-1
branch: 2,4,5	696	ACTTCGCAGTTAACGA-1
branch: 2,4,5	697	AGATGCTCATCAGCAT-1
branch: 2,4,5	698	GATCATGCATAACCCA-1
branch: 2,4,5	699	CCACGTTTCGGTCGGT-1
branch: 2,4,5	700	TATACCTTCTTGCAGA-1
branch: 2,4,5	701	CATTCATAGTATCCTG-1
branch: 2,4,5	702	TGGAGAGAGAGAGCGG-1
branch: 2,4,5	703	GGGATCCAGTCGCTAT-1
branch: 2,4,5	704	ACGGTTAAGATCCGAG-1
branch: 2,4,5	705	TCGGGACCAGCTGGTC-1
branch: 2,4,5	706	CGAGGCTTCCCGTGAG-1
branch: 2,4,5	707	CCACACTTCCGTGTGG-1
branch: 2,4,5	708	TTGCATTTCATGGATC-1
branch: 2,4,5	709	CACGAATAGAACCCGA-1
branch: 2,4,5	710	CATAGACCACATTCGA-1
branch: 2,4,5	711	GTGTTAGTCACCACAA-1
branch: 2,4,5	712	ACAAGCTTCTCGAGTA-1
branch: 2,4,5	713	AGTAGTCTCCTTCAGC-1
branch: 2,4,5	714	TTGTGTTAGTATCTGC-1
branch: 2,4,5	715	ACAAGCTAGATCCTAC-1
branch: 2,4,5	716	GACCAATGTCCGAAGA-1
branch: 2,4,5	717	TCCGGGATCAAGTGTC-1
branch: 2,4,5	718	TGGAGAGCAGGAGGAG-1
branch: 2,4,5	719	GCAGTTATCCGCTGTT-1
branch: 2,4,5	720	CTTCTCTAGTCTGGAG-1
branch: 2,4,5	721	GCCAGGTTCTGTGCTC-1
branch: 2,4,5	722	TTCACGCTCTAGACAC-1
branch: 2,4,5	723	CCTTTGGGTATTCCTT-1
branch: 2,4,5	724	GGGAGATAGACTGTTC-1
branch: 2,4,5	725	GTGTTAGCACTGCGAC-1
branch: 2,4,5	726	CTCACTGTCGTTCCCA-1
branch: 2,4,5	727	CCGAACGGTACGATCT-1
branch: 2,4,5	728	CATTGTTTCGCGCTGA-1
branch: 2,4,5	729	TACTTACCACATGACT-1
branch: 2,4,5	730	CAGATTGTCGCAATTG-1
branch: 2,4,5	731	TCACGGGTCGCCAGTG-1
branch: 2,4,5	732	AGGGCCTAGCAGCAGT-1
branch: 2,4,5	733	TCAGCCTCATATGCGT-1
branch: 2,4,5	734	CTCAAGATCAGCTGAT-1
branch: 2,4,5	735	AGATCCAAGGAACTAT-1
branch: 2,4,5	736	CACTTCGTCTTACCGC-1
branch: 2,4,5	737	CGAAGTTTCCCTTTGG-1
branch: 2,4,5	738	TGATCAGAGCTAGTTC-1
branch: 2,4,5	739	ATTCATCAGAGAGTGA-1
branch: 2,4,5	740	ACGGAAGAGGAACGAA-1
branch: 2,4,5	741	TGCATCCGTGTACAGG-1
branch: 2,4,5	742	ATTTCACAGGTTACAA-1
branch: 2,4,5	743	GTTGTGACATGGAAGC-1
branch: 2,4,5	744	TTGGTTTGTGCCCAGT-1
branch: 2,4,5	745	CATGCTCAGATGCAGC-1
branch: 2,4,5	746	GGAGGTACAAGCTCTA-1
branch: 2,4,5	747	TCGCTTGCACGTAACT-1
branch: 2,4,5	748	AATGGAACAAAGCTCT-1
branch: 2,4,5	749	ATTACTCAGACGCCCT-1
branch: 2,4,5	750	GGAATGGGTATTCCTT-1
branch: 2,4,5	751	GTAGTACTCAATCCGA-1
branch: 2,4,5	752	CGAGGAAGTGCTGTCG-1
branch: 2,4,5	753	TCTGCCAGTAACATGA-1
branch: 2,4,5	754	AATTCCTTCAGAACCT-1
branch: 2,4,5	755	AATTCCTTCTCATGCC-1
branch: 2,4,5	756	AGAGAATCAAGTTGGG-1
branch: 2,4,5	757	GTAGCTAAGACTTGTC-1
branch: 2,4,5	758	GATGGAGGTAGTCTTG-1
branch: 2,4,5	759	CATCAAGGTGGTACAG-1
branch: 2,4,5	760	GTCCACTCAAGCTGCC-1
branch: 2,4,5	761	AAGCGTTCACACGGAA-1
branch: 2,4,5	762	ACGGTCGAGTTTGCTG-1
branch: 2,4,5	763	AGACAGGGTCTAACGT-1
branch: 2,4,5	764	TTGACCCTCTAAGCGT-1
branch: 2,4,5	765	CTCATTACAAAGGTTA-1
branch: 2,4,5	766	AGTGATCCACCTGATA-1
branch: 2,4,5	767	ACGTACAAGAAGCGGG-1
branch: 2,4,5	768	TTTACCATCCACGTCT-1
branch: 2,4,5	769	CTACCTGCAGTAACCT-1
branch: 2,4,5	770	TCTCAGCTCGAAGAAT-1
branch: 2,4,5	771	ATATCCTAGCACTCAT-1
branch: 2,4,5	772	CAGTGCGTCCGCGGAT-1
branch: 2,4,5	773	CTCAACCCACCTCAGG-1
branch: 2,4,5	774	AAGCGTTAGGTCGTCC-1
branch: 2,4,5	775	TAAGCACTCTCGTGGG-1
branch: 2,4,5	776	CCAATTTCAGGACGAT-1
branch: 2,4,5	777	CCTATCGTCTTGTGCC-1
branch: 2,4,5	778	AGGCTGCTCCTCGCAT-1
branch: 2,4,5	779	CAGCCAGGTATTAAGG-1
branch: 2,4,5	780	TGATTCTAGGAAGTGA-1
branch: 2,4,5	781	CATACAGAGCTAATGA-1
branch: 2,4,5	782	GGGACTCAGGATTCCT-1
branch: 2,4,5	783	GGGATGAAGTGAGCCA-1
branch: 2,4,5	784	GAGAGGTTCTCGGGAC-1
branch: 2,4,5	785	CGGGTGTGTTTCCAAG-1
branch: 2,4,5	786	ATCTCTACAGTGGCTC-1
branch: 2,4,5	787	TATCGCCCATAGGTAA-1
branch: 2,4,5	788	TCGGGACAGAAATGGG-1
branch: 2,4,5	789	GATCAGTTCTTAGGAC-1
branch: 2,4,5	790	TATACCTCACGGTCTG-1
branch: 2,4,5	791	AGCTACATCTGCAGCG-1
branch: 2,4,5	792	GGGACTCAGGAAGTAG-1
branch: 2,4,5	793	TCAGCAATCGGCCTTT-1
branch: 2,4,5	794	GGGCGTTAGACGACTG-1
branch: 2,4,5	795	CTACCTGAGTAGGATT-1
branch: 2,4,5	796	GTTTACTCACATTCGA-1
branch: 2,4,5	797	GTTCGCTTCGTAGAGG-1
branch: 2,4,5	798	TGGAGAGGTGACCTGC-1
branch: 2,4,5	799	AGGTAGGGTGACTAAA-1
branch: 2,4,5	800	TCCTCTTAGCTGGTGA-1
branch: 2,4,5	801	TTCCACGAGAAGCGGG-1
branch: 2,4,5	802	TACGTCCTCCTTATGT-1
branch: 2,4,5	803	GCATTAGGTGAAGCGT-1
branch: 2,4,5	804	ATGCCTCGTCCGGATC-1
branch: 2,4,5	805	ACAACCAAGCACCTGC-1
branch: 2,4,5	806	GATGAGGTCCGGCAGT-1
branch: 2,4,5	807	TCCTCGACACAGAGAC-1
branch: 2,4,5	808	AGCGCTGTCCTAGCTC-1
branch: 2,4,5	809	CATAGACCAGGTCTCG-1
branch: 2,4,5	810	TGAGGTTAGAGCTGCA-1
branch: 2,4,5	811	GAGGCAAGTGGCCTCA-1
branch: 2,4,5	812	GTGACGCAGGTCGTAG-1
branch: 2,4,5	813	ACGATGTGTAAGTCAA-1
branch: 2,4,5	814	AGGTTGTTCCATCACC-1
branch: 2,4,5	815	TGGGAGAAGAAGAACG-1
branch: 2,4,5	816	CGAGGAAGTCCAGCCA-1
branch: 2,4,5	817	TAATTCCGTTACCCTC-1
branch: 2,4,5	818	AAGTACCCAAAGTGTA-1
branch: 2,4,5	819	TGAACGTGTTCATCGA-1
branch: 2,4,5	820	ACAACCATCTGGGAGA-1
branch: 2,4,5	821	CGGAGAAGTTAGAAGT-1
branch: 2,4,5	822	TCTCAGCCACGGTAGA-1
branch: 2,4,5	823	CTTTCGGAGTTGTCAC-1
branch: 2,4,5	824	CAGCCAGCAGCTTCCT-1
branch: 2,4,5	825	GAGGCCTTCATCTCTA-1
branch: 2,4,5	826	ATGACCACACTTGTCC-1
branch: 2,4,5	827	GGGAAGTTCCACATAG-1
branch: 2,4,5	828	GTCTCACGTACCAGAG-1
branch: 2,4,5	829	AACCTTTGTGGCACTC-1
branch: 2,4,5	830	CCTGTTGAGCTATCCA-1
branch: 2,4,5	831	AATCACGGTCTACAGT-1
branch: 2,4,5	832	CGAATTGAGAAACACT-1
branch: 2,4,5	833	GGAATGGAGTGCACCC-1
branch: 2,4,5	834	TCAGTCCGTCTTGCGG-1
branch: 2,4,5	835	TTGCTGCAGGGTACGT-1
branch: 2,4,5	836	TCACTCGCAAGATGTA-1
branch: 2,4,5	837	GCATCTCGTCATCGGC-1
branch: 2,4,5	838	GTACAACCAAGACCGA-1
branch: 2,4,5	839	GAGTTACCATAATGAG-1
branch: 2,4,5	840	ATCGTCCAGGCCTGCT-1
branch: 2,4,5	841	TTTATGCAGCTGAAAT-1
branch: 2,4,5	842	GTTCTATAGTGGTGAC-1
branch: 2,4,5	843	GAAGGACAGTGCCGAA-1
branch: 2,4,5	844	GGTCTGGGTTGAAGTA-1
branch: 2,4,5	845	AAGTTCGCAAAGACGC-1
branch: 2,4,5	846	CACTGGGAGATTGAGT-1
branch: 2,4,5	847	TGAGACTCAGGTGAGT-1
branch: 2,4,5	848	CTACTATAGATGACCG-1
branch: 2,4,5	849	AACAACCTCAGACCGC-1
branch: 2,4,5	850	ACATCCCGTGCTATTG-1
branch: 2,4,5	851	GTAACCAGTCAGGTAG-1
branch: 2,4,5	852	CTCATTACAATGCAGG-1
branch: 2,4,5	853	TGAGCATCACATATCG-1
branch: 2,4,5	854	GATCCCTCAGCCGTCA-1
branch: 2,4,5	855	CTCCTCCCATGCGTGC-1
branch: 2,4,5	856	TGTGTGATCAAATAGG-1
branch: 2,4,5	857	TTGTTCATCGGCCTTT-1
branch: 2,4,5	858	AGTACCATCCGCCTAT-1
branch: 2,4,5	859	ATCCACCGTAACAAGT-1
branch: 2,4,5	860	CCGTTCACAGCTGCCA-1
branch: 2,4,5	861	ATTACCTAGTATTCCG-1
branch: 2,4,5	862	GAGGGTATCTAAGCGT-1
branch: 2,4,5	863	AGGCTGCAGCTTAAGA-1
branch: 2,4,5	864	TATCAGGTCCCGGTAG-1
branch: 2,4,5	865	TATCCTAAGCCATTTG-1
branch: 2,4,5	866	TTGCCTGAGAGAGCAA-1
branch: 2,4,5	867	AGCGATTAGGCCTGCT-1
branch: 2,4,5	868	TCTCACGTCCAACCGG-1
branch: 2,4,5	869	ATCGCCTCACTGTGAT-1
branch: 2,4,5	870	GAACTGTCAGTTGAAA-1
branch: 2,4,5	871	ACACCAATCATGAGTC-1
branch: 2,4,5	872	TTACCGCTCGTCTCAC-1
branch: 2,4,5	873	CAGAGCCGTGTCATCA-1
branch: 2,4,5	874	GTAACACGTCCAGAAG-1
branch: 2,4,5	875	CAACAGTCAGATCCTA-1
branch: 2,4,5	876	AAGAACAGTGCCTATA-1
branch: 2,4,5	877	ACTATTCGTGTAACGG-1
branch: 2,4,5	878	CAATTTCGTACAGCGA-1
branch: 2,4,5	879	TCCTTCTTCGGTCAGC-1
branch: 2,4,5	880	ACCTACCCACTTCTCG-1
branch: 2,4,5	881	TCAGGGCGTCTTGAGT-1
branch: 2,4,5	882	GTTAGTGCATCCTCAC-1
branch: 2,4,5	883	ACAACCACACGGTCTG-1
branch: 2,4,5	884	TCCACCACATCGTCCT-1
branch: 2,4,5	885	TTACGTTTCTCTTAAC-1
branch: 2,4,5	886	AGCTTCCCAACGGCCT-1
branch: 2,4,5	887	CTTGAGAAGGACGGAG-1
branch: 2,4,5	888	GTGAGGATCTTCCACG-1
branch: 2,4,5	889	TACTTGTCATGTCTAG-1
branch: 2,4,5	890	CTACCCAGTGGATGAC-1
branch: 2,4,5	891	CCTTGTGTCATGACAC-1
branch: 2,4,5	892	CTTAGGAAGCAAATCA-1
branch: 2,4,5	893	CTAGGTACAATCTAGC-1
branch: 2,4,5	894	CTTCCTTAGCTGACCC-1
branch: 2,4,5	895	CCTGTTGTCAGGTAAA-1
branch: 2,4,5	896	TCGACGGTCTGGTCAA-1
branch: 2,4,5	897	CGGAATTAGTCCGTCG-1
branch: 2,4,5	898	TCCATCGCAGAGGACT-1
branch: 2,4,5	899	AGTGATCGTCAGTTTG-1
branch: 2,4,5	900	AGGTGTTTCAATCTTC-1
branch: 2,4,5	901	TTCTAGTGTTTGAAAG-1
branch: 2,4,5	902	CTCTGGTTCTAGTTCT-1
branch: 2,4,5	903	TGAACGTCACATCATG-1
branch: 2,4,5	904	AGCTTCCCAATGACCT-1
branch: 2,4,5	905	CACACAAGTGAGATTA-1
branch: 2,4,5	906	TTTCATGTCGAGTGGA-1
branch: 2,4,5	907	TCATTGTCATACGCAT-1
branch: 2,4,5	908	TGGCGTGAGAGGTCAC-1
branch: 2,4,5	909	CTGATCCAGGTGATAT-1
branch: 2,4,5	910	GAAGCCCAGTAATACG-1
branch: 2,4,5	911	CCTCCAAGTCCCTGAG-1
branch: 2,4,5	912	TTCCTAAAGCTAAACA-1
branch: 2,4,5	913	GTAACACCAAGGCTTT-1
branch: 2,4,5	914	TCTAACTGTCTGTGGC-1
branch: 2,4,5	915	GAATAGAGTCTCCTGT-1
branch: 2,4,5	916	CTGCGAGAGACTACCT-1
branch: 2,4,5	917	GAGGGTATCGGTCAGC-1
branch: 2,4,5	918	AGCTACAGTAGCGATG-1
branch: 2,4,5	919	CAGGGCTCAAGTGGTG-1
branch: 2,4,5	920	GTCTGTCTCACGGGCT-1
branch: 2,4,5	921	TGATTCTCACAATGCT-1
branch: 2,4,5	922	TTTGTTGTCGCGTCGA-1
branch: 2,4,5	923	CAACCAATCTTCGTGC-1
branch: 2,4,5	924	CATAAGCCAATGGGTG-1
branch: 2,4,5	925	TATTCCAAGATGCGAC-1
branch: 2,4,5	926	CCTCCTCTCACAGTGT-1
branch: 2,4,5	927	TCGACCTGTGGCTGCT-1
branch: 2,4,5	928	CTCCGATGTGAGACGT-1
branch: 2,4,5	929	CGAATTGTCTTCGTGC-1
branch: 2,4,5	930	TTGCTGCAGTTCCAGT-1
branch: 2,4,5	931	CGGCAGTCACCAAATC-1
branch: 2,4,5	932	CTTCGGTCACCCTAGG-1
branch: 2,4,5	933	TCTATCACACCAAATC-1
branch: 2,4,5	934	GCATCTCAGTATTGCC-1
branch: 2,4,5	935	TACAACGCAAGGGCAT-1
branch: 2,4,5	936	TGCATCCAGTGCACTT-1
branch: 2,4,5	937	CACTGAACAAGATGGC-1
branch: 2,4,5	938	TCGATTTGTGATAGAT-1
branch: 2,4,5	939	CGAGTGCAGCATCGAG-1
branch: 2,4,5	940	GTGCACGAGTGCAGCA-1
branch: 2,4,5	941	AGTGTTGAGACTACGG-1
branch: 2,4,5	942	TCATTCAAGGTCCCTG-1
branch: 2,4,5	943	AAGCGTTTCTACGCGG-1
branch: 2,4,5	944	CAAGGGACACGGGCTT-1
branch: 2,4,5	945	CGAAGTTCAACACGTT-1
branch: 2,4,5	946	TGAACGTGTGCATTAC-1
branch: 2,4,5	947	ACAAAGAGTCCAGCCA-1
branch: 2,4,5	948	CAGCACGCATCGCTGG-1
branch: 2,4,5	949	TGAGCGCCACATTACG-1
branch: 2,4,5	950	ATGTCCCGTTTAGTCG-1
branch: 2,4,5	951	CCACGAGGTATCGTAC-1
branch: 2,4,5	952	CACGGGTGTGAAGCGT-1
branch: 2,4,5	953	AGACAGGGTATCTTCT-1
branch: 2,4,5	954	CGCATAAAGCGTGAGT-1
branch: 2,4,5	955	AAAGTGAGTAACGTTC-1
branch: 2,4,5	956	GAGTCATGTGTGAATA-1
branch: 2,4,5	957	GTCATTTGTGGCAGAT-1
branch: 2,4,5	958	TATACCTTCTCGACGG-1
branch: 2,4,5	959	TAACACGGTAGCTGTT-1
branch: 2,4,5	960	CCCTCTCAGTCCCGGT-1
branch: 2,4,5	961	GAGCTGCAGAGAGGTA-1
branch: 2,4,5	962	ATGACCAGTTCCACGG-1
branch: 2,4,5	963	GGAGCAAAGGTAGTAT-1
branch: 2,4,5	964	AGTCATGAGTCCCAGC-1
branch: 2,4,5	965	CCTCTAGCAGATACTC-1
branch: 2,4,5	966	CGGACACCAACACAGG-1
branch: 2,4,5	967	TGGGTTAGTCGAACAG-1
branch: 2,4,5	968	AATTCCTAGCACAAAT-1
branch: 2,4,5	969	ACAGCCGTCACTGCTC-1
branch: 2,4,5	970	TGATCAGCAAGTTCGT-1
branch: 2,4,5	971	GTGTTAGTCACTAGCA-1
branch: 2,4,5	972	CAACAACAGACAGCTG-1
branch: 2,4,5	973	TCTACCGTCCCTGTTG-1
branch: 2,4,5	974	TGGTAGTAGTTCCAGT-1
branch: 2,4,5	975	AACTTCTTCTGACCCT-1
branch: 2,4,5	976	GCGTGCACATCGAACT-1
branch: 2,4,5	977	AGGCCACTCGTTCGCT-1
branch: 2,4,5	978	AGGTTACAGATTGGGC-1
branch: 2,4,5	979	CGAATTGGTCACTCGG-1
branch: 2,4,5	980	CTGAATGGTTCCTACC-1
branch: 2,4,5	981	CATAAGCTCATGCGGC-1
branch: 2,4,5	982	TTCACGCCAATGAGCG-1
branch: 2,4,5	983	GCTACCTTCACCCTGT-1
branch: 2,4,5	984	TGGTACACAACTCCAA-1
branch: 2,4,5	985	GCAGGCTAGTTCGCAT-1
branch: 2,4,5	986	AGGACTTGTTTACCTT-1
branch: 2,4,5	987	GTCACTCTCCGCAACG-1
branch: 2,4,5	988	TCAGGTACAGCACAGA-1
branch: 2,4,5	989	GACTTCCTCTCTCTAA-1
branch: 2,4,5	990	AACCCAAGTTAGGACG-1
branch: 2,4,5	991	CTGCCATTCCGCAACG-1
branch: 2,4,5	992	CAATACGTCGATCCCT-1
branch: 2,4,5	993	AATTCCTCAGGTCTCG-1
branch: 2,4,5	994	TTCCGGTGTCAACCTA-1
branch: 2,4,5	995	TTTCGATAGGACTGGT-1
branch: 2,4,5	996	TGGGATTGTGCGAGTA-1
branch: 2,4,5	997	ACTGCAATCCGAGATT-1
branch: 2,4,5	998	CCTTCAGGTGGACCAA-1
branch: 2,4,5	999	TAACGACTCGCGTTTC-1
branch: 2,4,5	1000	ACTGATGCAACTTGGT-1
branch: 2,4,5	1001	ACAACCAAGCGCCCAT-1
branch: 2,4,5	1002	GACTCTCGTCAACCTA-1
branch: 2,4,5	1003	ATCCATTCATAATGCC-1
branch: 2,4,5	1004	GGAATCTGTAGCGCCT-1
branch: 2,4,5	1005	AGGATCTGTCACAGAG-1
branch: 2,4,5	1006	ACATTTCCATGAAGCG-1
branch: 2,4,5	1007	TCATGGATCGACCTAA-1
branch: 2,4,5	1008	TGTAGACAGCGATTCT-1
branch: 2,4,5	1009	CCGTTCATCCGTTTCG-1
branch: 2,4,5	1010	GGTTAACAGATACGAT-1
branch: 2,4,5	1011	CATACTTTCGTCGATA-1
branch: 2,4,5	1012	TGGGAGAGTAGCGTCC-1
branch: 2,4,5	1013	TAAGTCGGTTGAGAGC-1
branch: 2,4,5	1014	TTCACGCTCCATTTGT-1
branch: 2,4,5	1015	GGAGCAAGTCGCTCGA-1
branch: 2,4,5	1016	TACATTCGTTAAGGAT-1
branch: 2,4,5	1017	TCAGTCCTCGTGGTAT-1
branch: 2,4,5	1018	AGGACTTAGGGTGAGG-1
branch: 2,4,5	1019	CGAGTTAGTCAGTCGC-1
branch: 2,4,5	1020	TTCCGGTCAGCTGCCA-1
branch: 2,4,5	1021	GACCAATTCGAGAGCA-1
branch: 2,4,5	1022	CAACGGCCAGGGAATC-1
branch: 2,4,5	1023	TTACTGTCAAGTTCCA-1
branch: 2,4,5	1024	ATGTCTTTCGACGATT-1
branch: 2,4,5	1025	AGATGCTCACGACTAT-1
branch: 2,4,5	1026	GCATCTCCACGCACCA-1
branch: 2,4,5	1027	TAAGCGTGTGTGTTTG-1
branch: 2,4,5	1028	TAGACCAGTGTGTACT-1
branch: 2,4,5	1029	GATTTCTCACACAGCC-1
branch: 2,4,5	1030	GTAGAGGGTCATCACA-1
branch: 2,4,5	1031	GAGACTTGTAGTTCCA-1
branch: 2,4,5	1032	ATCGCCTTCGTGGCGT-1
branch: 2,4,5	1033	CGAGTTACAGACATCT-1
branch: 2,4,5	1034	AGCGCCAAGTAGGCCA-1
branch: 2,4,5	1035	AGGTCATTCCGCAAAT-1
branch: 2,4,5	1036	CGTAATGTCACGGAGA-1
branch: 2,4,5	1037	CAGCAGCGTCGGCTAC-1
branch: 2,4,5	1038	ATAGACCCAAGATTGA-1
branch: 2,4,5	1039	AATCGTGTCGACATAC-1
branch: 2,4,5	1040	AGGACGATCCGTTGAA-1
branch: 2,4,5	1041	TCAAGTGCAATAGTAG-1
branch: 2,4,5	1042	GTCACTCGTCAGTCTA-1
branch: 2,4,5	1043	TCATCCGGTTCCCACT-1
branch: 2,4,5	1044	TAAGCGTTCGAGAGAC-1
branch: 2,4,5	1045	GATCCCTGTCGCATGC-1
branch: 2,4,5	1046	CGAAGTTGTCCACAGC-1
branch: 2,4,5	1047	TTACGTTAGAGGCTGT-1
branch: 2,4,5	1048	GCAACATGTGTCCGTG-1
branch: 2,4,5	1049	TTGTTTGTCCAGCCTT-1
branch: 2,4,5	1050	CAGCACGAGTAAGCAT-1
branch: 2,4,5	1051	CGGGTGTAGGGCAATC-1
branch: 2,4,5	1052	CACCAAAGTTGGACCC-1
branch: 2,4,5	1053	AAGCGAGCATGCCGGT-1
branch: 2,4,5	1054	ACAGGGAAGAGGCGGA-1
branch: 2,4,5	1055	CGTGCTTGTCAAGCCC-1
